Workbook
Name j_1: #REF!
Name j_1: #REF!
Name j_10: #REF!
Name j_10: #REF!
Name j_100: #REF!
Name j_100: #REF!
Name j_101: #REF!
Name j_101: #REF!
Name j_102: #REF!
Name j_102: #REF!
Name j_103: #REF!
Name j_103: #REF!
Name j_104: #REF!
Name j_104: #REF!
Name j_105: #REF!
Name j_105: #REF!
Name j_106: #REF!
Name j_106: #REF!
Name j_107: #REF!
Name j_107: #REF!
Name j_108: #REF!
Name j_108: #REF!
Name j_109: #REF!
Name j_109: #REF!
Name j_11: #REF!
Name j_11: #REF!
Name j_110: #REF!
Name j_110: #REF!
Name j_111: #REF!
Name j_111: #REF!
Name j_112: #REF!
Name j_112: #REF!
Name j_113: #REF!
Name j_113: #REF!
Name j_114: #REF!
Name j_114: #REF!
Name j_115: #REF!
Name j_115: #REF!
Name j_116: #REF!
Name j_116: #REF!
Name j_117: #REF!
Name j_117: #REF!
Name j_118: #REF!
Name j_118: #REF!
Name j_119: #REF!
Name j_119: #REF!
Name j_12: #REF!
Name j_12: #REF!
Name j_120: #REF!
Name j_120: #REF!
Name j_121: #REF!
Name j_121: #REF!
Name j_122: #REF!
Name j_122: #REF!
Name j_123: #REF!
Name j_123: #REF!
Name j_124: #REF!
Name j_124: #REF!
Name j_125: #REF!
Name j_125: #REF!

Sheet G2M-1_v2
A1: can_rscf4_cfg.h CAN_CFG_ID_VALUE_5_MB### | B1: can_rscf4_cfg.h CAN_CFG_ID_VALUE_5_MB###2 | C1: can_rscf4_cfg.h CAN_CFG_ID_VALUE_5_MB###3 | D1: can_rscf4_cfg.h CAN_CFG_FILTER_MASK_VALUE_# | E1: 列1 | F1: 列2 | G1: 列3 | H1: 列4 | R1: Message Inf.
C2: 0x00000013 | D2: 0x00000000 | E2: 0 | F2: 19 | H2: 0x00000013
A3: CAN_CFG_ID_VALUE_5_MB059 | B3: 59 | C3: 0x00000013 | D3: 0x00000008 | E3: 8 | F3: 19 | H3: 0x0000001b | W3: G2M-1 | X3: G2M-2 | Y3: G5M
C4: 0x00000062 | D4: 0x00000000 | E4: 0 | F4: 98 | H4: 0x00000062 | I4: CAN ID | J4: Msg. Label | K4: FDF | L4: DLC | M4: Com. Trans. Cycle | N4: KZK Message/C-DC Only | Q4: CAN ID | R4: Msg. Label | S4: FDF | T4: DLC | U4: Com. Trans. Cycle | V4: KZK Message | W4: Cockpit Domain Controller | X4: Cockpit Domain Controller | Y4: Cockpit Domain Controller | AA4: Msg. Label | AB4: CAN ID | AC4: FDF | AD4: DLC | AE4: Com. Trans. Cycle | AF4: KZK Message/C-DC Only
A5: CAN_CFG_ID_VALUE_5_MB120 | B5: 120 | C5: 0x00000062 | D5: 0x00000008 | E5: 8 | F5: 98 | H5: 0x0000006a | I5: (11bit/29bit) | K5: (0/1) | L5: (dec) | M5: (ms) | N5: (0/1) | Q5: (11bit/29bit) | S5: (0/1) | T5: (dec) | U5: (ms) | V5: (0/1) | AB5: (11bit/29bit) | AC5: (0/1) | AD5: (dec) | AE5: (ms) | AF5: (0/1)
A6: CAN_CFG_ID_VALUE_5_MB143 | B6: 143 | C6: 0x00000069 | D6: 0x00000000 | E6: 0 | F6: 105 | H6: 0x00000069 | I6: =UPPER(RIGHT(H2,3)) -> 013 | J6: =VLOOKUP($I6,$Q$6:$Y$278,2,FALSE) -> BDC1S52 | K6: =VLOOKUP($I6,$Q$6:$Y$278,3,FALSE) -> 1 | L6: =VLOOKUP($I6,$Q$6:$Y$278,4,FALSE) -> 64 | M6: =VLOOKUP($I6,$Q$6:$Y$278,5,FALSE) -> - | N6: =VLOOKUP($I6,$Q$6:$Y$278,6,FALSE) -> 0 | P6: =COUNTIF($J$6:$J$278,R6) -> 1 | Q6: 013 | R6: BDC1S52 | S6: 1 | T6: 64 | U6: - | V6: 0 | W6: R | AA6: BDC1S52 | AB6: 013 | AC6: 1 | AD6: 64 | AE6: - | AF6: 0
C7: 0x00000086 | D7: 0x00000000 | E7: 0 | F7: 134 | H7: 0x00000086 | I7: =UPPER(RIGHT(H3,3)) -> 01B | J7: =VLOOKUP($I7,$Q$6:$Y$278,2,FALSE) -> BDC1S60 | K7: =VLOOKUP($I7,$Q$6:$Y$278,3,FALSE) -> 1 | L7: =VLOOKUP($I7,$Q$6:$Y$278,4,FALSE) -> 64 | M7: =VLOOKUP($I7,$Q$6:$Y$278,5,FALSE) -> - | N7: =VLOOKUP($I7,$Q$6:$Y$278,6,FALSE) -> 0 | P7: =COUNTIF($J$6:$J$278,R7) -> 1 | Q7: 01B | R7: BDC1S60 | S7: 1 | T7: 64 | U7: - | V7: 0 | W7: R | AA7: BDC1S60 | AB7: 01B | AC7: 1 | AD7: 64 | AE7: - | AF7: 0
A8: CAN_CFG_ID_VALUE_5_MB054 | B8: 54 | C8: 0x00000086 | D8: 0x00000100 | E8: 256 | F8: 134 | H8: 0x00000186 | I8: =UPPER(RIGHT(H4,3)) -> 062 | J8: =VLOOKUP($I8,$Q$6:$Y$278,2,FALSE) -> EPS1S11 | K8: =VLOOKUP($I8,$Q$6:$Y$278,3,FALSE) -> 1 | L8: =VLOOKUP($I8,$Q$6:$Y$278,4,FALSE) -> 64 | M8: =VLOOKUP($I8,$Q$6:$Y$278,5,FALSE) -> 10 | N8: =VLOOKUP($I8,$Q$6:$Y$278,6,FALSE) -> 1 | P8: =COUNTIF($J$6:$J$278,R8) -> 1 | Q8: 062 | R8: EPS1S11 | S8: 1 | T8: 64 | U8: 10 | V8: 1 | W8: R | AA8: EPS1S11 | AB8: 062 | AC8: 1 | AD8: 64 | AE8: 10 | AF8: 1
C9: 0x0000009C | D9: 0x00000000 | E9: 0 | F9: 156 | H9: 0x0000009c | I9: =UPPER(RIGHT(H5,3)) -> 06A | J9: =VLOOKUP($I9,$Q$6:$Y$278,2,FALSE) -> VSC1F01 | K9: =VLOOKUP($I9,$Q$6:$Y$278,3,FALSE) -> 1 | L9: =VLOOKUP($I9,$Q$6:$Y$278,4,FALSE) -> 32 | M9: =VLOOKUP($I9,$Q$6:$Y$278,5,FALSE) -> 10 | N9: =VLOOKUP($I9,$Q$6:$Y$278,6,FALSE) -> 1 | P9: =COUNTIF($J$6:$J$278,R9) -> 1 | Q9: 069 | R9: VSC1G12 | S9: 1 | T9: 32 | U9: 10 | V9: 1 | W9: R | AA9: VSC1F01 | AB9: 06A | AC9: 1 | AD9: 32 | AE9: 10 | AF9: 1
A10: CAN_CFG_ID_VALUE_5_MB056 | B10: 56 | C10: 0x0000009C | D10: 0x00000002 | E10: 2 | F10: 156 | H10: 0x0000009e | I10: =UPPER(RIGHT(H6,3)) -> 069 | J10: =VLOOKUP($I10,$Q$6:$Y$278,2,FALSE) -> VSC1G12 | K10: =VLOOKUP($I10,$Q$6:$Y$278,3,FALSE) -> 1 | L10: =VLOOKUP($I10,$Q$6:$Y$278,4,FALSE) -> 32 | M10: =VLOOKUP($I10,$Q$6:$Y$278,5,FALSE) -> 10 | N10: =VLOOKUP($I10,$Q$6:$Y$278,6,FALSE) -> 1 | P10: =COUNTIF($J$6:$J$278,R10) -> 1 | Q10: 06A | R10: VSC1F01 | S10: 1 | T10: 32 | U10: 10 | V10: 1 | W10: R | AA10: VSC1G12 | AB10: 069 | AC10: 1 | AD10: 32 | AE10: 10 | AF10: 1
A11: CAN_CFG_ID_VALUE_5_MB118 | B11: 118 | C11: 0x000000A4 | D11: 0x00000000 | E11: 0 | F11: 164 | H11: 0x000000a4 | I11: =UPPER(RIGHT(H7,3)) -> 086 | J11: =VLOOKUP($I11,$Q$6:$Y$278,2,FALSE) -> ZN11S08 | K11: =VLOOKUP($I11,$Q$6:$Y$278,3,FALSE) -> 1 | L11: =VLOOKUP($I11,$Q$6:$Y$278,4,FALSE) -> 8 | M11: =VLOOKUP($I11,$Q$6:$Y$278,5,FALSE) -> 20 | N11: =VLOOKUP($I11,$Q$6:$Y$278,6,FALSE) -> 0 | P11: =COUNTIF($J$6:$J$278,R11) -> 1 | Q11: 086 | R11: ZN11S08 | S11: 1 | T11: 8 | U11: 20 | V11: 0 | W11: R | AA11: ZN11S08 | AB11: 086 | AC11: 1 | AD11: 8 | AE11: 20 | AF11: 0
A12: CAN_CFG_ID_VALUE_5_MB144 | B12: 144 | C12: 0x000000B7 | D12: 0x00000000 | E12: 0 | F12: 183 | H12: 0x000000b7 | I12: =UPPER(RIGHT(H8,3)) -> 186 | J12: =VLOOKUP($I12,$Q$6:$Y$278,2,FALSE) -> BDC1S30 | K12: =VLOOKUP($I12,$Q$6:$Y$278,3,FALSE) -> 1 | L12: =VLOOKUP($I12,$Q$6:$Y$278,4,FALSE) -> 32 | M12: =VLOOKUP($I12,$Q$6:$Y$278,5,FALSE) -> 100 | N12: =VLOOKUP($I12,$Q$6:$Y$278,6,FALSE) -> 0 | P12: =COUNTIF($J$6:$J$278,R12) -> 1 | Q12: 09C | R12: BDC1S40 | S12: 1 | T12: 32 | U12: 50 | V12: 0 | W12: R | AA12: BDC1S30 | AB12: 186 | AC12: 1 | AD12: 32 | AE12: 100 | AF12: 0
A13: CAN_CFG_ID_VALUE_5_MB099 | B13: 99 | C13: 0x000000B8 | D13: 0x00000000 | E13: 0 | F13: 184 | H13: 0x000000b8 | I13: =UPPER(RIGHT(H9,3)) -> 09C | J13: =VLOOKUP($I13,$Q$6:$Y$278,2,FALSE) -> BDC1S40 | K13: =VLOOKUP($I13,$Q$6:$Y$278,3,FALSE) -> 1 | L13: =VLOOKUP($I13,$Q$6:$Y$278,4,FALSE) -> 32 | M13: =VLOOKUP($I13,$Q$6:$Y$278,5,FALSE) -> 50 | N13: =VLOOKUP($I13,$Q$6:$Y$278,6,FALSE) -> 0 | P13: =COUNTIF($J$6:$J$278,R13) -> 1 | Q13: 09E | R13: VSC1G13 | S13: 1 | T13: 32 | U13: 20 | V13: 1 | W13: R | AA13: BDC1S40 | AB13: 09C | AC13: 1 | AD13: 32 | AE13: 50 | AF13: 0
A14: CAN_CFG_ID_VALUE_5_MB119 | B14: 119 | C14: 0x000000FC | D14: 0x00000000 | E14: 0 | F14: 252 | H14: 0x000000fc | I14: =UPPER(RIGHT(H10,3)) -> 09E | J14: =VLOOKUP($I14,$Q$6:$Y$278,2,FALSE) -> VSC1G13 | K14: =VLOOKUP($I14,$Q$6:$Y$278,3,FALSE) -> 1 | L14: =VLOOKUP($I14,$Q$6:$Y$278,4,FALSE) -> 32 | M14: =VLOOKUP($I14,$Q$6:$Y$278,5,FALSE) -> 20 | N14: =VLOOKUP($I14,$Q$6:$Y$278,6,FALSE) -> 1 | P14: =COUNTIF($J$6:$J$278,R14) -> 1 | Q14: 0A4 | R14: ENG1G03 | S14: 1 | T14: 32 | U14: 24 | V14: 1 | W14: R | AA14: VSC1G13 | AB14: 09E | AC14: 1 | AD14: 32 | AE14: 20 | AF14: 1
C15: 0x00000100 | D15: 0x00000000 | E15: 0 | F15: 256 | H15: 0x00000100 | I15: =UPPER(RIGHT(H11,3)) -> 0A4 | J15: =VLOOKUP($I15,$Q$6:$Y$278,2,FALSE) -> ENG1G03 | K15: =VLOOKUP($I15,$Q$6:$Y$278,3,FALSE) -> 1 | L15: =VLOOKUP($I15,$Q$6:$Y$278,4,FALSE) -> 32 | M15: =VLOOKUP($I15,$Q$6:$Y$278,5,FALSE) -> 24 | N15: =VLOOKUP($I15,$Q$6:$Y$278,6,FALSE) -> 1 | P15: =COUNTIF($J$6:$J$278,R15) -> 1 | Q15: 0B7 | R15: VSC1G14 | S15: 1 | T15: 32 | U15: 30 | V15: 1 | W15: R | AA15: ENG1G03 | AB15: 0A4 | AC15: 1 | AD15: 32 | AE15: 24 | AF15: 1
A16: CAN_CFG_ID_VALUE_5_MB123 | B16: 123 | C16: 0x00000100 | D16: 0x00000400 | E16: 1024 | F16: 256 | H16: 0x00000500 | I16: =UPPER(RIGHT(H12,3)) -> 0B7 | J16: =VLOOKUP($I16,$Q$6:$Y$278,2,FALSE) -> VSC1G14 | K16: =VLOOKUP($I16,$Q$6:$Y$278,3,FALSE) -> 1 | L16: =VLOOKUP($I16,$Q$6:$Y$278,4,FALSE) -> 32 | M16: =VLOOKUP($I16,$Q$6:$Y$278,5,FALSE) -> 30 | N16: =VLOOKUP($I16,$Q$6:$Y$278,6,FALSE) -> 1 | P16: =COUNTIF($J$6:$J$278,R16) -> 1 | Q16: 0B8 | R16: DDM1S12 | S16: 1 | T16: 64 | U16: 30 | V16: 1 | W16: R | AA16: VSC1G14 | AB16: 0B7 | AC16: 1 | AD16: 32 | AE16: 30 | AF16: 1
A17: CAN_CFG_ID_VALUE_5_MB104 | B17: 104 | C17: 0x00000122 | D17: 0x00000000 | E17: 0 | F17: 290 | H17: 0x00000122 | I17: =UPPER(RIGHT(H13,3)) -> 0B8 | J17: =VLOOKUP($I17,$Q$6:$Y$278,2,FALSE) -> DDM1S12 | K17: =VLOOKUP($I17,$Q$6:$Y$278,3,FALSE) -> 1 | L17: =VLOOKUP($I17,$Q$6:$Y$278,4,FALSE) -> 64 | M17: =VLOOKUP($I17,$Q$6:$Y$278,5,FALSE) -> 30 | N17: =VLOOKUP($I17,$Q$6:$Y$278,6,FALSE) -> 1 | P17: =COUNTIF($J$6:$J$278,R17) -> 1 | Q17: 0FC | R17: ENG1G92 | S17: 1 | T17: 8 | U17: 1000 | V17: 0 | W17: R | AA17: DDM1S12 | AB17: 0B8 | AC17: 1 | AD17: 64 | AE17: 30 | AF17: 1
C18: 0x00000124 | D18: 0x00000000 | E18: 0 | F18: 292 | H18: 0x00000124 | I18: =UPPER(RIGHT(H14,3)) -> 0FC | J18: =VLOOKUP($I18,$Q$6:$Y$278,2,FALSE) -> ENG1G92 | K18: =VLOOKUP($I18,$Q$6:$Y$278,3,FALSE) -> 1 | L18: =VLOOKUP($I18,$Q$6:$Y$278,4,FALSE) -> 8 | M18: =VLOOKUP($I18,$Q$6:$Y$278,5,FALSE) -> 1000 | N18: =VLOOKUP($I18,$Q$6:$Y$278,6,FALSE) -> 0 | P18: =COUNTIF($J$6:$J$278,R18) -> 1 | Q18: 100 | R18: FCM1S79 | S18: 1 | T18: 8 | U18: 50 | V18: 0 | W18: R | AA18: ENG1G92 | AB18: 0FC | AC18: 1 | AD18: 8 | AE18: 1000 | AF18: 0
A19: CAN_CFG_ID_VALUE_5_MB030 | B19: 30 | C19: 0x00000124 | D19: 0x00000080 | E19: 128 | F19: 292 | H19: 0x000001a4 | I19: =UPPER(RIGHT(H15,3)) -> 100 | J19: =VLOOKUP($I19,$Q$6:$Y$278,2,FALSE) -> FCM1S79 | K19: =VLOOKUP($I19,$Q$6:$Y$278,3,FALSE) -> 1 | L19: =VLOOKUP($I19,$Q$6:$Y$278,4,FALSE) -> 8 | M19: =VLOOKUP($I19,$Q$6:$Y$278,5,FALSE) -> 50 | N19: =VLOOKUP($I19,$Q$6:$Y$278,6,FALSE) -> 0 | P19: =COUNTIF($J$6:$J$278,R19) -> 1 | Q19: 122 | R19: DMC1S08 | S19: 1 | T19: 32 | U19: 100 | V19: 1 | W19: R | AA19: FCM1S79 | AB19: 100 | AC19: 1 | AD19: 8 | AE19: 50 | AF19: 0
A20: CAN_CFG_ID_VALUE_5_MB112 | B20: 112 | C20: 0x00000128 | D20: 0x00000000 | E20: 0 | F20: 296 | H20: 0x00000128 | I20: =UPPER(RIGHT(H16,3)) -> 500 | J20: =VLOOKUP($I20,$Q$6:$Y$278,2,FALSE) -> ZN11S38 | K20: =VLOOKUP($I20,$Q$6:$Y$278,3,FALSE) -> 1 | L20: =VLOOKUP($I20,$Q$6:$Y$278,4,FALSE) -> 32 | M20: =VLOOKUP($I20,$Q$6:$Y$278,5,FALSE) -> 2000 | N20: =VLOOKUP($I20,$Q$6:$Y$278,6,FALSE) -> 0 | P20: =COUNTIF($J$6:$J$278,R20) -> 1 | Q20: 124 | R20: BAT1S08 | S20: 1 | T20: 8 | U20: 100 | V20: 0 | W20: R | AA20: ZN11S38 | AB20: 500 | AC20: 1 | AD20: 32 | AE20: 2000 | AF20: 0
C21: 0x00000140 | D21: 0x00000000 | E21: 0 | F21: 320 | H21: 0x00000140 | I21: =UPPER(RIGHT(H17,3)) -> 122 | J21: =VLOOKUP($I21,$Q$6:$Y$278,2,FALSE) -> DMC1S08 | K21: =VLOOKUP($I21,$Q$6:$Y$278,3,FALSE) -> 1 | L21: =VLOOKUP($I21,$Q$6:$Y$278,4,FALSE) -> 32 | M21: =VLOOKUP($I21,$Q$6:$Y$278,5,FALSE) -> 100 | N21: =VLOOKUP($I21,$Q$6:$Y$278,6,FALSE) -> 1 | P21: =COUNTIF($J$6:$J$278,R21) -> 1 | Q21: 128 | R21: EHV1G30 | S21: 1 | T21: 8 | U21: 100 | V21: 0 | W21: R | AA21: DMC1S08 | AB21: 122 | AC21: 1 | AD21: 32 | AE21: 100 | AF21: 1
C22: 0x00000140 | D22: 0x00000008 | E22: 8 | F22: 320 | H22: 0x00000148 | I22: =UPPER(RIGHT(H18,3)) -> 124 | J22: =VLOOKUP($I22,$Q$6:$Y$278,2,FALSE) -> BAT1S08 | K22: =VLOOKUP($I22,$Q$6:$Y$278,3,FALSE) -> 1 | L22: =VLOOKUP($I22,$Q$6:$Y$278,4,FALSE) -> 8 | M22: =VLOOKUP($I22,$Q$6:$Y$278,5,FALSE) -> 100 | N22: =VLOOKUP($I22,$Q$6:$Y$278,6,FALSE) -> 0 | P22: =COUNTIF($J$6:$J$278,R22) -> 1 | Q22: 140 | R22: BDC1S23 | S22: 1 | T22: 8 | U22: - | V22: 0 | W22: R | AA22: BAT1S08 | AB22: 124 | AC22: 1 | AD22: 8 | AE22: 100 | AF22: 0
C23: 0x00000140 | D23: 0x00000010 | E23: 16 | F23: 320 | H23: 0x00000150 | I23: =UPPER(RIGHT(H19,3)) -> 1A4 | J23: =VLOOKUP($I23,$Q$6:$Y$278,2,FALSE) -> BDC1SA0 | K23: =VLOOKUP($I23,$Q$6:$Y$278,3,FALSE) -> 1 | L23: =VLOOKUP($I23,$Q$6:$Y$278,4,FALSE) -> 32 | M23: =VLOOKUP($I23,$Q$6:$Y$278,5,FALSE) -> 200 | N23: =VLOOKUP($I23,$Q$6:$Y$278,6,FALSE) -> 0 | P23: =COUNTIF($J$6:$J$278,R23) -> 1 | Q23: 148 | R23: BDC1S41 | S23: 1 | T23: 32 | U23: 100 | V23: 0 | W23: R | AA23: BDC1SA0 | AB23: 1A4 | AC23: 1 | AD23: 32 | AE23: 200 | AF23: 0
A24: CAN_CFG_ID_VALUE_5_MB053 | B24: 53 | C24: 0x00000140 | D24: 0x00000018 | E24: 24 | F24: 320 | H24: 0x00000158 | I24: =UPPER(RIGHT(H20,3)) -> 128 | J24: =VLOOKUP($I24,$Q$6:$Y$278,2,FALSE) -> EHV1G30 | K24: =VLOOKUP($I24,$Q$6:$Y$278,3,FALSE) -> 1 | L24: =VLOOKUP($I24,$Q$6:$Y$278,4,FALSE) -> 8 | M24: =VLOOKUP($I24,$Q$6:$Y$278,5,FALSE) -> 100 | N24: =VLOOKUP($I24,$Q$6:$Y$278,6,FALSE) -> 0 | P24: =COUNTIF($J$6:$J$278,R24) -> 1 | Q24: 14B | R24: IDT1S08 | S24: 1 | T24: 8 | U24: 100 | V24: 0 | W24: R | AA24: EHV1G30 | AB24: 128 | AC24: 1 | AD24: 8 | AE24: 100 | AF24: 0
C25: 0x0000014B | D25: 0x00000000 | E25: 0 | F25: 331 | H25: 0x0000014b | I25: =UPPER(RIGHT(H21,3)) -> 140 | J25: =VLOOKUP($I25,$Q$6:$Y$278,2,FALSE) -> BDC1S23 | K25: =VLOOKUP($I25,$Q$6:$Y$278,3,FALSE) -> 1 | L25: =VLOOKUP($I25,$Q$6:$Y$278,4,FALSE) -> 8 | M25: =VLOOKUP($I25,$Q$6:$Y$278,5,FALSE) -> - | N25: =VLOOKUP($I25,$Q$6:$Y$278,6,FALSE) -> 0 | P25: =COUNTIF($J$6:$J$278,R25) -> 1 | Q25: 14D | R25: RCP1S01 | S25: 1 | T25: 8 | U25: 100 | V25: 0 | W25: R | AA25: BDC1S23 | AB25: 140 | AC25: 1 | AD25: 8 | AE25: - | AF25: 0
A26: CAN_CFG_ID_VALUE_5_MB126 | B26: 126 | C26: 0x0000014B | D26: 0x00000004 | E26: 4 | F26: 331 | H26: 0x0000014f | I26: =UPPER(RIGHT(H22,3)) -> 148 | J26: =VLOOKUP($I26,$Q$6:$Y$278,2,FALSE) -> BDC1S41 | K26: =VLOOKUP($I26,$Q$6:$Y$278,3,FALSE) -> 1 | L26: =VLOOKUP($I26,$Q$6:$Y$278,4,FALSE) -> 32 | M26: =VLOOKUP($I26,$Q$6:$Y$278,5,FALSE) -> 100 | N26: =VLOOKUP($I26,$Q$6:$Y$278,6,FALSE) -> 0 | P26: =COUNTIF($J$6:$J$278,R26) -> 1 | Q26: 14F | R26: RCP1S03 | S26: 1 | T26: 8 | U26: 100 | V26: 0 | W26: R | AA26: BDC1S41 | AB26: 148 | AC26: 1 | AD26: 32 | AE26: 100 | AF26: 0
A27: CAN_CFG_ID_VALUE_5_MB134 | B27: 134 | C27: 0x0000014D | D27: 0x00000000 | E27: 0 | F27: 333 | H27: 0x0000014d | I27: =UPPER(RIGHT(H23,3)) -> 150 | J27: =VLOOKUP($I27,$Q$6:$Y$278,2,FALSE) -> BDC1S82 | K27: =VLOOKUP($I27,$Q$6:$Y$278,3,FALSE) -> 1 | L27: =VLOOKUP($I27,$Q$6:$Y$278,4,FALSE) -> 32 | M27: =VLOOKUP($I27,$Q$6:$Y$278,5,FALSE) -> 100 | N27: =VLOOKUP($I27,$Q$6:$Y$278,6,FALSE) -> 1 | P27: =COUNTIF($J$6:$J$278,R27) -> 1 | Q27: 150 | R27: BDC1S82 | S27: 1 | T27: 32 | U27: 100 | V27: 1 | W27: R | AA27: BDC1S82 | AB27: 150 | AC27: 1 | AD27: 32 | AE27: 100 | AF27: 1
A28: CAN_CFG_ID_VALUE_5_MB122 | B28: 122 | C28: 0x0000015A | D28: 0x00000000 | E28: 0 | F28: 346 | H28: 0x0000015a | I28: =UPPER(RIGHT(H24,3)) -> 158 | J28: =VLOOKUP($I28,$Q$6:$Y$278,2,FALSE) -> DDM1S77 | K28: =VLOOKUP($I28,$Q$6:$Y$278,3,FALSE) -> 1 | L28: =VLOOKUP($I28,$Q$6:$Y$278,4,FALSE) -> 32 | M28: =VLOOKUP($I28,$Q$6:$Y$278,5,FALSE) -> 100 | N28: =VLOOKUP($I28,$Q$6:$Y$278,6,FALSE) -> 0 | P28: =COUNTIF($J$6:$J$278,R28) -> 1 | Q28: 158 | R28: DDM1S77 | S28: 1 | T28: 32 | U28: 100 | V28: 0 | W28: R | AA28: DDM1S77 | AB28: 158 | AC28: 1 | AD28: 32 | AE28: 100 | AF28: 0
C29: 0x0000016E | D29: 0x00000000 | E29: 0 | F29: 366 | H29: 0x0000016e | I29: =UPPER(RIGHT(H25,3)) -> 14B | J29: =VLOOKUP($I29,$Q$6:$Y$278,2,FALSE) -> IDT1S08 | K29: =VLOOKUP($I29,$Q$6:$Y$278,3,FALSE) -> 1 | L29: =VLOOKUP($I29,$Q$6:$Y$278,4,FALSE) -> 8 | M29: =VLOOKUP($I29,$Q$6:$Y$278,5,FALSE) -> 100 | N29: =VLOOKUP($I29,$Q$6:$Y$278,6,FALSE) -> 0 | P29: =COUNTIF($J$6:$J$278,R29) -> 1 | Q29: 15A | R29: FCM1S78 | S29: 1 | T29: 8 | U29: 100 | V29: 0 | W29: R | AA29: IDT1S08 | AB29: 14B | AC29: 1 | AD29: 8 | AE29: 100 | AF29: 0
A30: CAN_CFG_ID_VALUE_5_MB022 | B30: 22 | C30: 0x0000016E | D30: 0x00000010 | E30: 16 | F30: 366 | H30: 0x0000017e | I30: =UPPER(RIGHT(H26,3)) -> 14F | J30: =VLOOKUP($I30,$Q$6:$Y$278,2,FALSE) -> RCP1S03 | K30: =VLOOKUP($I30,$Q$6:$Y$278,3,FALSE) -> 1 | L30: =VLOOKUP($I30,$Q$6:$Y$278,4,FALSE) -> 8 | M30: =VLOOKUP($I30,$Q$6:$Y$278,5,FALSE) -> 100 | N30: =VLOOKUP($I30,$Q$6:$Y$278,6,FALSE) -> 0 | P30: =COUNTIF($J$6:$J$278,R30) -> 1 | Q30: 16E | R30: BAT1E45 | S30: 1 | T30: 32 | U30: 100 | V30: 0 | W30: R | AA30: RCP1S03 | AB30: 14F | AC30: 1 | AD30: 8 | AE30: 100 | AF30: 0
A31: CAN_CFG_ID_VALUE_5_MB094 | B31: 94 | C31: 0x0000018D | D31: 0x00000000 | E31: 0 | F31: 397 | H31: 0x0000018d | I31: =UPPER(RIGHT(H27,3)) -> 14D | J31: =VLOOKUP($I31,$Q$6:$Y$278,2,FALSE) -> RCP1S01 | K31: =VLOOKUP($I31,$Q$6:$Y$278,3,FALSE) -> 1 | L31: =VLOOKUP($I31,$Q$6:$Y$278,4,FALSE) -> 8 | M31: =VLOOKUP($I31,$Q$6:$Y$278,5,FALSE) -> 100 | N31: =VLOOKUP($I31,$Q$6:$Y$278,6,FALSE) -> 0 | P31: =COUNTIF($J$6:$J$278,R31) -> 1 | Q31: 17E | R31: ADC1S11 | S31: 1 | T31: 32 | U31: 100 | V31: 0 | W31: R | AA31: RCP1S01 | AB31: 14D | AC31: 1 | AD31: 8 | AE31: 100 | AF31: 0
A32: CAN_CFG_ID_VALUE_5_MB095 | B32: 95 | C32: 0x0000019A | D32: 0x00000000 | E32: 0 | F32: 410 | H32: 0x0000019a | I32: =UPPER(RIGHT(H28,3)) -> 15A | J32: =VLOOKUP($I32,$Q$6:$Y$278,2,FALSE) -> FCM1S78 | K32: =VLOOKUP($I32,$Q$6:$Y$278,3,FALSE) -> 1 | L32: =VLOOKUP($I32,$Q$6:$Y$278,4,FALSE) -> 8 | M32: =VLOOKUP($I32,$Q$6:$Y$278,5,FALSE) -> 100 | N32: =VLOOKUP($I32,$Q$6:$Y$278,6,FALSE) -> 0 | P32: =COUNTIF($J$6:$J$278,R32) -> 1 | Q32: 186 | R32: BDC1S30 | S32: 1 | T32: 32 | U32: 100 | V32: 0 | W32: R | AA32: FCM1S78 | AB32: 15A | AC32: 1 | AD32: 8 | AE32: 100 | AF32: 0
A33: CAN_CFG_ID_VALUE_5_MB063 | B33: 63 | C33: 0x000001A0 | D33: 0x00000000 | E33: 0 | F33: 416 | H33: 0x000001a0 | I33: =UPPER(RIGHT(H29,3)) -> 16E | J33: =VLOOKUP($I33,$Q$6:$Y$278,2,FALSE) -> BAT1E45 | K33: =VLOOKUP($I33,$Q$6:$Y$278,3,FALSE) -> 1 | L33: =VLOOKUP($I33,$Q$6:$Y$278,4,FALSE) -> 32 | M33: =VLOOKUP($I33,$Q$6:$Y$278,5,FALSE) -> 100 | N33: =VLOOKUP($I33,$Q$6:$Y$278,6,FALSE) -> 0 | P33: =COUNTIF($J$6:$J$278,R33) -> 1 | Q33: 18D | R33: BDF3S02 | S33: 1 | T33: 32 | U33: 100 | V33: 0 | W33: R | AA33: BAT1E45 | AB33: 16E | AC33: 1 | AD33: 32 | AE33: 100 | AF33: 0
A34: CAN_CFG_ID_VALUE_5_MB124 | B34: 124 | C34: 0x000001B2 | D34: 0x00000000 | E34: 0 | F34: 434 | H34: 0x000001b2 | I34: =UPPER(RIGHT(H30,3)) -> 17E | J34: =VLOOKUP($I34,$Q$6:$Y$278,2,FALSE) -> ADC1S11 | K34: =VLOOKUP($I34,$Q$6:$Y$278,3,FALSE) -> 1 | L34: =VLOOKUP($I34,$Q$6:$Y$278,4,FALSE) -> 32 | M34: =VLOOKUP($I34,$Q$6:$Y$278,5,FALSE) -> 100 | N34: =VLOOKUP($I34,$Q$6:$Y$278,6,FALSE) -> 0 | P34: =COUNTIF($J$6:$J$278,R34) -> 1 | Q34: 19A | R34: BDR3S02 | S34: 1 | T34: 32 | U34: 200 | V34: 0 | W34: R | AA34: ADC1S11 | AB34: 17E | AC34: 1 | AD34: 32 | AE34: 100 | AF34: 0
A35: CAN_CFG_ID_VALUE_5_MB138 | B35: 138 | C35: 0x000001BB | D35: 0x00000000 | E35: 0 | F35: 443 | H35: 0x000001bb | I35: =UPPER(RIGHT(H31,3)) -> 18D | J35: =VLOOKUP($I35,$Q$6:$Y$278,2,FALSE) -> BDF3S02 | K35: =VLOOKUP($I35,$Q$6:$Y$278,3,FALSE) -> 1 | L35: =VLOOKUP($I35,$Q$6:$Y$278,4,FALSE) -> 32 | M35: =VLOOKUP($I35,$Q$6:$Y$278,5,FALSE) -> 100 | N35: =VLOOKUP($I35,$Q$6:$Y$278,6,FALSE) -> 0 | P35: =COUNTIF($J$6:$J$278,R35) -> 1 | Q35: 1A0 | R35: BDC1S87 | S35: 1 | T35: 8 | U35: 200 | V35: 0 | W35: R | AA35: BDF3S02 | AB35: 18D | AC35: 1 | AD35: 32 | AE35: 100 | AF35: 0
C36: 0x000001BC | D36: 0x00000000 | E36: 0 | F36: 444 | H36: 0x000001bc | I36: =UPPER(RIGHT(H32,3)) -> 19A | J36: =VLOOKUP($I36,$Q$6:$Y$278,2,FALSE) -> BDR3S02 | K36: =VLOOKUP($I36,$Q$6:$Y$278,3,FALSE) -> 1 | L36: =VLOOKUP($I36,$Q$6:$Y$278,4,FALSE) -> 32 | M36: =VLOOKUP($I36,$Q$6:$Y$278,5,FALSE) -> 200 | N36: =VLOOKUP($I36,$Q$6:$Y$278,6,FALSE) -> 0 | P36: =COUNTIF($J$6:$J$278,R36) -> 1 | Q36: 1A4 | R36: BDC1SA0 | S36: 1 | T36: 32 | U36: 200 | V36: 0 | W36: R | AA36: BDR3S02 | AB36: 19A | AC36: 1 | AD36: 32 | AE36: 200 | AF36: 0
A37: CAN_CFG_ID_VALUE_5_MB111 | B37: 111 | C37: 0x000001BC | D37: 0x00000002 | E37: 2 | F37: 444 | H37: 0x000001be | I37: =UPPER(RIGHT(H33,3)) -> 1A0 | J37: =VLOOKUP($I37,$Q$6:$Y$278,2,FALSE) -> BDC1S87 | K37: =VLOOKUP($I37,$Q$6:$Y$278,3,FALSE) -> 1 | L37: =VLOOKUP($I37,$Q$6:$Y$278,4,FALSE) -> 8 | M37: =VLOOKUP($I37,$Q$6:$Y$278,5,FALSE) -> 200 | N37: =VLOOKUP($I37,$Q$6:$Y$278,6,FALSE) -> 0 | P37: =COUNTIF($J$6:$J$278,R37) -> 1 | Q37: 1B2 | R37: FCM1S90 | S37: 1 | T37: 32 | U37: 200 | V37: 0 | W37: R | AA37: BDC1S87 | AB37: 1A0 | AC37: 1 | AD37: 8 | AE37: 200 | AF37: 0
C38: 0x000001C0 | D38: 0x00000000 | E38: 0 | F38: 448 | H38: 0x000001c0 | I38: =UPPER(RIGHT(H34,3)) -> 1B2 | J38: =VLOOKUP($I38,$Q$6:$Y$278,2,FALSE) -> FCM1S90 | K38: =VLOOKUP($I38,$Q$6:$Y$278,3,FALSE) -> 1 | L38: =VLOOKUP($I38,$Q$6:$Y$278,4,FALSE) -> 32 | M38: =VLOOKUP($I38,$Q$6:$Y$278,5,FALSE) -> 200 | N38: =VLOOKUP($I38,$Q$6:$Y$278,6,FALSE) -> 0 | P38: =COUNTIF($J$6:$J$278,R38) -> 1 | Q38: 1BB | R38: SOL1S06 | S38: 1 | T38: 8 | U38: 200 | V38: 0 | W38: R | AA38: FCM1S90 | AB38: 1B2 | AC38: 1 | AD38: 32 | AE38: 200 | AF38: 0
C39: 0x000001C0 | D39: 0x00000001 | E39: 1 | F39: 448 | H39: 0x000001c1 | I39: =UPPER(RIGHT(H35,3)) -> 1BB | J39: =VLOOKUP($I39,$Q$6:$Y$278,2,FALSE) -> SOL1S06 | K39: =VLOOKUP($I39,$Q$6:$Y$278,3,FALSE) -> 1 | L39: =VLOOKUP($I39,$Q$6:$Y$278,4,FALSE) -> 8 | M39: =VLOOKUP($I39,$Q$6:$Y$278,5,FALSE) -> 200 | N39: =VLOOKUP($I39,$Q$6:$Y$278,6,FALSE) -> 0 | P39: =COUNTIF($J$6:$J$278,R39) -> 1 | Q39: 1BC | R39: EHV1E96 | S39: 1 | T39: 32 | U39: 200 | V39: 0 | W39: R | AA39: SOL1S06 | AB39: 1BB | AC39: 1 | AD39: 8 | AE39: 200 | AF39: 0
C40: 0x000001C0 | D40: 0x00000010 | E40: 16 | F40: 448 | H40: 0x000001d0 | I40: =UPPER(RIGHT(H36,3)) -> 1BC | J40: =VLOOKUP($I40,$Q$6:$Y$278,2,FALSE) -> EHV1E96 | K40: =VLOOKUP($I40,$Q$6:$Y$278,3,FALSE) -> 1 | L40: =VLOOKUP($I40,$Q$6:$Y$278,4,FALSE) -> 32 | M40: =VLOOKUP($I40,$Q$6:$Y$278,5,FALSE) -> 200 | N40: =VLOOKUP($I40,$Q$6:$Y$278,6,FALSE) -> 0 | P40: =COUNTIF($J$6:$J$278,R40) -> 1 | Q40: 1BE | R40: ZN21S28 | S40: 1 | T40: 32 | U40: 200 | V40: 1 | W40: R | AA40: EHV1E96 | AB40: 1BC | AC40: 1 | AD40: 32 | AE40: 200 | AF40: 0
A41: CAN_CFG_ID_VALUE_5_MB026 | B41: 26 | C41: 0x000001C0 | D41: 0x00000011 | E41: 17 | F41: 448 | H41: 0x000001d1 | I41: =UPPER(RIGHT(H37,3)) -> 1BE | J41: =VLOOKUP($I41,$Q$6:$Y$278,2,FALSE) -> ZN21S28 | K41: =VLOOKUP($I41,$Q$6:$Y$278,3,FALSE) -> 1 | L41: =VLOOKUP($I41,$Q$6:$Y$278,4,FALSE) -> 32 | M41: =VLOOKUP($I41,$Q$6:$Y$278,5,FALSE) -> 200 | N41: =VLOOKUP($I41,$Q$6:$Y$278,6,FALSE) -> 1 | P41: =COUNTIF($J$6:$J$278,R41) -> 1 | Q41: 1C0 | R41: ADC1S31 | S41: 1 | T41: 32 | U41: 200 | V41: 1 | W41: R | AA41: ZN21S28 | AB41: 1BE | AC41: 1 | AD41: 32 | AE41: 200 | AF41: 1
A42: CAN_CFG_ID_VALUE_5_MB121 | B42: 121 | C42: 0x000001CA | D42: 0x00000000 | E42: 0 | F42: 458 | H42: 0x000001ca | I42: =UPPER(RIGHT(H38,3)) -> 1C0 | J42: =VLOOKUP($I42,$Q$6:$Y$278,2,FALSE) -> ADC1S31 | K42: =VLOOKUP($I42,$Q$6:$Y$278,3,FALSE) -> 1 | L42: =VLOOKUP($I42,$Q$6:$Y$278,4,FALSE) -> 32 | M42: =VLOOKUP($I42,$Q$6:$Y$278,5,FALSE) -> 200 | N42: =VLOOKUP($I42,$Q$6:$Y$278,6,FALSE) -> 1 | P42: =COUNTIF($J$6:$J$278,R42) -> 1 | Q42: 1C1 | R42: BAT1S12 | S42: 1 | T42: 32 | U42: 200 | V42: 1 | W42: R | AA42: ADC1S31 | AB42: 1C0 | AC42: 1 | AD42: 32 | AE42: 200 | AF42: 1
A43: CAN_CFG_ID_VALUE_5_MB131 | B43: 131 | C43: 0x000001CC | D43: 0x00000000 | E43: 0 | F43: 460 | H43: 0x000001cc | I43: =UPPER(RIGHT(H39,3)) -> 1C1 | J43: =VLOOKUP($I43,$Q$6:$Y$278,2,FALSE) -> BAT1S12 | K43: =VLOOKUP($I43,$Q$6:$Y$278,3,FALSE) -> 1 | L43: =VLOOKUP($I43,$Q$6:$Y$278,4,FALSE) -> 32 | M43: =VLOOKUP($I43,$Q$6:$Y$278,5,FALSE) -> 200 | N43: =VLOOKUP($I43,$Q$6:$Y$278,6,FALSE) -> 1 | P43: =COUNTIF($J$6:$J$278,R43) -> 1 | Q43: 1CA | R43: EPS1S90 | S43: 1 | T43: 8 | U43: 300 | V43: 0 | W43: R | AA43: BAT1S12 | AB43: 1C1 | AC43: 1 | AD43: 32 | AE43: 200 | AF43: 1
C44: 0x000001CE | D44: 0x00000000 | E44: 0 | F44: 462 | H44: 0x000001ce | I44: =UPPER(RIGHT(H40,3)) -> 1D0 | J44: =VLOOKUP($I44,$Q$6:$Y$278,2,FALSE) -> EHV1S23 | K44: =VLOOKUP($I44,$Q$6:$Y$278,3,FALSE) -> 1 | L44: =VLOOKUP($I44,$Q$6:$Y$278,4,FALSE) -> 8 | M44: =VLOOKUP($I44,$Q$6:$Y$278,5,FALSE) -> 300 | N44: =VLOOKUP($I44,$Q$6:$Y$278,6,FALSE) -> 0 | P44: =COUNTIF($J$6:$J$278,R44) -> 1 | Q44: 1CC | R44: PDC1G01 | S44: 1 | T44: 8 | U44: 300 | V44: 0 | W44: R | AA44: EHV1S23 | AB44: 1D0 | AC44: 1 | AD44: 8 | AE44: 300 | AF44: 0
C45: 0x000001CE | D45: 0x00000001 | E45: 1 | F45: 462 | H45: 0x000001cf | I45: =UPPER(RIGHT(H41,3)) -> 1D1 | J45: =VLOOKUP($I45,$Q$6:$Y$278,2,FALSE) -> PMN1G03 | K45: =VLOOKUP($I45,$Q$6:$Y$278,3,FALSE) -> 1 | L45: =VLOOKUP($I45,$Q$6:$Y$278,4,FALSE) -> 8 | M45: =VLOOKUP($I45,$Q$6:$Y$278,5,FALSE) -> 300 | N45: =VLOOKUP($I45,$Q$6:$Y$278,6,FALSE) -> 0 | P45: =COUNTIF($J$6:$J$278,R45) -> 1 | Q45: 1CE | R45: ZN21S52 | S45: 1 | T45: 8 | U45: 300 | V45: 0 | W45: R | AA45: PMN1G03 | AB45: 1D1 | AC45: 1 | AD45: 8 | AE45: 300 | AF45: 0
C46: 0x000001CE | D46: 0x00000010 | E46: 16 | F46: 462 | H46: 0x000001de | I46: =UPPER(RIGHT(H42,3)) -> 1CA | J46: =VLOOKUP($I46,$Q$6:$Y$278,2,FALSE) -> EPS1S90 | K46: =VLOOKUP($I46,$Q$6:$Y$278,3,FALSE) -> 1 | L46: =VLOOKUP($I46,$Q$6:$Y$278,4,FALSE) -> 8 | M46: =VLOOKUP($I46,$Q$6:$Y$278,5,FALSE) -> 300 | N46: =VLOOKUP($I46,$Q$6:$Y$278,6,FALSE) -> 0 | P46: =COUNTIF($J$6:$J$278,R46) -> 1 | Q46: 1CF | R46: BDB1S01 | S46: 1 | T46: 8 | U46: 300 | V46: 0 | W46: R | AA46: EPS1S90 | AB46: 1CA | AC46: 1 | AD46: 8 | AE46: 300 | AF46: 0
A47: CAN_CFG_ID_VALUE_5_MB036 | B47: 36 | C47: 0x000001CE | D47: 0x00000011 | E47: 17 | F47: 462 | H47: 0x000001df | I47: =UPPER(RIGHT(H43,3)) -> 1CC | J47: =VLOOKUP($I47,$Q$6:$Y$278,2,FALSE) -> PDC1G01 | K47: =VLOOKUP($I47,$Q$6:$Y$278,3,FALSE) -> 1 | L47: =VLOOKUP($I47,$Q$6:$Y$278,4,FALSE) -> 8 | M47: =VLOOKUP($I47,$Q$6:$Y$278,5,FALSE) -> 300 | N47: =VLOOKUP($I47,$Q$6:$Y$278,6,FALSE) -> 0 | P47: =COUNTIF($J$6:$J$278,R47) -> 1 | Q47: 1D0 | R47: EHV1S23 | S47: 1 | T47: 8 | U47: 300 | V47: 0 | W47: R | AA47: PDC1G01 | AB47: 1CC | AC47: 1 | AD47: 8 | AE47: 300 | AF47: 0
C48: 0x000001D2 | D48: 0x00000000 | E48: 0 | F48: 466 | H48: 0x000001d2 | I48: =UPPER(RIGHT(H44,3)) -> 1CE | J48: =VLOOKUP($I48,$Q$6:$Y$278,2,FALSE) -> ZN21S52 | K48: =VLOOKUP($I48,$Q$6:$Y$278,3,FALSE) -> 1 | L48: =VLOOKUP($I48,$Q$6:$Y$278,4,FALSE) -> 8 | M48: =VLOOKUP($I48,$Q$6:$Y$278,5,FALSE) -> 300 | N48: =VLOOKUP($I48,$Q$6:$Y$278,6,FALSE) -> 0 | P48: =COUNTIF($J$6:$J$278,R48) -> 1 | Q48: 1D1 | R48: PMN1G03 | S48: 1 | T48: 8 | U48: 300 | V48: 0 | W48: R | AA48: ZN21S52 | AB48: 1CE | AC48: 1 | AD48: 8 | AE48: 300 | AF48: 0
C49: 0x000001D2 | D49: 0x00000001 | E49: 1 | F49: 466 | H49: 0x000001d3 | I49: =UPPER(RIGHT(H45,3)) -> 1CF | J49: =VLOOKUP($I49,$Q$6:$Y$278,2,FALSE) -> BDB1S01 | K49: =VLOOKUP($I49,$Q$6:$Y$278,3,FALSE) -> 1 | L49: =VLOOKUP($I49,$Q$6:$Y$278,4,FALSE) -> 8 | M49: =VLOOKUP($I49,$Q$6:$Y$278,5,FALSE) -> 300 | N49: =VLOOKUP($I49,$Q$6:$Y$278,6,FALSE) -> 0 | P49: =COUNTIF($J$6:$J$278,R49) -> 1 | Q49: 1D2 | R49: BDC1S33 | S49: 1 | T49: 8 | U49: 300 | V49: 0 | W49: R | AA49: BDB1S01 | AB49: 1CF | AC49: 1 | AD49: 8 | AE49: 300 | AF49: 0
C50: 0x000001D2 | D50: 0x00000200 | E50: 512 | F50: 466 | H50: 0x000003d2 | I50: =UPPER(RIGHT(H46,3)) -> 1DE | J50: =VLOOKUP($I50,$Q$6:$Y$278,2,FALSE) -> ZN11S14 | K50: =VLOOKUP($I50,$Q$6:$Y$278,3,FALSE) -> 1 | L50: =VLOOKUP($I50,$Q$6:$Y$278,4,FALSE) -> 8 | M50: =VLOOKUP($I50,$Q$6:$Y$278,5,FALSE) -> 300 | N50: =VLOOKUP($I50,$Q$6:$Y$278,6,FALSE) -> 0 | P50: =COUNTIF($J$6:$J$278,R50) -> 1 | Q50: 1D3 | R50: BDC1S46 | S50: 1 | T50: 8 | U50: 300 | V50: 0 | W50: R | AA50: ZN11S14 | AB50: 1DE | AC50: 1 | AD50: 8 | AE50: 300 | AF50: 0
A51: CAN_CFG_ID_VALUE_5_MB055 | B51: 55 | C51: 0x000001D2 | D51: 0x00000201 | E51: 513 | F51: 466 | H51: 0x000003d3 | I51: =UPPER(RIGHT(H47,3)) -> 1DF | J51: =VLOOKUP($I51,$Q$6:$Y$278,2,FALSE) -> ZN11S17 | K51: =VLOOKUP($I51,$Q$6:$Y$278,3,FALSE) -> 1 | L51: =VLOOKUP($I51,$Q$6:$Y$278,4,FALSE) -> 32 | M51: =VLOOKUP($I51,$Q$6:$Y$278,5,FALSE) -> 300 | N51: =VLOOKUP($I51,$Q$6:$Y$278,6,FALSE) -> 0 | P51: =COUNTIF($J$6:$J$278,R51) -> 1 | Q51: 1D7 | R51: DDM1S17 | S51: 1 | T51: 32 | U51: 300 | V51: 0 | W51: R | AA51: ZN11S17 | AB51: 1DF | AC51: 1 | AD51: 32 | AE51: 300 | AF51: 0
A52: CAN_CFG_ID_VALUE_5_MB101 | B52: 101 | C52: 0x000001D7 | D52: 0x00000000 | E52: 0 | F52: 471 | H52: 0x000001d7 | I52: =UPPER(RIGHT(H48,3)) -> 1D2 | J52: =VLOOKUP($I52,$Q$6:$Y$278,2,FALSE) -> BDC1S33 | K52: =VLOOKUP($I52,$Q$6:$Y$278,3,FALSE) -> 1 | L52: =VLOOKUP($I52,$Q$6:$Y$278,4,FALSE) -> 8 | M52: =VLOOKUP($I52,$Q$6:$Y$278,5,FALSE) -> 300 | N52: =VLOOKUP($I52,$Q$6:$Y$278,6,FALSE) -> 0 | P52: =COUNTIF($J$6:$J$278,R52) -> 1 | Q52: 1D9 | R52: CMB1S03 | S52: 1 | T52: 8 | U52: 300 | V52: 0 | W52: R | AA52: BDC1S33 | AB52: 1D2 | AC52: 1 | AD52: 8 | AE52: 300 | AF52: 0
C53: 0x000001D9 | D53: 0x00000000 | E53: 0 | F53: 473 | H53: 0x000001d9 | I53: =UPPER(RIGHT(H49,3)) -> 1D3 | J53: =VLOOKUP($I53,$Q$6:$Y$278,2,FALSE) -> BDC1S46 | K53: =VLOOKUP($I53,$Q$6:$Y$278,3,FALSE) -> 1 | L53: =VLOOKUP($I53,$Q$6:$Y$278,4,FALSE) -> 8 | M53: =VLOOKUP($I53,$Q$6:$Y$278,5,FALSE) -> 300 | N53: =VLOOKUP($I53,$Q$6:$Y$278,6,FALSE) -> 0 | P53: =COUNTIF($J$6:$J$278,R53) -> 1 | Q53: 1DD | R53: ARS1S90 | S53: 1 | T53: 8 | U53: 300 | V53: 0 | W53: R | AA53: BDC1S46 | AB53: 1D3 | AC53: 1 | AD53: 8 | AE53: 300 | AF53: 0
A54: CAN_CFG_ID_VALUE_5_MB028 | B54: 28 | C54: 0x000001D9 | D54: 0x00000004 | E54: 4 | F54: 473 | H54: 0x000001dd | I54: =UPPER(RIGHT(H50,3)) -> 3D2 | J54: =VLOOKUP($I54,$Q$6:$Y$278,2,FALSE) -> ZN11S64 | K54: =VLOOKUP($I54,$Q$6:$Y$278,3,FALSE) -> 1 | L54: =VLOOKUP($I54,$Q$6:$Y$278,4,FALSE) -> 32 | M54: =VLOOKUP($I54,$Q$6:$Y$278,5,FALSE) -> 1000 | N54: =VLOOKUP($I54,$Q$6:$Y$278,6,FALSE) -> 0 | P54: =COUNTIF($J$6:$J$278,R54) -> 1 | Q54: 1DE | R54: ZN11S14 | S54: 1 | T54: 8 | U54: 300 | V54: 0 | W54: R | AA54: ZN11S64 | AB54: 3D2 | AC54: 1 | AD54: 32 | AE54: 1000 | AF54: 0
C55: 0x000001E1 | D55: 0x00000000 | E55: 0 | F55: 481 | H55: 0x000001e1 | I55: =UPPER(RIGHT(H51,3)) -> 3D3 | J55: =VLOOKUP($I55,$Q$6:$Y$278,2,FALSE) -> BDC1SE1 | K55: =VLOOKUP($I55,$Q$6:$Y$278,3,FALSE) -> 1 | L55: =VLOOKUP($I55,$Q$6:$Y$278,4,FALSE) -> 64 | M55: =VLOOKUP($I55,$Q$6:$Y$278,5,FALSE) -> 1000 | N55: =VLOOKUP($I55,$Q$6:$Y$278,6,FALSE) -> 1 | P55: =COUNTIF($J$6:$J$278,R55) -> 1 | Q55: 1DF | R55: ZN11S17 | S55: 1 | T55: 32 | U55: 300 | V55: 0 | W55: R | AA55: BDC1SE1 | AB55: 3D3 | AC55: 1 | AD55: 64 | AE55: 1000 | AF55: 1
A56: CAN_CFG_ID_VALUE_5_MB061 | B56: 61 | C56: 0x000001E1 | D56: 0x00000002 | E56: 2 | F56: 481 | H56: 0x000001e3 | I56: =UPPER(RIGHT(H52,3)) -> 1D7 | J56: =VLOOKUP($I56,$Q$6:$Y$278,2,FALSE) -> DDM1S17 | K56: =VLOOKUP($I56,$Q$6:$Y$278,3,FALSE) -> 1 | L56: =VLOOKUP($I56,$Q$6:$Y$278,4,FALSE) -> 32 | M56: =VLOOKUP($I56,$Q$6:$Y$278,5,FALSE) -> 300 | N56: =VLOOKUP($I56,$Q$6:$Y$278,6,FALSE) -> 0 | P56: =COUNTIF($J$6:$J$278,R56) -> 1 | Q56: 1E1 | R56: ZN21S05 | S56: 1 | T56: 32 | U56: 300 | V56: 0 | W56: R | AA56: DDM1S17 | AB56: 1D7 | AC56: 1 | AD56: 32 | AE56: 300 | AF56: 0
C57: 0x000001EA | D57: 0x00000000 | E57: 0 | F57: 490 | H57: 0x000001ea | I57: =UPPER(RIGHT(H53,3)) -> 1D9 | J57: =VLOOKUP($I57,$Q$6:$Y$278,2,FALSE) -> CMB1S03 | K57: =VLOOKUP($I57,$Q$6:$Y$278,3,FALSE) -> 1 | L57: =VLOOKUP($I57,$Q$6:$Y$278,4,FALSE) -> 8 | M57: =VLOOKUP($I57,$Q$6:$Y$278,5,FALSE) -> 300 | N57: =VLOOKUP($I57,$Q$6:$Y$278,6,FALSE) -> 0 | P57: =COUNTIF($J$6:$J$278,R57) -> 1 | Q57: 1E3 | R57: BDC1S81 | S57: 1 | T57: 32 | U57: 300 | V57: 1 | W57: R | AA57: CMB1S03 | AB57: 1D9 | AC57: 1 | AD57: 8 | AE57: 300 | AF57: 0
A58: CAN_CFG_ID_VALUE_5_MB116 | B58: 116 | C58: 0x000001EA | D58: 0x00000010 | E58: 16 | F58: 490 | H58: 0x000001fa | I58: =UPPER(RIGHT(H54,3)) -> 1DD | J58: =VLOOKUP($I58,$Q$6:$Y$278,2,FALSE) -> ARS1S90 | K58: =VLOOKUP($I58,$Q$6:$Y$278,3,FALSE) -> 1 | L58: =VLOOKUP($I58,$Q$6:$Y$278,4,FALSE) -> 8 | M58: =VLOOKUP($I58,$Q$6:$Y$278,5,FALSE) -> 300 | N58: =VLOOKUP($I58,$Q$6:$Y$278,6,FALSE) -> 0 | P58: =COUNTIF($J$6:$J$278,R58) -> 1 | Q58: 1EA | R58: SOL1S05 | S58: 1 | T58: 8 | U58: 500 | V58: 0 | W58: R | AA58: ARS1S90 | AB58: 1DD | AC58: 1 | AD58: 8 | AE58: 300 | AF58: 0
A59: CAN_CFG_ID_VALUE_5_MB137 | B59: 137 | C59: 0x000001EB | D59: 0x00000000 | E59: 0 | F59: 491 | H59: 0x000001eb | I59: =UPPER(RIGHT(H55,3)) -> 1E1 | J59: =VLOOKUP($I59,$Q$6:$Y$278,2,FALSE) -> ZN21S05 | K59: =VLOOKUP($I59,$Q$6:$Y$278,3,FALSE) -> 1 | L59: =VLOOKUP($I59,$Q$6:$Y$278,4,FALSE) -> 32 | M59: =VLOOKUP($I59,$Q$6:$Y$278,5,FALSE) -> 300 | N59: =VLOOKUP($I59,$Q$6:$Y$278,6,FALSE) -> 0 | P59: =COUNTIF($J$6:$J$278,R59) -> 1 | Q59: 1EB | R59: SOL1S04 | S59: 1 | T59: 8 | U59: 500 | V59: 0 | W59: R | AA59: ZN21S05 | AB59: 1E1 | AC59: 1 | AD59: 32 | AE59: 300 | AF59: 0
A60: CAN_CFG_ID_VALUE_5_MB035 | B60: 35 | C60: 0x000001F4 | D60: 0x00000000 | E60: 0 | F60: 500 | H60: 0x000001f4 | I60: =UPPER(RIGHT(H56,3)) -> 1E3 | J60: =VLOOKUP($I60,$Q$6:$Y$278,2,FALSE) -> BDC1S81 | K60: =VLOOKUP($I60,$Q$6:$Y$278,3,FALSE) -> 1 | L60: =VLOOKUP($I60,$Q$6:$Y$278,4,FALSE) -> 32 | M60: =VLOOKUP($I60,$Q$6:$Y$278,5,FALSE) -> 300 | N60: =VLOOKUP($I60,$Q$6:$Y$278,6,FALSE) -> 1 | P60: =COUNTIF($J$6:$J$278,R60) -> 1 | Q60: 1F4 | R60: BDB1F03 | S60: 1 | T60: 8 | U60: 500 | V60: 0 | W60: R | AA60: BDC1S81 | AB60: 1E3 | AC60: 1 | AD60: 32 | AE60: 300 | AF60: 1
C61: 0x00000202 | D61: 0x00000000 | E61: 0 | F61: 514 | H61: 0x00000202 | I61: =UPPER(RIGHT(H57,3)) -> 1EA | J61: =VLOOKUP($I61,$Q$6:$Y$278,2,FALSE) -> SOL1S05 | K61: =VLOOKUP($I61,$Q$6:$Y$278,3,FALSE) -> 1 | L61: =VLOOKUP($I61,$Q$6:$Y$278,4,FALSE) -> 8 | M61: =VLOOKUP($I61,$Q$6:$Y$278,5,FALSE) -> 500 | N61: =VLOOKUP($I61,$Q$6:$Y$278,6,FALSE) -> 0 | P61: =COUNTIF($J$6:$J$278,R61) -> 1 | Q61: 1FA | R61: EHV1S96 | S61: 1 | T61: 8 | U61: 500 | V61: 0 | W61: R | AA61: SOL1S05 | AB61: 1EA | AC61: 1 | AD61: 8 | AE61: 500 | AF61: 0
A62: CAN_CFG_ID_VALUE_5_MB092 | B62: 92 | C62: 0x00000202 | D62: 0x00000400 | E62: 1024 | F62: 514 | H62: 0x00000602 | I62: =UPPER(RIGHT(H58,3)) -> 1FA | J62: =VLOOKUP($I62,$Q$6:$Y$278,2,FALSE) -> EHV1S96 | K62: =VLOOKUP($I62,$Q$6:$Y$278,3,FALSE) -> 1 | L62: =VLOOKUP($I62,$Q$6:$Y$278,4,FALSE) -> 8 | M62: =VLOOKUP($I62,$Q$6:$Y$278,5,FALSE) -> 500 | N62: =VLOOKUP($I62,$Q$6:$Y$278,6,FALSE) -> 0 | P62: =COUNTIF($J$6:$J$278,R62) -> 1 | Q62: 202 | R62: EHV2G70 | S62: 1 | T62: 32 | U62: 1000 | V62: 0 | W62: R | AA62: EHV1S96 | AB62: 1FA | AC62: 1 | AD62: 8 | AE62: 500 | AF62: 0
C63: 0x00000204 | D63: 0x00000000 | E63: 0 | F63: 516 | H63: 0x00000204 | I63: =UPPER(RIGHT(H59,3)) -> 1EB | J63: =VLOOKUP($I63,$Q$6:$Y$278,2,FALSE) -> SOL1S04 | K63: =VLOOKUP($I63,$Q$6:$Y$278,3,FALSE) -> 1 | L63: =VLOOKUP($I63,$Q$6:$Y$278,4,FALSE) -> 8 | M63: =VLOOKUP($I63,$Q$6:$Y$278,5,FALSE) -> 500 | N63: =VLOOKUP($I63,$Q$6:$Y$278,6,FALSE) -> 0 | P63: =COUNTIF($J$6:$J$278,R63) -> 1 | Q63: 204 | R63: PLG1S21 | S63: 1 | T63: 32 | U63: 1000 | V63: 0 | W63: R | AA63: SOL1S04 | AB63: 1EB | AC63: 1 | AD63: 8 | AE63: 500 | AF63: 0
A64: CAN_CFG_ID_VALUE_5_MB029 | B64: 29 | C64: 0x00000204 | D64: 0x00000010 | E64: 16 | F64: 516 | H64: 0x00000214 | I64: =UPPER(RIGHT(H60,3)) -> 1F4 | J64: =VLOOKUP($I64,$Q$6:$Y$278,2,FALSE) -> BDB1F03 | K64: =VLOOKUP($I64,$Q$6:$Y$278,3,FALSE) -> 1 | L64: =VLOOKUP($I64,$Q$6:$Y$278,4,FALSE) -> 8 | M64: =VLOOKUP($I64,$Q$6:$Y$278,5,FALSE) -> 500 | N64: =VLOOKUP($I64,$Q$6:$Y$278,6,FALSE) -> 0 | P64: =COUNTIF($J$6:$J$278,R64) -> 1 | Q64: 207 | R64: ADC1S13 | S64: 1 | T64: 32 | U64: 1000 | V64: 0 | W64: R | AA64: BDB1F03 | AB64: 1F4 | AC64: 1 | AD64: 8 | AE64: 500 | AF64: 0
A65: CAN_CFG_ID_VALUE_5_MB023 | B65: 23 | C65: 0x00000207 | D65: 0x00000000 | E65: 0 | F65: 519 | H65: 0x00000207 | I65: =UPPER(RIGHT(H61,3)) -> 202 | J65: =VLOOKUP($I65,$Q$6:$Y$278,2,FALSE) -> EHV2G70 | K65: =VLOOKUP($I65,$Q$6:$Y$278,3,FALSE) -> 1 | L65: =VLOOKUP($I65,$Q$6:$Y$278,4,FALSE) -> 32 | M65: =VLOOKUP($I65,$Q$6:$Y$278,5,FALSE) -> 1000 | N65: =VLOOKUP($I65,$Q$6:$Y$278,6,FALSE) -> 0 | P65: =COUNTIF($J$6:$J$278,R65) -> 1 | Q65: 20B | R65: ADC1S23 | S65: 1 | T65: 32 | U65: 1000 | V65: 0 | W65: R | AA65: EHV2G70 | AB65: 202 | AC65: 1 | AD65: 32 | AE65: 1000 | AF65: 0
A66: CAN_CFG_ID_VALUE_5_MB024 | B66: 24 | C66: 0x0000020B | D66: 0x00000000 | E66: 0 | F66: 523 | H66: 0x0000020b | I66: =UPPER(RIGHT(H62,3)) -> 602 | J66: =VLOOKUP($I66,$Q$6:$Y$278,2,FALSE) -> BDC1SV2 | K66: =VLOOKUP($I66,$Q$6:$Y$278,3,FALSE) -> 1 | L66: =VLOOKUP($I66,$Q$6:$Y$278,4,FALSE) -> 32 | M66: =VLOOKUP($I66,$Q$6:$Y$278,5,FALSE) -> 1000 | N66: =VLOOKUP($I66,$Q$6:$Y$278,6,FALSE) -> 0 | P66: =COUNTIF($J$6:$J$278,R66) -> 1 | Q66: 20E | R66: ADU1S07 | S66: 1 | T66: 32 | U66: 1000 | V66: 0 | W66: R | AA66: BDC1SV2 | AB66: 602 | AC66: 1 | AD66: 32 | AE66: 1000 | AF66: 0
A67: CAN_CFG_ID_VALUE_5_MB027 | B67: 27 | C67: 0x0000020E | D67: 0x00000000 | E67: 0 | F67: 526 | H67: 0x0000020e | I67: =UPPER(RIGHT(H63,3)) -> 204 | J67: =VLOOKUP($I67,$Q$6:$Y$278,2,FALSE) -> PLG1S21 | K67: =VLOOKUP($I67,$Q$6:$Y$278,3,FALSE) -> 1 | L67: =VLOOKUP($I67,$Q$6:$Y$278,4,FALSE) -> 32 | M67: =VLOOKUP($I67,$Q$6:$Y$278,5,FALSE) -> 1000 | N67: =VLOOKUP($I67,$Q$6:$Y$278,6,FALSE) -> 0 | P67: =COUNTIF($J$6:$J$278,R67) -> 1 | Q67: 214 | R67: BAT1E41 | S67: 1 | T67: 32 | U67: 1000 | V67: 0 | W67: R | AA67: PLG1S21 | AB67: 204 | AC67: 1 | AD67: 32 | AE67: 1000 | AF67: 0
A68: CAN_CFG_ID_VALUE_5_MB097 | B68: 97 | C68: 0x00000235 | D68: 0x00000000 | E68: 0 | F68: 565 | H68: 0x00000235 | I68: =UPPER(RIGHT(H64,3)) -> 214 | J68: =VLOOKUP($I68,$Q$6:$Y$278,2,FALSE) -> BAT1E41 | K68: =VLOOKUP($I68,$Q$6:$Y$278,3,FALSE) -> 1 | L68: =VLOOKUP($I68,$Q$6:$Y$278,4,FALSE) -> 32 | M68: =VLOOKUP($I68,$Q$6:$Y$278,5,FALSE) -> 1000 | N68: =VLOOKUP($I68,$Q$6:$Y$278,6,FALSE) -> 0 | P68: =COUNTIF($J$6:$J$278,R68) -> 1 | Q68: 235 | R68: BSR1S02 | S68: 1 | T68: 8 | U68: 1000 | V68: 0 | W68: R | AA68: BAT1E41 | AB68: 214 | AC68: 1 | AD68: 32 | AE68: 1000 | AF68: 0
C69: 0x00000251 | D69: 0x00000000 | E69: 0 | F69: 593 | H69: 0x00000251 | I69: =UPPER(RIGHT(H65,3)) -> 207 | J69: =VLOOKUP($I69,$Q$6:$Y$278,2,FALSE) -> ADC1S13 | K69: =VLOOKUP($I69,$Q$6:$Y$278,3,FALSE) -> 1 | L69: =VLOOKUP($I69,$Q$6:$Y$278,4,FALSE) -> 32 | M69: =VLOOKUP($I69,$Q$6:$Y$278,5,FALSE) -> 1000 | N69: =VLOOKUP($I69,$Q$6:$Y$278,6,FALSE) -> 0 | P69: =COUNTIF($J$6:$J$278,R69) -> 1 | Q69: 251 | R69: FCM1S39 | S69: 1 | T69: 8 | U69: 1000 | V69: 0 | W69: R | AA69: ADC1S13 | AB69: 207 | AC69: 1 | AD69: 32 | AE69: 1000 | AF69: 0
A70: CAN_CFG_ID_VALUE_5_MB020 | B70: 20 | C70: 0x00000251 | D70: 0x00000004 | E70: 4 | F70: 593 | H70: 0x00000255 | I70: =UPPER(RIGHT(H66,3)) -> 20B | J70: =VLOOKUP($I70,$Q$6:$Y$278,2,FALSE) -> ADC1S23 | K70: =VLOOKUP($I70,$Q$6:$Y$278,3,FALSE) -> 1 | L70: =VLOOKUP($I70,$Q$6:$Y$278,4,FALSE) -> 32 | M70: =VLOOKUP($I70,$Q$6:$Y$278,5,FALSE) -> 1000 | N70: =VLOOKUP($I70,$Q$6:$Y$278,6,FALSE) -> 0 | P70: =COUNTIF($J$6:$J$278,R70) -> 1 | Q70: 255 | R70: ACN1S25 | S70: 1 | T70: 32 | U70: 1000 | V70: 0 | W70: R | AA70: ADC1S23 | AB70: 20B | AC70: 1 | AD70: 32 | AE70: 1000 | AF70: 0
C71: 0x0000025A | D71: 0x00000000 | E71: 0 | F71: 602 | H71: 0x0000025a | I71: =UPPER(RIGHT(H67,3)) -> 20E | J71: =VLOOKUP($I71,$Q$6:$Y$278,2,FALSE) -> ADU1S07 | K71: =VLOOKUP($I71,$Q$6:$Y$278,3,FALSE) -> 1 | L71: =VLOOKUP($I71,$Q$6:$Y$278,4,FALSE) -> 32 | M71: =VLOOKUP($I71,$Q$6:$Y$278,5,FALSE) -> 1000 | N71: =VLOOKUP($I71,$Q$6:$Y$278,6,FALSE) -> 0 | P71: =COUNTIF($J$6:$J$278,R71) -> 1 | Q71: 25A | R71: FCM1S70 | S71: 1 | T71: 8 | U71: 1000 | V71: 0 | W71: R | AA71: ADU1S07 | AB71: 20E | AC71: 1 | AD71: 32 | AE71: 1000 | AF71: 0
A72: CAN_CFG_ID_VALUE_5_MB102 | B72: 102 | C72: 0x0000025A | D72: 0x00000080 | E72: 128 | F72: 602 | H72: 0x000002da | I72: =UPPER(RIGHT(H68,3)) -> 235 | J72: =VLOOKUP($I72,$Q$6:$Y$278,2,FALSE) -> BSR1S02 | K72: =VLOOKUP($I72,$Q$6:$Y$278,3,FALSE) -> 1 | L72: =VLOOKUP($I72,$Q$6:$Y$278,4,FALSE) -> 8 | M72: =VLOOKUP($I72,$Q$6:$Y$278,5,FALSE) -> 1000 | N72: =VLOOKUP($I72,$Q$6:$Y$278,6,FALSE) -> 0 | P72: =COUNTIF($J$6:$J$278,R72) -> 1 | Q72: 27B | R72: ITS1S08 | S72: 1 | T72: 8 | U72: 1000 | V72: 0 | W72: R | AA72: BSR1S02 | AB72: 235 | AC72: 1 | AD72: 8 | AE72: 1000 | AF72: 0
A73: CAN_CFG_ID_VALUE_5_MB130 | B73: 130 | C73: 0x0000027B | D73: 0x00000000 | E73: 0 | F73: 635 | H73: 0x0000027b | I73: =UPPER(RIGHT(H69,3)) -> 251 | J73: =VLOOKUP($I73,$Q$6:$Y$278,2,FALSE) -> FCM1S39 | K73: =VLOOKUP($I73,$Q$6:$Y$278,3,FALSE) -> 1 | L73: =VLOOKUP($I73,$Q$6:$Y$278,4,FALSE) -> 8 | M73: =VLOOKUP($I73,$Q$6:$Y$278,5,FALSE) -> 1000 | N73: =VLOOKUP($I73,$Q$6:$Y$278,6,FALSE) -> 0 | P73: =COUNTIF($J$6:$J$278,R73) -> 1 | Q73: 282 | R73: DDM1SFH | S73: 1 | T73: 32 | U73: 1000 | V73: 0 | W73: R | AA73: FCM1S39 | AB73: 251 | AC73: 1 | AD73: 8 | AE73: 1000 | AF73: 0
C74: 0x00000282 | D74: 0x00000000 | E74: 0 | F74: 642 | H74: 0x00000282 | I74: =UPPER(RIGHT(H70,3)) -> 255 | J74: =VLOOKUP($I74,$Q$6:$Y$278,2,FALSE) -> ACN1S25 | K74: =VLOOKUP($I74,$Q$6:$Y$278,3,FALSE) -> 1 | L74: =VLOOKUP($I74,$Q$6:$Y$278,4,FALSE) -> 32 | M74: =VLOOKUP($I74,$Q$6:$Y$278,5,FALSE) -> 1000 | N74: =VLOOKUP($I74,$Q$6:$Y$278,6,FALSE) -> 0 | P74: =COUNTIF($J$6:$J$278,R74) -> 1 | Q74: 285 | R74: DS11S27 | S74: 1 | T74: 8 | U74: 1000 | V74: 0 | W74: R | AA74: ACN1S25 | AB74: 255 | AC74: 1 | AD74: 32 | AE74: 1000 | AF74: 0
A75: CAN_CFG_ID_VALUE_5_MB016 | B75: 16 | C75: 0x00000282 | D75: 0x00000100 | E75: 256 | F75: 642 | H75: 0x00000382 | I75: =UPPER(RIGHT(H71,3)) -> 25A | J75: =VLOOKUP($I75,$Q$6:$Y$278,2,FALSE) -> FCM1S70 | K75: =VLOOKUP($I75,$Q$6:$Y$278,3,FALSE) -> 1 | L75: =VLOOKUP($I75,$Q$6:$Y$278,4,FALSE) -> 8 | M75: =VLOOKUP($I75,$Q$6:$Y$278,5,FALSE) -> 1000 | N75: =VLOOKUP($I75,$Q$6:$Y$278,6,FALSE) -> 0 | P75: =COUNTIF($J$6:$J$278,R75) -> 1 | Q75: 295 | R75: PLG1G15 | S75: 1 | T75: 32 | U75: 1000 | V75: 0 | W75: R | AA75: FCM1S70 | AB75: 25A | AC75: 1 | AD75: 8 | AE75: 1000 | AF75: 0
A76: CAN_CFG_ID_VALUE_5_MB105 | B76: 105 | C76: 0x00000285 | D76: 0x00000000 | E76: 0 | F76: 645 | H76: 0x00000285 | I76: =UPPER(RIGHT(H72,3)) -> 2DA | J76: =VLOOKUP($I76,$Q$6:$Y$278,2,FALSE) -> DDM1S20 | K76: =VLOOKUP($I76,$Q$6:$Y$278,3,FALSE) -> 1 | L76: =VLOOKUP($I76,$Q$6:$Y$278,4,FALSE) -> 32 | M76: =VLOOKUP($I76,$Q$6:$Y$278,5,FALSE) -> 1000 | N76: =VLOOKUP($I76,$Q$6:$Y$278,6,FALSE) -> 1 | P76: =COUNTIF($J$6:$J$278,R76) -> 1 | Q76: 296 | R76: PLG1G16 | S76: 1 | T76: 32 | U76: 1000 | V76: 0 | W76: R | AA76: DDM1S20 | AB76: 2DA | AC76: 1 | AD76: 32 | AE76: 1000 | AF76: 1
C77: 0x00000295 | D77: 0x00000000 | E77: 0 | F77: 661 | H77: 0x00000295 | I77: =UPPER(RIGHT(H73,3)) -> 27B | J77: =VLOOKUP($I77,$Q$6:$Y$278,2,FALSE) -> ITS1S08 | K77: =VLOOKUP($I77,$Q$6:$Y$278,3,FALSE) -> 1 | L77: =VLOOKUP($I77,$Q$6:$Y$278,4,FALSE) -> 8 | M77: =VLOOKUP($I77,$Q$6:$Y$278,5,FALSE) -> 1000 | N77: =VLOOKUP($I77,$Q$6:$Y$278,6,FALSE) -> 0 | P77: =COUNTIF($J$6:$J$278,R77) -> 1 | Q77: 2A6 | R77: PLG1S20 | S77: 1 | T77: 32 | U77: 1000 | V77: 0 | W77: R | AA77: ITS1S08 | AB77: 27B | AC77: 1 | AD77: 8 | AE77: 1000 | AF77: 0
A78: CAN_CFG_ID_VALUE_5_MB067 | B78: 67 | C78: 0x00000295 | D78: 0x00000100 | E78: 256 | F78: 661 | H78: 0x00000395 | I78: =UPPER(RIGHT(H74,3)) -> 282 | J78: =VLOOKUP($I78,$Q$6:$Y$278,2,FALSE) -> DDM1SFH | K78: =VLOOKUP($I78,$Q$6:$Y$278,3,FALSE) -> 1 | L78: =VLOOKUP($I78,$Q$6:$Y$278,4,FALSE) -> 32 | M78: =VLOOKUP($I78,$Q$6:$Y$278,5,FALSE) -> 1000 | N78: =VLOOKUP($I78,$Q$6:$Y$278,6,FALSE) -> 0 | P78: =COUNTIF($J$6:$J$278,R78) -> 1 | Q78: 2AF | R78: BSR1S03 | S78: 1 | T78: 8 | U78: 1000 | V78: 0 | W78: R | AA78: DDM1SFH | AB78: 282 | AC78: 1 | AD78: 32 | AE78: 1000 | AF78: 0
A79: CAN_CFG_ID_VALUE_5_MB132 | B79: 132 | C79: 0x00000296 | D79: 0x00000000 | E79: 0 | F79: 662 | H79: 0x00000296 | I79: =UPPER(RIGHT(H75,3)) -> 382 | J79: =VLOOKUP($I79,$Q$6:$Y$278,2,FALSE) -> ACN1S05 | K79: =VLOOKUP($I79,$Q$6:$Y$278,3,FALSE) -> 1 | L79: =VLOOKUP($I79,$Q$6:$Y$278,4,FALSE) -> 8 | M79: =VLOOKUP($I79,$Q$6:$Y$278,5,FALSE) -> 5000 | N79: =VLOOKUP($I79,$Q$6:$Y$278,6,FALSE) -> 0 | P79: =COUNTIF($J$6:$J$278,R79) -> 1 | Q79: 2B3 | R79: BDC1SH8 | S79: 1 | T79: 8 | U79: 1000 | V79: 0 | W79: R | AA79: ACN1S05 | AB79: 382 | AC79: 1 | AD79: 8 | AE79: 5000 | AF79: 0
A80: CAN_CFG_ID_VALUE_5_MB133 | B80: 133 | C80: 0x000002A6 | D80: 0x00000000 | E80: 0 | F80: 678 | H80: 0x000002a6 | I80: =UPPER(RIGHT(H76,3)) -> 285 | J80: =VLOOKUP($I80,$Q$6:$Y$278,2,FALSE) -> DS11S27 | K80: =VLOOKUP($I80,$Q$6:$Y$278,3,FALSE) -> 1 | L80: =VLOOKUP($I80,$Q$6:$Y$278,4,FALSE) -> 8 | M80: =VLOOKUP($I80,$Q$6:$Y$278,5,FALSE) -> 1000 | N80: =VLOOKUP($I80,$Q$6:$Y$278,6,FALSE) -> 0 | P80: =COUNTIF($J$6:$J$278,R80) -> 1 | Q80: 2DA | R80: DDM1S20 | S80: 1 | T80: 32 | U80: 1000 | V80: 1 | W80: R | AA80: DS11S27 | AB80: 285 | AC80: 1 | AD80: 8 | AE80: 1000 | AF80: 0
A81: CAN_CFG_ID_VALUE_5_MB098 | B81: 98 | C81: 0x000002AF | D81: 0x00000000 | E81: 0 | F81: 687 | H81: 0x000002af | I81: =UPPER(RIGHT(H77,3)) -> 295 | J81: =VLOOKUP($I81,$Q$6:$Y$278,2,FALSE) -> PLG1G15 | K81: =VLOOKUP($I81,$Q$6:$Y$278,3,FALSE) -> 1 | L81: =VLOOKUP($I81,$Q$6:$Y$278,4,FALSE) -> 32 | M81: =VLOOKUP($I81,$Q$6:$Y$278,5,FALSE) -> 1000 | N81: =VLOOKUP($I81,$Q$6:$Y$278,6,FALSE) -> 0 | P81: =COUNTIF($J$6:$J$278,R81) -> 1 | Q81: 2E5 | R81: DDM1S35 | S81: 1 | T81: 32 | U81: 1000 | V81: 0 | W81: R | AA81: PLG1G15 | AB81: 295 | AC81: 1 | AD81: 32 | AE81: 1000 | AF81: 0
C82: 0x000002B3 | D82: 0x00000000 | E82: 0 | F82: 691 | H82: 0x000002b3 | I82: =UPPER(RIGHT(H78,3)) -> 395 | J82: =VLOOKUP($I82,$Q$6:$Y$278,2,FALSE) -> BDC1SC2 | K82: =VLOOKUP($I82,$Q$6:$Y$278,3,FALSE) -> 1 | L82: =VLOOKUP($I82,$Q$6:$Y$278,4,FALSE) -> 64 | M82: =VLOOKUP($I82,$Q$6:$Y$278,5,FALSE) -> 1000 | N82: =VLOOKUP($I82,$Q$6:$Y$278,6,FALSE) -> 1 | P82: =COUNTIF($J$6:$J$278,R82) -> 1 | Q82: 2EB | R82: EHV1SL2 | S82: 1 | T82: 8 | U82: 1000 | V82: 0 | W82: R | AA82: BDC1SC2 | AB82: 395 | AC82: 1 | AD82: 64 | AE82: 1000 | AF82: 1
A83: CAN_CFG_ID_VALUE_5_MB085 | B83: 85 | C83: 0x000002B3 | D83: 0x00000040 | E83: 64 | F83: 691 | H83: 0x000002f3 | I83: =UPPER(RIGHT(H79,3)) -> 296 | J83: =VLOOKUP($I83,$Q$6:$Y$278,2,FALSE) -> PLG1G16 | K83: =VLOOKUP($I83,$Q$6:$Y$278,3,FALSE) -> 1 | L83: =VLOOKUP($I83,$Q$6:$Y$278,4,FALSE) -> 32 | M83: =VLOOKUP($I83,$Q$6:$Y$278,5,FALSE) -> 1000 | N83: =VLOOKUP($I83,$Q$6:$Y$278,6,FALSE) -> 0 | P83: =COUNTIF($J$6:$J$278,R83) -> 1 | Q83: 2EE | R83: DDM1S16 | S83: 1 | T83: 32 | U83: 1000 | V83: 0 | W83: R | AA83: PLG1G16 | AB83: 296 | AC83: 1 | AD83: 32 | AE83: 1000 | AF83: 0
A84: CAN_CFG_ID_VALUE_5_MB103 | B84: 103 | C84: 0x000002E5 | D84: 0x00000000 | E84: 0 | F84: 741 | H84: 0x000002e5 | I84: =UPPER(RIGHT(H80,3)) -> 2A6 | J84: =VLOOKUP($I84,$Q$6:$Y$278,2,FALSE) -> PLG1S20 | K84: =VLOOKUP($I84,$Q$6:$Y$278,3,FALSE) -> 1 | L84: =VLOOKUP($I84,$Q$6:$Y$278,4,FALSE) -> 32 | M84: =VLOOKUP($I84,$Q$6:$Y$278,5,FALSE) -> 1000 | N84: =VLOOKUP($I84,$Q$6:$Y$278,6,FALSE) -> 0 | P84: =COUNTIF($J$6:$J$278,R84) -> 1 | Q84: 2F3 | R84: CMB1S04 | S84: 1 | T84: 8 | U84: 1000 | V84: 0 | W84: R | AA84: PLG1S20 | AB84: 2A6 | AC84: 1 | AD84: 32 | AE84: 1000 | AF84: 0
A85: CAN_CFG_ID_VALUE_5_MB117 | B85: 117 | C85: 0x000002EB | D85: 0x00000000 | E85: 0 | F85: 747 | H85: 0x000002eb | I85: =UPPER(RIGHT(H81,3)) -> 2AF | J85: =VLOOKUP($I85,$Q$6:$Y$278,2,FALSE) -> BSR1S03 | K85: =VLOOKUP($I85,$Q$6:$Y$278,3,FALSE) -> 1 | L85: =VLOOKUP($I85,$Q$6:$Y$278,4,FALSE) -> 8 | M85: =VLOOKUP($I85,$Q$6:$Y$278,5,FALSE) -> 1000 | N85: =VLOOKUP($I85,$Q$6:$Y$278,6,FALSE) -> 0 | P85: =COUNTIF($J$6:$J$278,R85) -> 1 | Q85: 2F9 | R85: WIP1S01 | S85: 1 | T85: 8 | U85: 1000 | V85: 0 | W85: R | AA85: BSR1S03 | AB85: 2AF | AC85: 1 | AD85: 8 | AE85: 1000 | AF85: 0
A86: CAN_CFG_ID_VALUE_5_MB100 | B86: 100 | C86: 0x000002EE | D86: 0x00000000 | E86: 0 | F86: 750 | H86: 0x000002ee | I86: =UPPER(RIGHT(H82,3)) -> 2B3 | J86: =VLOOKUP($I86,$Q$6:$Y$278,2,FALSE) -> BDC1SH8 | K86: =VLOOKUP($I86,$Q$6:$Y$278,3,FALSE) -> 1 | L86: =VLOOKUP($I86,$Q$6:$Y$278,4,FALSE) -> 8 | M86: =VLOOKUP($I86,$Q$6:$Y$278,5,FALSE) -> 1000 | N86: =VLOOKUP($I86,$Q$6:$Y$278,6,FALSE) -> 0 | P86: =COUNTIF($J$6:$J$278,R86) -> 1 | Q86: 2FD | R86: SCS1S11 | S86: 1 | T86: 32 | U86: 2000 | V86: 0 | W86: R | AA86: BDC1SH8 | AB86: 2B3 | AC86: 1 | AD86: 8 | AE86: 1000 | AF86: 0
C87: 0x000002F9 | D87: 0x00000000 | E87: 0 | F87: 761 | H87: 0x000002f9 | I87: =UPPER(RIGHT(H83,3)) -> 2F3 | J87: =VLOOKUP($I87,$Q$6:$Y$278,2,FALSE) -> CMB1S04 | K87: =VLOOKUP($I87,$Q$6:$Y$278,3,FALSE) -> 1 | L87: =VLOOKUP($I87,$Q$6:$Y$278,4,FALSE) -> 8 | M87: =VLOOKUP($I87,$Q$6:$Y$278,5,FALSE) -> 1000 | N87: =VLOOKUP($I87,$Q$6:$Y$278,6,FALSE) -> 0 | P87: =COUNTIF($J$6:$J$278,R87) -> 1 | Q87: 305 | R87: BDB1S26 | S87: 1 | T87: 8 | U87: 1000 | V87: 0 | W87: R | AA87: CMB1S04 | AB87: 2F3 | AC87: 1 | AD87: 8 | AE87: 1000 | AF87: 0
A88: CAN_CFG_ID_VALUE_5_MB136 | B88: 136 | C88: 0x000002F9 | D88: 0x00000004 | E88: 4 | F88: 761 | H88: 0x000002fd | I88: =UPPER(RIGHT(H84,3)) -> 2E5 | J88: =VLOOKUP($I88,$Q$6:$Y$278,2,FALSE) -> DDM1S35 | K88: =VLOOKUP($I88,$Q$6:$Y$278,3,FALSE) -> 1 | L88: =VLOOKUP($I88,$Q$6:$Y$278,4,FALSE) -> 32 | M88: =VLOOKUP($I88,$Q$6:$Y$278,5,FALSE) -> 1000 | N88: =VLOOKUP($I88,$Q$6:$Y$278,6,FALSE) -> 0 | P88: =COUNTIF($J$6:$J$278,R88) -> 1 | Q88: 306 | R88: BDB1S25 | S88: 1 | T88: 8 | U88: 1000 | V88: 0 | W88: R | AA88: DDM1S35 | AB88: 2E5 | AC88: 1 | AD88: 32 | AE88: 1000 | AF88: 0
C89: 0x00000305 | D89: 0x00000000 | E89: 0 | F89: 773 | H89: 0x00000305 | I89: =UPPER(RIGHT(H85,3)) -> 2EB | J89: =VLOOKUP($I89,$Q$6:$Y$278,2,FALSE) -> EHV1SL2 | K89: =VLOOKUP($I89,$Q$6:$Y$278,3,FALSE) -> 1 | L89: =VLOOKUP($I89,$Q$6:$Y$278,4,FALSE) -> 8 | M89: =VLOOKUP($I89,$Q$6:$Y$278,5,FALSE) -> 1000 | N89: =VLOOKUP($I89,$Q$6:$Y$278,6,FALSE) -> 0 | P89: =COUNTIF($J$6:$J$278,R89) -> 1 | Q89: 312 | R89: BDC1S13 | S89: 1 | T89: 32 | U89: 1000 | V89: 1 | W89: R | AA89: EHV1SL2 | AB89: 2EB | AC89: 1 | AD89: 8 | AE89: 1000 | AF89: 0
A90: CAN_CFG_ID_VALUE_5_MB042 | B90: 42 | C90: 0x00000305 | D90: 0x00000020 | E90: 32 | F90: 773 | H90: 0x00000325 | I90: =UPPER(RIGHT(H86,3)) -> 2EE | J90: =VLOOKUP($I90,$Q$6:$Y$278,2,FALSE) -> DDM1S16 | K90: =VLOOKUP($I90,$Q$6:$Y$278,3,FALSE) -> 1 | L90: =VLOOKUP($I90,$Q$6:$Y$278,4,FALSE) -> 32 | M90: =VLOOKUP($I90,$Q$6:$Y$278,5,FALSE) -> 1000 | N90: =VLOOKUP($I90,$Q$6:$Y$278,6,FALSE) -> 0 | P90: =COUNTIF($J$6:$J$278,R90) -> 1 | Q90: 314 | R90: ITS1S05 | S90: 1 | T90: 8 | U90: 1000 | V90: 0 | W90: R | AA90: DDM1S16 | AB90: 2EE | AC90: 1 | AD90: 32 | AE90: 1000 | AF90: 0
A91: CAN_CFG_ID_VALUE_5_MB041 | B91: 41 | C91: 0x00000306 | D91: 0x00000000 | E91: 0 | F91: 774 | H91: 0x00000306 | I91: =UPPER(RIGHT(H87,3)) -> 2F9 | J91: =VLOOKUP($I91,$Q$6:$Y$278,2,FALSE) -> WIP1S01 | K91: =VLOOKUP($I91,$Q$6:$Y$278,3,FALSE) -> 1 | L91: =VLOOKUP($I91,$Q$6:$Y$278,4,FALSE) -> 8 | M91: =VLOOKUP($I91,$Q$6:$Y$278,5,FALSE) -> 1000 | N91: =VLOOKUP($I91,$Q$6:$Y$278,6,FALSE) -> 0 | P91: =COUNTIF($J$6:$J$278,R91) -> 1 | Q91: 317 | R91: DS11S37 | S91: 1 | T91: 8 | U91: 1000 | V91: 0 | W91: R | AA91: WIP1S01 | AB91: 2F9 | AC91: 1 | AD91: 8 | AE91: 1000 | AF91: 0
A92: CAN_CFG_ID_VALUE_5_MB049 | B92: 49 | C92: 0x00000312 | D92: 0x00000000 | E92: 0 | F92: 786 | H92: 0x00000312 | I92: =UPPER(RIGHT(H88,3)) -> 2FD | J92: =VLOOKUP($I92,$Q$6:$Y$278,2,FALSE) -> SCS1S11 | K92: =VLOOKUP($I92,$Q$6:$Y$278,3,FALSE) -> 1 | L92: =VLOOKUP($I92,$Q$6:$Y$278,4,FALSE) -> 32 | M92: =VLOOKUP($I92,$Q$6:$Y$278,5,FALSE) -> 2000 | N92: =VLOOKUP($I92,$Q$6:$Y$278,6,FALSE) -> 0 | P92: =COUNTIF($J$6:$J$278,R92) -> 1 | Q92: 318 | R92: VAS1S01 | S92: 1 | T92: 8 | U92: 1000 | V92: 0 | W92: R | AA92: SCS1S11 | AB92: 2FD | AC92: 1 | AD92: 32 | AE92: 2000 | AF92: 0
A93: CAN_CFG_ID_VALUE_5_MB129 | B93: 129 | C93: 0x00000314 | D93: 0x00000000 | E93: 0 | F93: 788 | H93: 0x00000314 | I93: =UPPER(RIGHT(H89,3)) -> 305 | J93: =VLOOKUP($I93,$Q$6:$Y$278,2,FALSE) -> BDB1S26 | K93: =VLOOKUP($I93,$Q$6:$Y$278,3,FALSE) -> 1 | L93: =VLOOKUP($I93,$Q$6:$Y$278,4,FALSE) -> 8 | M93: =VLOOKUP($I93,$Q$6:$Y$278,5,FALSE) -> 1000 | N93: =VLOOKUP($I93,$Q$6:$Y$278,6,FALSE) -> 0 | P93: =COUNTIF($J$6:$J$278,R93) -> 1 | Q93: 31E | R93: BDC1SI4 | S93: 1 | T93: 64 | U93: 1000 | V93: 0 | W93: R | AA93: BDB1S26 | AB93: 305 | AC93: 1 | AD93: 8 | AE93: 1000 | AF93: 0
C94: 0x00000317 | D94: 0x00000000 | E94: 0 | F94: 791 | H94: 0x00000317 | I94: =UPPER(RIGHT(H90,3)) -> 325 | J94: =VLOOKUP($I94,$Q$6:$Y$278,2,FALSE) -> EHV1S31 | K94: =VLOOKUP($I94,$Q$6:$Y$278,3,FALSE) -> 1 | L94: =VLOOKUP($I94,$Q$6:$Y$278,4,FALSE) -> 8 | M94: =VLOOKUP($I94,$Q$6:$Y$278,5,FALSE) -> 1000 | N94: =VLOOKUP($I94,$Q$6:$Y$278,6,FALSE) -> 0 | P94: =COUNTIF($J$6:$J$278,R94) -> 1 | Q94: 31F | R94: BDC1SI5 | S94: 1 | T94: 64 | U94: 1000 | V94: 0 | W94: R | AA94: EHV1S31 | AB94: 325 | AC94: 1 | AD94: 8 | AE94: 1000 | AF94: 0
C95: 0x00000317 | D95: 0x00000008 | E95: 8 | F95: 791 | H95: 0x0000031f | I95: =UPPER(RIGHT(H91,3)) -> 306 | J95: =VLOOKUP($I95,$Q$6:$Y$278,2,FALSE) -> BDB1S25 | K95: =VLOOKUP($I95,$Q$6:$Y$278,3,FALSE) -> 1 | L95: =VLOOKUP($I95,$Q$6:$Y$278,4,FALSE) -> 8 | M95: =VLOOKUP($I95,$Q$6:$Y$278,5,FALSE) -> 1000 | N95: =VLOOKUP($I95,$Q$6:$Y$278,6,FALSE) -> 0 | P95: =COUNTIF($J$6:$J$278,R95) -> 1 | Q95: 320 | R95: BDC1S14 | S95: 1 | T95: 32 | U95: 1000 | V95: 0 | W95: R | AA95: BDB1S25 | AB95: 306 | AC95: 1 | AD95: 8 | AE95: 1000 | AF95: 0
C96: 0x00000317 | D96: 0x00000020 | E96: 32 | F96: 791 | H96: 0x00000337 | I96: =UPPER(RIGHT(H92,3)) -> 312 | J96: =VLOOKUP($I96,$Q$6:$Y$278,2,FALSE) -> BDC1S13 | K96: =VLOOKUP($I96,$Q$6:$Y$278,3,FALSE) -> 1 | L96: =VLOOKUP($I96,$Q$6:$Y$278,4,FALSE) -> 32 | M96: =VLOOKUP($I96,$Q$6:$Y$278,5,FALSE) -> 1000 | N96: =VLOOKUP($I96,$Q$6:$Y$278,6,FALSE) -> 1 | P96: =COUNTIF($J$6:$J$278,R96) -> 1 | Q96: 321 | R96: BDC1SI6 | S96: 1 | T96: 64 | U96: 1000 | V96: 0 | W96: R | AA96: BDC1S13 | AB96: 312 | AC96: 1 | AD96: 32 | AE96: 1000 | AF96: 1
A97: CAN_CFG_ID_VALUE_5_MB058 | B97: 58 | C97: 0x00000317 | D97: 0x00000028 | E97: 40 | F97: 791 | H97: 0x0000033f | I97: =UPPER(RIGHT(H93,3)) -> 314 | J97: =VLOOKUP($I97,$Q$6:$Y$278,2,FALSE) -> ITS1S05 | K97: =VLOOKUP($I97,$Q$6:$Y$278,3,FALSE) -> 1 | L97: =VLOOKUP($I97,$Q$6:$Y$278,4,FALSE) -> 8 | M97: =VLOOKUP($I97,$Q$6:$Y$278,5,FALSE) -> 1000 | N97: =VLOOKUP($I97,$Q$6:$Y$278,6,FALSE) -> 0 | P97: =COUNTIF($J$6:$J$278,R97) -> 1 | Q97: 325 | R97: EHV1S31 | S97: 1 | T97: 8 | U97: 1000 | V97: 0 | W97: R | AA97: ITS1S05 | AB97: 314 | AC97: 1 | AD97: 8 | AE97: 1000 | AF97: 0
C98: 0x00000318 | D98: 0x00000000 | E98: 0 | F98: 792 | H98: 0x00000318 | I98: =UPPER(RIGHT(H94,3)) -> 317 | J98: =VLOOKUP($I98,$Q$6:$Y$278,2,FALSE) -> DS11S37 | K98: =VLOOKUP($I98,$Q$6:$Y$278,3,FALSE) -> 1 | L98: =VLOOKUP($I98,$Q$6:$Y$278,4,FALSE) -> 8 | M98: =VLOOKUP($I98,$Q$6:$Y$278,5,FALSE) -> 1000 | N98: =VLOOKUP($I98,$Q$6:$Y$278,6,FALSE) -> 0 | P98: =COUNTIF($J$6:$J$278,R98) -> 1 | Q98: 328 | R98: RST1S03 | S98: 1 | T98: 8 | U98: 1000 | V98: 0 | W98: R | AA98: DS11S37 | AB98: 317 | AC98: 1 | AD98: 8 | AE98: 1000 | AF98: 0
A99: CAN_CFG_ID_VALUE_5_MB142 | B99: 142 | C99: 0x00000318 | D99: 0x00000080 | E99: 128 | F99: 792 | H99: 0x00000398 | I99: =UPPER(RIGHT(H95,3)) -> 31F | J99: =VLOOKUP($I99,$Q$6:$Y$278,2,FALSE) -> BDC1SI5 | K99: =VLOOKUP($I99,$Q$6:$Y$278,3,FALSE) -> 1 | L99: =VLOOKUP($I99,$Q$6:$Y$278,4,FALSE) -> 64 | M99: =VLOOKUP($I99,$Q$6:$Y$278,5,FALSE) -> 1000 | N99: =VLOOKUP($I99,$Q$6:$Y$278,6,FALSE) -> 0 | P99: =COUNTIF($J$6:$J$278,R99) -> 1 | Q99: 32A | R99: BDC1S16 | S99: 1 | T99: 32 | U99: 1000 | V99: 0 | W99: R | AA99: BDC1SI5 | AB99: 31F | AC99: 1 | AD99: 64 | AE99: 1000 | AF99: 0
A100: CAN_CFG_ID_VALUE_5_MB088 | B100: 88 | C100: 0x0000031E | D100: 0x00000000 | E100: 0 | F100: 798 | H100: 0x0000031e | I100: =UPPER(RIGHT(H96,3)) -> 337 | J100: =VLOOKUP($I100,$Q$6:$Y$278,2,FALSE) -> BDC1S48 | K100: =VLOOKUP($I100,$Q$6:$Y$278,3,FALSE) -> 1 | L100: =VLOOKUP($I100,$Q$6:$Y$278,4,FALSE) -> 32 | M100: =VLOOKUP($I100,$Q$6:$Y$278,5,FALSE) -> 1000 | N100: =VLOOKUP($I100,$Q$6:$Y$278,6,FALSE) -> 0 | P100: =COUNTIF($J$6:$J$278,R100) -> 1 | Q100: 32F | R100: RSE1G24 | S100: 1 | T100: 8 | U100: 1000 | V100: 0 | W100: R | AA100: BDC1S48 | AB100: 337 | AC100: 1 | AD100: 32 | AE100: 1000 | AF100: 0
...

Sheet CANRx_G2M-1_v2
A1: Message Inf. | K1: =L1+1 -> 12 | L1: =M1+1 -> 11 | M1: =N1+1 -> 10 | N1: =O1+1 -> 9 | O1: =P1+1 -> 8 | P1: =Q1+1 -> 7 | Q1: =R1+1 -> 6 | R1: =S1+1 -> 5 | ... V1: =W1+1 -> 1 | W1: 0
K2: =MAX(K6:K286) -> 0 | L2: =MAX(L6:L286) -> 1 | M2: =MAX(M6:M286) -> 1 | N2: =MAX(N6:N286) -> 1 | O2: =MAX(O6:O286) -> 0 | P2: =MAX(P6:P286) -> 0 | Q2: =MAX(Q6:Q286) -> 0 | R2: =MAX(R6:R286) -> 0 | ... W2: =MAX(W6:W286) -> 0 | X2: =SUM(K2:W2) -> 4 | Z2: EPUD-ID
G3: G2M-1 | H3: G2M-2 | I3: G5M | K3: =L3*2 -> 4096 | L3: =M3*2 -> 2048 | M3: =N3*2 -> 1024 | N3: =O3*2 -> 512 | O3: =P3*2 -> 256 | P3: =Q3*2 -> 128 | Q3: =R3*2 -> 64 | R3: =S3*2 -> 32 | ... V3: =W3*2 -> 2 | W3: 1 | X3: 3 | Z3: Egress #0 | AA3: Egress #1 | AB3: Egress #2
A4: Msg. Label | B4: CAN ID | C4: FDF | D4: DLC | E4: Com. Trans. Cycle | F4: KZK Message/C-DC Only | G4: Cockpit Domain Controller | H4: Cockpit Domain Controller | I4: Cockpit Domain Controller | K4: CAN_LPR_REGR_EN_PHY_RX_G2M2 | L4: CAN_LPR_REGR_EN_PHY_RX_G2M1 | M4: CAN_LPR_REGR_EN_UDS_TX_VIR_0 | N4: CAN_LPR_REGR_EN_VIR_TX_0 | O4: CAN_LPR_REGR_EN_PHY_TX_LOCA | P4: CAN_LPR_REGR_EN_PHY_TX_G5M | Q4: CAN_LPR_REGR_EN_PHY_TX_G2M1 | R4: CAN_LPR_REGR_EN_UDS_FQ_G2M1 | S4: CAN_LPR_REGR_EN_PHY_FQ_LOCA | T4: CAN_LPR_REGR_EN_PHY_FQ_G5M | U4: CAN_LPR_REGR_EN_PHY_FQ_G2M1 | V4: CAN_LPR_REGR_EN_SECOC_RX | W4: CAN_LPR_REGR_EN_SECOC_TX | X4: Number of EPDU-ID | Y4: Row of u2p_EPDU_ID[] | Z4: CAN_LPR_REGR_EN_SECOC_RX | AA4: CAN_LPR_REGR_EN_VIR_TX_0 bit#15-#8 : Controller bit#7-#0:Message Box | AB4: CAN_LPR_REGR_EN_UDS_TX_VIR_0 | AF4: Routing Rule Table Index/ CAN-ID Min | AG4: Routing Rule Table Index/ CAN-ID Max | AH4: CAN ID Hex | AI4: CAN ID Dec | AJ4: Range Min | AK4: Range Max | AL4: Data Length Min
B5: (11bit/29bit) | C5: (0/1) | D5: (dec) | E5: (ms) | F5: (0/1) | K5: # | L5: # | M5: # | N5: # | O5: # | P5: # | Q5: # | R5: # | S5: # | T5: # | U5: # | V5: # | W5: # | X5: # | Y5: # | Z5: # | AA5: # | AB5: # | AC5: # | AD5: # | AE5: # | AF5: # | AG5: # | AH5: # | AI5: # | AJ5: # | AK5: # | AM5: # | AN5: #
A6: BDC1S52 | B6: 013 | C6: 1 | D6: 64 | E6: - | F6: 0 | G6: R | K6: 0 | L6: 0 | M6: 0 | N6: 1 | O6: 0 | P6: 0 | Q6: 0 | R6: 0 | S6: 0 | T6: 0 | U6: 0 | V6: 0 | W6: 0 | Y6: 29 | Z6: 65535 | AA6: 32768 | AB6: 65535 | AF6: =IF(AF5="#",0,IF(AND(D5=D6,K5=K6,L5=L6,M5=M6,N5=N6,O5=O6,P5=P6,Q5=Q6,R5=R6,S5=S6,T5=T6,U5=U6,V5=V6,W5=W6,HEX2DEC(SUBSTITUTE(AH5,"0x",""))<HEX2DEC(SUBSTITUTE(AH6,"0x",""))),"",MAX($AF$6:AF6)+1)) -> 0 | AG6: =IF(MAX(INDEX($AF:$AF,ROW($AG$6)):INDEX($AF:$AF,ROW(AG6)))+1=AF7,MAX(INDEX($AF:$AF,ROW($AG$6)):INDEX($AF:$AF,ROW(AG6))),"") | AH6: =LOWER(IF(C6="1", "0x40000"&B6,"0x00000"&B6)) -> 0x40000013 | AI6: =HEX2DEC(RIGHT(AH6,8)) -> 1073741843 | AJ6: =IF(AF6<>"",AH6,"") -> 0x40000013 | AK6: =IF(AF6<>"",VLOOKUP(AF6,$AG$6:$AH$286,2,TRUE),"") -> 0x40000062 | AL6: =IF($AF6<>"",MIN($D6:$D6),"") -> 64
A7: BDC1S60 | B7: 01B | C7: 1 | D7: 64 | E7: - | F7: 0 | G7: R | K7: 0 | L7: 0 | M7: 0 | N7: 1 | O7: 0 | P7: 0 | Q7: 0 | R7: 0 | S7: 0 | T7: 0 | U7: 0 | V7: 0 | W7: 0 | Y7: 29 | Z7: 65535 | AA7: 32768 | AB7: 65535 | AF7: =IF(V7=1,MAX($AF$6:AF6)+1,IF(AF6="#",0,IF(AND(D6=D7,K6=K7,L6=L7,M6=M7,N6=N7,O6=O7,P6=P7,Q6=Q7,R6=R7,S6=S7,T6=T7,U6=U7,V6=V7,W6=W7,HEX2DEC(SUBSTITUTE(AH6,"0x",""))<HEX2DEC(SUBSTITUTE(AH7,"0x",""))),"",MAX($AF$6:AF6)+1))) | AG7: =IF(MAX(INDEX($AF:$AF,ROW($AG$6)):INDEX($AF:$AF,ROW(AG7)))+1=AF8,MAX(INDEX($AF:$AF,ROW($AG$6)):INDEX($AF:$AF,ROW(AG7))),"") | AH7: =LOWER(IF(C7="1", "0x40000"&B7,"0x00000"&B7)) -> 0x4000001b | AI7: =HEX2DEC(RIGHT(AH7,8)) -> 1073741851 | AJ7: =IF(AF7<>"",AH7,"") | AK7: =IF(AF7<>"",VLOOKUP(AF7,$AG$6:$AH$286,2,TRUE),"") | AL7: =IF($AF7<>"",MIN($D7:$D7),"") | AN7: =IF(AI6<AI7,"ok","not ok") -> ok | AO7: CAN_CFG_ID_VALUE_5_MB
A8: EPS1S11 | B8: 062 | C8: 1 | D8: 64 | E8: 10 | F8: 1 | G8: R | K8: 0 | L8: 0 | M8: 0 | N8: 1 | O8: 0 | P8: 0 | Q8: 0 | R8: 0 | S8: 0 | T8: 0 | U8: 0 | V8: 0 | W8: 0 | Y8: 29 | Z8: 65535 | AA8: 32768 | AB8: 65535 | AF8: =IF(V8=1,MAX($AF$6:AF7)+1,IF(AF7="#",0,IF(AND(D7=D8,K7=K8,L7=L8,M7=M8,N7=N8,O7=O8,P7=P8,Q7=Q8,R7=R8,S7=S8,T7=T8,U7=U8,V7=V8,W7=W8,HEX2DEC(SUBSTITUTE(AH7,"0x",""))<HEX2DEC(SUBSTITUTE(AH8,"0x",""))),"",MAX($AF$6:AF7)+1))) | AG8: =IF(MAX(INDEX($AF:$AF,ROW($AG$6)):INDEX($AF:$AF,ROW(AG8)))+1=AF9,MAX(INDEX($AF:$AF,ROW($AG$6)):INDEX($AF:$AF,ROW(AG8))),"") -> 0 | AH8: =LOWER(IF(C8="1", "0x40000"&B8,"0x00000"&B8)) -> 0x40000062 | AI8: =HEX2DEC(RIGHT(AH8,8)) -> 1073741922 | AJ8: =IF(AF8<>"",AH8,"") | AK8: =IF(AF8<>"",VLOOKUP(AF8,$AG$6:$AH$286,2,TRUE),"") | AL8: =IF($AF8<>"",MIN($D8:$D8),"") | AN8: =IF(AI7<AI8,"ok","not ok") -> ok
A9: VSC1F01 | B9: 06A | C9: 1 | D9: 32 | E9: 10 | F9: 1 | G9: R | K9: 0 | L9: 0 | M9: 0 | N9: 1 | O9: 0 | P9: 0 | Q9: 0 | R9: 0 | S9: 0 | T9: 0 | U9: 0 | V9: 0 | W9: 0 | Y9: 29 | Z9: 65535 | AA9: 32768 | AB9: 65535 | AF9: =IF(V9=1,MAX($AF$6:AF8)+1,IF(AF8="#",0,IF(AND(D8=D9,K8=K9,L8=L9,M8=M9,N8=N9,O8=O9,P8=P9,Q8=Q9,R8=R9,S8=S9,T8=T9,U8=U9,V8=V9,W8=W9,HEX2DEC(SUBSTITUTE(AH8,"0x",""))<HEX2DEC(SUBSTITUTE(AH9,"0x",""))),"",MAX($AF$6:AF8)+1))) -> 1 | AG9: =IF(MAX(INDEX($AF:$AF,ROW($AG$6)):INDEX($AF:$AF,ROW(AG9)))+1=AF10,MAX(INDEX($AF:$AF,ROW($AG$6)):INDEX($AF:$AF,ROW(AG9))),"") -> 1 | AH9: =LOWER(IF(C9="1", "0x40000"&B9,"0x00000"&B9)) -> 0x4000006a | AI9: =HEX2DEC(RIGHT(AH9,8)) -> 1073741930 | AJ9: =IF(AF9<>"",AH9,"") -> 0x4000006a | AK9: =IF(AF9<>"",VLOOKUP(AF9,$AG$6:$AH$286,2,TRUE),"") -> 0x4000006a | AL9: =IF($AF9<>"",MIN($D9:$D9),"") -> 32 | AN9: =IF(AI8<AI9,"ok","not ok") -> ok | AO9: CAN_CFG_ID_VALUE_5_MB
A10: VSC1G12 | B10: 069 | C10: 1 | D10: 32 | E10: 10 | F10: 1 | G10: R | K10: 0 | L10: 0 | M10: 0 | N10: 1 | O10: 0 | P10: 0 | Q10: 0 | R10: 0 | S10: 0 | T10: 0 | U10: 0 | V10: 0 | W10: 0 | Y10: 29 | Z10: 65535 | AA10: 32768 | AB10: 65535 | AF10: =IF(V10=1,MAX($AF$6:AF9)+1,IF(AF9="#",0,IF(AND(D9=D10,K9=K10,L9=L10,M9=M10,N9=N10,O9=O10,P9=P10,Q9=Q10,R9=R10,S9=S10,T9=T10,U9=U10,V9=V10,W9=W10,HEX2DEC(SUBSTITUTE(AH9,"0x",""))<HEX2DEC(SUBSTITUTE(AH10,"0x",""))),"",MAX($AF$6:AF9)+1))) -> 2 | AG10: =IF(MAX(INDEX($AF:$AF,ROW($AG$6)):INDEX($AF:$AF,ROW(AG10)))+1=AF11,MAX(INDEX($AF:$AF,ROW($AG$6)):INDEX($AF:$AF,ROW(AG10))),"") -> 2 | AH10: =LOWER(IF(C10="1", "0x40000"&B10,"0x00000"&B10)) -> 0x40000069 | AI10: =HEX2DEC(RIGHT(AH10,8)) -> 1073741929 | AJ10: =IF(AF10<>"",AH10,"") -> 0x40000069 | AK10: =IF(AF10<>"",VLOOKUP(AF10,$AG$6:$AH$286,2,TRUE),"") -> 0x40000069 | AL10: =IF($AF10<>"",MIN($D10:$D10),"") -> 32 | AN10: =IF(AI9<AI10,"ok","not ok") -> not ok | AO10: CAN_CFG_ID_VALUE_5_MB
A11: ZN11S08 | B11: 086 | C11: 1 | D11: 8 | E11: 20 | F11: 0 | G11: R | K11: 0 | L11: 0 | M11: 0 | N11: 1 | O11: 0 | P11: 0 | Q11: 0 | R11: 0 | S11: 0 | T11: 0 | U11: 0 | V11: 0 | W11: 0 | Y11: 29 | Z11: 65535 | AA11: 32768 | AB11: 65535 | AF11: =IF(V11=1,MAX($AF$6:AF10)+1,IF(AF10="#",0,IF(AND(D10=D11,K10=K11,L10=L11,M10=M11,N10=N11,O10=O11,P10=P11,Q10=Q11,R10=R11,S10=S11,T10=T11,U10=U11,V10=V11,W10=W11,HEX2DEC(SUBSTITUTE(AH10,"0x",""))<HEX2DEC(SUBSTITUTE(AH11,"0x",""))),"",MAX($AF$6:AF10)+1))) -> 3 | AG11: =IF(MAX(INDEX($AF:$AF,ROW($AG$6)):INDEX($AF:$AF,ROW(AG11)))+1=AF12,MAX(INDEX($AF:$AF,ROW($AG$6)):INDEX($AF:$AF,ROW(AG11))),"") -> 3 | AH11: =LOWER(IF(C11="1", "0x40000"&B11,"0x00000"&B11)) -> 0x40000086 | AI11: =HEX2DEC(RIGHT(AH11,8)) -> 1073741958 | AJ11: =IF(AF11<>"",AH11,"") -> 0x40000086 | AK11: =IF(AF11<>"",VLOOKUP(AF11,$AG$6:$AH$286,2,TRUE),"") -> 0x40000086 | AL11: =IF($AF11<>"",MIN($D11:$D11),"") -> 8 | AN11: =IF(AI10<AI11,"ok","not ok") -> ok
A12: BDC1S30 | B12: 186 | C12: 1 | D12: 32 | E12: 100 | F12: 0 | G12: R | K12: 0 | L12: 0 | M12: 0 | N12: 1 | O12: 0 | P12: 0 | Q12: 0 | R12: 0 | S12: 0 | T12: 0 | U12: 0 | V12: 0 | W12: 0 | Y12: 29 | Z12: 65535 | AA12: 32768 | AB12: 65535 | AF12: =IF(V12=1,MAX($AF$6:AF11)+1,IF(AF11="#",0,IF(AND(D11=D12,K11=K12,L11=L12,M11=M12,N11=N12,O11=O12,P11=P12,Q11=Q12,R11=R12,S11=S12,T11=T12,U11=U12,V11=V12,W11=W12,HEX2DEC(SUBSTITUTE(AH11,"0x",""))<HEX2DEC(SUBSTITUTE(AH12,"0x",""))),"",MAX($AF$6:AF11)+1))) -> 4 | AG12: =IF(MAX(INDEX($AF:$AF,ROW($AG$6)):INDEX($AF:$AF,ROW(AG12)))+1=AF13,MAX(INDEX($AF:$AF,ROW($AG$6)):INDEX($AF:$AF,ROW(AG12))),"") -> 4 | AH12: =LOWER(IF(C12="1", "0x40000"&B12,"0x00000"&B12)) -> 0x40000186 | AI12: =HEX2DEC(RIGHT(AH12,8)) -> 1073742214 | AJ12: =IF(AF12<>"",AH12,"") -> 0x40000186 | AK12: =IF(AF12<>"",VLOOKUP(AF12,$AG$6:$AH$286,2,TRUE),"") -> 0x40000186 | AL12: =IF($AF12<>"",MIN($D12:$D12),"") -> 32 | AN12: =IF(AI11<AI12,"ok","not ok") -> ok | AO12: CAN_CFG_ID_VALUE_5_MB
A13: BDC1S40 | B13: 09C | C13: 1 | D13: 32 | E13: 50 | F13: 0 | G13: R | K13: 0 | L13: 0 | M13: 0 | N13: 1 | O13: 0 | P13: 0 | Q13: 0 | R13: 0 | S13: 0 | T13: 0 | U13: 0 | V13: 0 | W13: 0 | Y13: 29 | Z13: 65535 | AA13: 32768 | AB13: 65535 | AF13: =IF(V13=1,MAX($AF$6:AF12)+1,IF(AF12="#",0,IF(AND(D12=D13,K12=K13,L12=L13,M12=M13,N12=N13,O12=O13,P12=P13,Q12=Q13,R12=R13,S12=S13,T12=T13,U12=U13,V12=V13,W12=W13,HEX2DEC(SUBSTITUTE(AH12,"0x",""))<HEX2DEC(SUBSTITUTE(AH13,"0x",""))),"",MAX($AF$6:AF12)+1))) -> 5 | AG13: =IF(MAX(INDEX($AF:$AF,ROW($AG$6)):INDEX($AF:$AF,ROW(AG13)))+1=AF14,MAX(INDEX($AF:$AF,ROW($AG$6)):INDEX($AF:$AF,ROW(AG13))),"") | AH13: =LOWER(IF(C13="1", "0x40000"&B13,"0x00000"&B13)) -> 0x4000009c | AI13: =HEX2DEC(RIGHT(AH13,8)) -> 1073741980 | AJ13: =IF(AF13<>"",AH13,"") -> 0x4000009c | AK13: =IF(AF13<>"",VLOOKUP(AF13,$AG$6:$AH$286,2,TRUE),"") -> 0x400000b7 | AL13: =IF($AF13<>"",MIN($D13:$D13),"") -> 32 | AN13: =IF(AI12<AI13,"ok","not ok") -> not ok
A14: VSC1G13 | B14: 09E | C14: 1 | D14: 32 | E14: 20 | F14: 1 | G14: R | K14: 0 | L14: 0 | M14: 0 | N14: 1 | O14: 0 | P14: 0 | Q14: 0 | R14: 0 | S14: 0 | T14: 0 | U14: 0 | V14: 0 | W14: 0 | Y14: 29 | Z14: 65535 | AA14: 32768 | AB14: 65535 | AF14: =IF(V14=1,MAX($AF$6:AF13)+1,IF(AF13="#",0,IF(AND(D13=D14,K13=K14,L13=L14,M13=M14,N13=N14,O13=O14,P13=P14,Q13=Q14,R13=R14,S13=S14,T13=T14,U13=U14,V13=V14,W13=W14,HEX2DEC(SUBSTITUTE(AH13,"0x",""))<HEX2DEC(SUBSTITUTE(AH14,"0x",""))),"",MAX($AF$6:AF13)+1))) | AG14: =IF(MAX(INDEX($AF:$AF,ROW($AG$6)):INDEX($AF:$AF,ROW(AG14)))+1=AF15,MAX(INDEX($AF:$AF,ROW($AG$6)):INDEX($AF:$AF,ROW(AG14))),"") | AH14: =LOWER(IF(C14="1", "0x40000"&B14,"0x00000"&B14)) -> 0x4000009e | AI14: =HEX2DEC(RIGHT(AH14,8)) -> 1073741982 | AJ14: =IF(AF14<>"",AH14,"") | AK14: =IF(AF14<>"",VLOOKUP(AF14,$AG$6:$AH$286,2,TRUE),"") | AL14: =IF($AF14<>"",MIN($D14:$D14),"") | AN14: =IF(AI13<AI14,"ok","not ok") -> ok | AO14: CAN_CFG_ID_VALUE_5_MB
A15: ENG1G03 | B15: 0A4 | C15: 1 | D15: 32 | E15: 24 | F15: 1 | G15: R | K15: 0 | L15: 0 | M15: 0 | N15: 1 | O15: 0 | P15: 0 | Q15: 0 | R15: 0 | S15: 0 | T15: 0 | U15: 0 | V15: 0 | W15: 0 | Y15: 29 | Z15: 65535 | AA15: 32768 | AB15: 65535 | AF15: =IF(V15=1,MAX($AF$6:AF14)+1,IF(AF14="#",0,IF(AND(D14=D15,K14=K15,L14=L15,M14=M15,N14=N15,O14=O15,P14=P15,Q14=Q15,R14=R15,S14=S15,T14=T15,U14=U15,V14=V15,W14=W15,HEX2DEC(SUBSTITUTE(AH14,"0x",""))<HEX2DEC(SUBSTITUTE(AH15,"0x",""))),"",MAX($AF$6:AF14)+1))) | AG15: =IF(MAX(INDEX($AF:$AF,ROW($AG$6)):INDEX($AF:$AF,ROW(AG15)))+1=AF16,MAX(INDEX($AF:$AF,ROW($AG$6)):INDEX($AF:$AF,ROW(AG15))),"") | AH15: =LOWER(IF(C15="1", "0x40000"&B15,"0x00000"&B15)) -> 0x400000a4 | AI15: =HEX2DEC(RIGHT(AH15,8)) -> 1073741988 | AJ15: =IF(AF15<>"",AH15,"") | AK15: =IF(AF15<>"",VLOOKUP(AF15,$AG$6:$AH$286,2,TRUE),"") | AL15: =IF($AF15<>"",MIN($D15:$D15),"") | AN15: =IF(AI14<AI15,"ok","not ok") -> ok | AO15: CAN_CFG_ID_VALUE_5_MB
A16: VSC1G14 | B16: 0B7 | C16: 1 | D16: 32 | E16: 30 | F16: 1 | G16: R | K16: 0 | L16: 0 | M16: 0 | N16: 1 | O16: 0 | P16: 0 | Q16: 0 | R16: 0 | S16: 0 | T16: 0 | U16: 0 | V16: 0 | W16: 0 | Y16: 29 | Z16: 65535 | AA16: 32768 | AB16: 65535 | AF16: =IF(V16=1,MAX($AF$6:AF15)+1,IF(AF15="#",0,IF(AND(D15=D16,K15=K16,L15=L16,M15=M16,N15=N16,O15=O16,P15=P16,Q15=Q16,R15=R16,S15=S16,T15=T16,U15=U16,V15=V16,W15=W16,HEX2DEC(SUBSTITUTE(AH15,"0x",""))<HEX2DEC(SUBSTITUTE(AH16,"0x",""))),"",MAX($AF$6:AF15)+1))) | AG16: =IF(MAX(INDEX($AF:$AF,ROW($AG$6)):INDEX($AF:$AF,ROW(AG16)))+1=AF17,MAX(INDEX($AF:$AF,ROW($AG$6)):INDEX($AF:$AF,ROW(AG16))),"") -> 5 | AH16: =LOWER(IF(C16="1", "0x40000"&B16,"0x00000"&B16)) -> 0x400000b7 | AI16: =HEX2DEC(RIGHT(AH16,8)) -> 1073742007 | AJ16: =IF(AF16<>"",AH16,"") | AK16: =IF(AF16<>"",VLOOKUP(AF16,$AG$6:$AH$286,2,TRUE),"") | AL16: =IF($AF16<>"",MIN($D16:$D16),"") | AN16: =IF(AI15<AI16,"ok","not ok") -> ok | AO16: CAN_CFG_ID_VALUE_5_MB
A17: DDM1S12 | B17: 0B8 | C17: 1 | D17: 64 | E17: 30 | F17: 1 | G17: R | K17: 0 | L17: 0 | M17: 0 | N17: 1 | O17: 0 | P17: 0 | Q17: 0 | R17: 0 | S17: 0 | T17: 0 | U17: 0 | V17: 0 | W17: 0 | Y17: 29 | Z17: 65535 | AA17: 32768 | AB17: 65535 | AF17: =IF(V17=1,MAX($AF$6:AF16)+1,IF(AF16="#",0,IF(AND(D16=D17,K16=K17,L16=L17,M16=M17,N16=N17,O16=O17,P16=P17,Q16=Q17,R16=R17,S16=S17,T16=T17,U16=U17,V16=V17,W16=W17,HEX2DEC(SUBSTITUTE(AH16,"0x",""))<HEX2DEC(SUBSTITUTE(AH17,"0x",""))),"",MAX($AF$6:AF16)+1))) -> 6 | AG17: =IF(MAX(INDEX($AF:$AF,ROW($AG$6)):INDEX($AF:$AF,ROW(AG17)))+1=AF18,MAX(INDEX($AF:$AF,ROW($AG$6)):INDEX($AF:$AF,ROW(AG17))),"") -> 6 | AH17: =LOWER(IF(C17="1", "0x40000"&B17,"0x00000"&B17)) -> 0x400000b8 | AI17: =HEX2DEC(RIGHT(AH17,8)) -> 1073742008 | AJ17: =IF(AF17<>"",AH17,"") -> 0x400000b8 | AK17: =IF(AF17<>"",VLOOKUP(AF17,$AG$6:$AH$286,2,TRUE),"") -> 0x400000b8 | AL17: =IF($AF17<>"",MIN($D17:$D17),"") -> 64 | AN17: =IF(AI16<AI17,"ok","not ok") -> ok | AO17: CAN_CFG_ID_VALUE_5_MB
A18: ENG1G92 | B18: 0FC | C18: 1 | D18: 8 | E18: 1000 | F18: 0 | G18: R | K18: 0 | L18: 0 | M18: 0 | N18: 1 | O18: 0 | P18: 0 | Q18: 0 | R18: 0 | S18: 0 | T18: 0 | U18: 0 | V18: 0 | W18: 0 | Y18: 29 | Z18: 65535 | AA18: 32768 | AB18: 65535 | AF18: =IF(V18=1,MAX($AF$6:AF17)+1,IF(AF17="#",0,IF(AND(D17=D18,K17=K18,L17=L18,M17=M18,N17=N18,O17=O18,P17=P18,Q17=Q18,R17=R18,S17=S18,T17=T18,U17=U18,V17=V18,W17=W18,HEX2DEC(SUBSTITUTE(AH17,"0x",""))<HEX2DEC(SUBSTITUTE(AH18,"0x",""))),"",MAX($AF$6:AF17)+1))) -> 7 | AG18: =IF(MAX(INDEX($AF:$AF,ROW($AG$6)):INDEX($AF:$AF,ROW(AG18)))+1=AF19,MAX(INDEX($AF:$AF,ROW($AG$6)):INDEX($AF:$AF,ROW(AG18))),"") | AH18: =LOWER(IF(C18="1", "0x40000"&B18,"0x00000"&B18)) -> 0x400000fc | AI18: =HEX2DEC(RIGHT(AH18,8)) -> 1073742076 | AJ18: =IF(AF18<>"",AH18,"") -> 0x400000fc | AK18: =IF(AF18<>"",VLOOKUP(AF18,$AG$6:$AH$286,2,TRUE),"") -> 0x40000100 | AL18: =IF($AF18<>"",MIN($D18:$D18),"") -> 8 | AN18: =IF(AI17<AI18,"ok","not ok") -> ok | AO18: CAN_CFG_ID_VALUE_5_MB
A19: FCM1S79 | B19: 100 | C19: 1 | D19: 8 | E19: 50 | F19: 0 | G19: R | K19: 0 | L19: 0 | M19: 0 | N19: 1 | O19: 0 | P19: 0 | Q19: 0 | R19: 0 | S19: 0 | T19: 0 | U19: 0 | V19: 0 | W19: 0 | Y19: 29 | Z19: 65535 | AA19: 32768 | AB19: 65535 | AF19: =IF(V19=1,MAX($AF$6:AF18)+1,IF(AF18="#",0,IF(AND(D18=D19,K18=K19,L18=L19,M18=M19,N18=N19,O18=O19,P18=P19,Q18=Q19,R18=R19,S18=S19,T18=T19,U18=U19,V18=V19,W18=W19,HEX2DEC(SUBSTITUTE(AH18,"0x",""))<HEX2DEC(SUBSTITUTE(AH19,"0x",""))),"",MAX($AF$6:AF18)+1))) | AG19: =IF(MAX(INDEX($AF:$AF,ROW($AG$6)):INDEX($AF:$AF,ROW(AG19)))+1=AF20,MAX(INDEX($AF:$AF,ROW($AG$6)):INDEX($AF:$AF,ROW(AG19))),"") -> 7 | AH19: =LOWER(IF(C19="1", "0x40000"&B19,"0x00000"&B19)) -> 0x40000100 | AI19: =HEX2DEC(RIGHT(AH19,8)) -> 1073742080 | AJ19: =IF(AF19<>"",AH19,"") | AK19: =IF(AF19<>"",VLOOKUP(AF19,$AG$6:$AH$286,2,TRUE),"") | AL19: =IF($AF19<>"",MIN($D19:$D19),"") | AN19: =IF(AI18<AI19,"ok","not ok") -> ok
A20: ZN11S38 | B20: 500 | C20: 1 | D20: 32 | E20: 2000 | F20: 0 | G20: R | K20: 0 | L20: 0 | M20: 0 | N20: 1 | O20: 0 | P20: 0 | Q20: 0 | R20: 0 | S20: 0 | T20: 0 | U20: 0 | V20: 0 | W20: 0 | Y20: 29 | Z20: 65535 | AA20: 32768 | AB20: 65535 | AF20: =IF(V20=1,MAX($AF$6:AF19)+1,IF(AF19="#",0,IF(AND(D19=D20,K19=K20,L19=L20,M19=M20,N19=N20,O19=O20,P19=P20,Q19=Q20,R19=R20,S19=S20,T19=T20,U19=U20,V19=V20,W19=W20,HEX2DEC(SUBSTITUTE(AH19,"0x",""))<HEX2DEC(SUBSTITUTE(AH20,"0x",""))),"",MAX($AF$6:AF19)+1))) -> 8 | AG20: =IF(MAX(INDEX($AF:$AF,ROW($AG$6)):INDEX($AF:$AF,ROW(AG20)))+1=AF21,MAX(INDEX($AF:$AF,ROW($AG$6)):INDEX($AF:$AF,ROW(AG20))),"") -> 8 | AH20: =LOWER(IF(C20="1", "0x40000"&B20,"0x00000"&B20)) -> 0x40000500 | AI20: =HEX2DEC(RIGHT(AH20,8)) -> 1073743104 | AJ20: =IF(AF20<>"",AH20,"") -> 0x40000500 | AK20: =IF(AF20<>"",VLOOKUP(AF20,$AG$6:$AH$286,2,TRUE),"") -> 0x40000500 | AL20: =IF($AF20<>"",MIN($D20:$D20),"") -> 32 | AN20: =IF(AI19<AI20,"ok","not ok") -> ok | AO20: CAN_CFG_ID_VALUE_5_MB
A21: DMC1S08 | B21: 122 | C21: 1 | D21: 32 | E21: 100 | F21: 1 | G21: R | K21: 0 | L21: 0 | M21: 0 | N21: 1 | O21: 0 | P21: 0 | Q21: 0 | R21: 0 | S21: 0 | T21: 0 | U21: 0 | V21: 0 | W21: 0 | Y21: 29 | Z21: 65535 | AA21: 32768 | AB21: 65535 | AF21: =IF(V21=1,MAX($AF$6:AF20)+1,IF(AF20="#",0,IF(AND(D20=D21,K20=K21,L20=L21,M20=M21,N20=N21,O20=O21,P20=P21,Q20=Q21,R20=R21,S20=S21,T20=T21,U20=U21,V20=V21,W20=W21,HEX2DEC(SUBSTITUTE(AH20,"0x",""))<HEX2DEC(SUBSTITUTE(AH21,"0x",""))),"",MAX($AF$6:AF20)+1))) -> 9 | AG21: =IF(MAX(INDEX($AF:$AF,ROW($AG$6)):INDEX($AF:$AF,ROW(AG21)))+1=AF22,MAX(INDEX($AF:$AF,ROW($AG$6)):INDEX($AF:$AF,ROW(AG21))),"") -> 9 | AH21: =LOWER(IF(C21="1", "0x40000"&B21,"0x00000"&B21)) -> 0x40000122 | AI21: =HEX2DEC(RIGHT(AH21,8)) -> 1073742114 | AJ21: =IF(AF21<>"",AH21,"") -> 0x40000122 | AK21: =IF(AF21<>"",VLOOKUP(AF21,$AG$6:$AH$286,2,TRUE),"") -> 0x40000122 | AL21: =IF($AF21<>"",MIN($D21:$D21),"") -> 32 | AN21: =IF(AI20<AI21,"ok","not ok") -> not ok | AO21: CAN_CFG_ID_VALUE_5_MB
A22: BAT1S08 | B22: 124 | C22: 1 | D22: 8 | E22: 100 | F22: 0 | G22: R | K22: 0 | L22: 0 | M22: 0 | N22: 1 | O22: 0 | P22: 0 | Q22: 0 | R22: 0 | S22: 0 | T22: 0 | U22: 0 | V22: 0 | W22: 0 | Y22: 29 | Z22: 65535 | AA22: 32768 | AB22: 65535 | AF22: =IF(V22=1,MAX($AF$6:AF21)+1,IF(AF21="#",0,IF(AND(D21=D22,K21=K22,L21=L22,M21=M22,N21=N22,O21=O22,P21=P22,Q21=Q22,R21=R22,S21=S22,T21=T22,U21=U22,V21=V22,W21=W22,HEX2DEC(SUBSTITUTE(AH21,"0x",""))<HEX2DEC(SUBSTITUTE(AH22,"0x",""))),"",MAX($AF$6:AF21)+1))) -> 10 | AG22: =IF(MAX(INDEX($AF:$AF,ROW($AG$6)):INDEX($AF:$AF,ROW(AG22)))+1=AF23,MAX(INDEX($AF:$AF,ROW($AG$6)):INDEX($AF:$AF,ROW(AG22))),"") -> 10 | AH22: =LOWER(IF(C22="1", "0x40000"&B22,"0x00000"&B22)) -> 0x40000124 | AI22: =HEX2DEC(RIGHT(AH22,8)) -> 1073742116 | AJ22: =IF(AF22<>"",AH22,"") -> 0x40000124 | AK22: =IF(AF22<>"",VLOOKUP(AF22,$AG$6:$AH$286,2,TRUE),"") -> 0x40000124 | AL22: =IF($AF22<>"",MIN($D22:$D22),"") -> 8 | AN22: =IF(AI21<AI22,"ok","not ok") -> ok
A23: BDC1SA0 | B23: 1A4 | C23: 1 | D23: 32 | E23: 200 | F23: 0 | G23: R | K23: 0 | L23: 0 | M23: 0 | N23: 1 | O23: 0 | P23: 0 | Q23: 0 | R23: 0 | S23: 0 | T23: 0 | U23: 0 | V23: 0 | W23: 0 | Y23: 29 | Z23: 65535 | AA23: 32768 | AB23: 65535 | AF23: =IF(V23=1,MAX($AF$6:AF22)+1,IF(AF22="#",0,IF(AND(D22=D23,K22=K23,L22=L23,M22=M23,N22=N23,O22=O23,P22=P23,Q22=Q23,R22=R23,S22=S23,T22=T23,U22=U23,V22=V23,W22=W23,HEX2DEC(SUBSTITUTE(AH22,"0x",""))<HEX2DEC(SUBSTITUTE(AH23,"0x",""))),"",MAX($AF$6:AF22)+1))) -> 11 | AG23: =IF(MAX(INDEX($AF:$AF,ROW($AG$6)):INDEX($AF:$AF,ROW(AG23)))+1=AF24,MAX(INDEX($AF:$AF,ROW($AG$6)):INDEX($AF:$AF,ROW(AG23))),"") -> 11 | AH23: =LOWER(IF(C23="1", "0x40000"&B23,"0x00000"&B23)) -> 0x400001a4 | AI23: =HEX2DEC(RIGHT(AH23,8)) -> 1073742244 | AJ23: =IF(AF23<>"",AH23,"") -> 0x400001a4 | AK23: =IF(AF23<>"",VLOOKUP(AF23,$AG$6:$AH$286,2,TRUE),"") -> 0x400001a4 | AL23: =IF($AF23<>"",MIN($D23:$D23),"") -> 32 | AN23: =IF(AI22<AI23,"ok","not ok") -> ok | AO23: CAN_CFG_ID_VALUE_5_MB
A24: EHV1G30 | B24: 128 | C24: 1 | D24: 8 | E24: 100 | F24: 0 | G24: R | K24: 0 | L24: 0 | M24: 0 | N24: 1 | O24: 0 | P24: 0 | Q24: 0 | R24: 0 | S24: 0 | T24: 0 | U24: 0 | V24: 0 | W24: 0 | Y24: 29 | Z24: 65535 | AA24: 32768 | AB24: 65535 | AF24: =IF(V24=1,MAX($AF$6:AF23)+1,IF(AF23="#",0,IF(AND(D23=D24,K23=K24,L23=L24,M23=M24,N23=N24,O23=O24,P23=P24,Q23=Q24,R23=R24,S23=S24,T23=T24,U23=U24,V23=V24,W23=W24,HEX2DEC(SUBSTITUTE(AH23,"0x",""))<HEX2DEC(SUBSTITUTE(AH24,"0x",""))),"",MAX($AF$6:AF23)+1))) -> 12 | AG24: =IF(MAX(INDEX($AF:$AF,ROW($AG$6)):INDEX($AF:$AF,ROW(AG24)))+1=AF25,MAX(INDEX($AF:$AF,ROW($AG$6)):INDEX($AF:$AF,ROW(AG24))),"") | AH24: =LOWER(IF(C24="1", "0x40000"&B24,"0x00000"&B24)) -> 0x40000128 | AI24: =HEX2DEC(RIGHT(AH24,8)) -> 1073742120 | AJ24: =IF(AF24<>"",AH24,"") -> 0x40000128 | AK24: =IF(AF24<>"",VLOOKUP(AF24,$AG$6:$AH$286,2,TRUE),"") -> 0x40000140 | AL24: =IF($AF24<>"",MIN($D24:$D24),"") -> 8 | AN24: =IF(AI23<AI24,"ok","not ok") -> not ok | AO24: CAN_CFG_ID_VALUE_5_MB
A25: BDC1S23 | B25: 140 | C25: 1 | D25: 8 | E25: - | F25: 0 | G25: R | K25: 0 | L25: 0 | M25: 0 | N25: 1 | O25: 0 | P25: 0 | Q25: 0 | R25: 0 | S25: 0 | T25: 0 | U25: 0 | V25: 0 | W25: 0 | Y25: 29 | Z25: 65535 | AA25: 32768 | AB25: 65535 | AF25: =IF(V25=1,MAX($AF$6:AF24)+1,IF(AF24="#",0,IF(AND(D24=D25,K24=K25,L24=L25,M24=M25,N24=N25,O24=O25,P24=P25,Q24=Q25,R24=R25,S24=S25,T24=T25,U24=U25,V24=V25,W24=W25,HEX2DEC(SUBSTITUTE(AH24,"0x",""))<HEX2DEC(SUBSTITUTE(AH25,"0x",""))),"",MAX($AF$6:AF24)+1))) | AG25: =IF(MAX(INDEX($AF:$AF,ROW($AG$6)):INDEX($AF:$AF,ROW(AG25)))+1=AF26,MAX(INDEX($AF:$AF,ROW($AG$6)):INDEX($AF:$AF,ROW(AG25))),"") -> 12 | AH25: =LOWER(IF(C25="1", "0x40000"&B25,"0x00000"&B25)) -> 0x40000140 | AI25: =HEX2DEC(RIGHT(AH25,8)) -> 1073742144 | AJ25: =IF(AF25<>"",AH25,"") | AK25: =IF(AF25<>"",VLOOKUP(AF25,$AG$6:$AH$286,2,TRUE),"") | AL25: =IF($AF25<>"",MIN($D25:$D25),"") | AN25: =IF(AI24<AI25,"ok","not ok") -> ok
A26: BDC1S41 | B26: 148 | C26: 1 | D26: 32 | E26: 100 | F26: 0 | G26: R | K26: 0 | L26: 0 | M26: 0 | N26: 1 | O26: 0 | P26: 0 | Q26: 0 | R26: 0 | S26: 0 | T26: 0 | U26: 0 | V26: 0 | W26: 0 | Y26: 29 | Z26: 65535 | AA26: 32768 | AB26: 65535 | AF26: =IF(V26=1,MAX($AF$6:AF25)+1,IF(AF25="#",0,IF(AND(D25=D26,K25=K26,L25=L26,M25=M26,N25=N26,O25=O26,P25=P26,Q25=Q26,R25=R26,S25=S26,T25=T26,U25=U26,V25=V26,W25=W26,HEX2DEC(SUBSTITUTE(AH25,"0x",""))<HEX2DEC(SUBSTITUTE(AH26,"0x",""))),"",MAX($AF$6:AF25)+1))) -> 13 | AG26: =IF(MAX(INDEX($AF:$AF,ROW($AG$6)):INDEX($AF:$AF,ROW(AG26)))+1=AF27,MAX(INDEX($AF:$AF,ROW($AG$6)):INDEX($AF:$AF,ROW(AG26))),"") | AH26: =LOWER(IF(C26="1", "0x40000"&B26,"0x00000"&B26)) -> 0x40000148 | AI26: =HEX2DEC(RIGHT(AH26,8)) -> 1073742152 | AJ26: =IF(AF26<>"",AH26,"") -> 0x40000148 | AK26: =IF(AF26<>"",VLOOKUP(AF26,$AG$6:$AH$286,2,TRUE),"") -> 0x40000158 | AL26: =IF($AF26<>"",MIN($D26:$D26),"") -> 32 | AN26: =IF(AI25<AI26,"ok","not ok") -> ok
A27: BDC1S82 | B27: 150 | C27: 1 | D27: 32 | E27: 100 | F27: 1 | G27: R | K27: 0 | L27: 0 | M27: 0 | N27: 1 | O27: 0 | P27: 0 | Q27: 0 | R27: 0 | S27: 0 | T27: 0 | U27: 0 | V27: 0 | W27: 0 | Y27: 29 | Z27: 65535 | AA27: 32768 | AB27: 65535 | AF27: =IF(V27=1,MAX($AF$6:AF26)+1,IF(AF26="#",0,IF(AND(D26=D27,K26=K27,L26=L27,M26=M27,N26=N27,O26=O27,P26=P27,Q26=Q27,R26=R27,S26=S27,T26=T27,U26=U27,V26=V27,W26=W27,HEX2DEC(SUBSTITUTE(AH26,"0x",""))<HEX2DEC(SUBSTITUTE(AH27,"0x",""))),"",MAX($AF$6:AF26)+1))) | AG27: =IF(MAX(INDEX($AF:$AF,ROW($AG$6)):INDEX($AF:$AF,ROW(AG27)))+1=AF28,MAX(INDEX($AF:$AF,ROW($AG$6)):INDEX($AF:$AF,ROW(AG27))),"") | AH27: =LOWER(IF(C27="1", "0x40000"&B27,"0x00000"&B27)) -> 0x40000150 | AI27: =HEX2DEC(RIGHT(AH27,8)) -> 1073742160 | AJ27: =IF(AF27<>"",AH27,"") | AK27: =IF(AF27<>"",VLOOKUP(AF27,$AG$6:$AH$286,2,TRUE),"") | AL27: =IF($AF27<>"",MIN($D27:$D27),"") | AN27: =IF(AI26<AI27,"ok","not ok") -> ok
A28: DDM1S77 | B28: 158 | C28: 1 | D28: 32 | E28: 100 | F28: 0 | G28: R | K28: 0 | L28: 0 | M28: 0 | N28: 1 | O28: 0 | P28: 0 | Q28: 0 | R28: 0 | S28: 0 | T28: 0 | U28: 0 | V28: 0 | W28: 0 | Y28: 29 | Z28: 65535 | AA28: 32768 | AB28: 65535 | AF28: =IF(V28=1,MAX($AF$6:AF27)+1,IF(AF27="#",0,IF(AND(D27=D28,K27=K28,L27=L28,M27=M28,N27=N28,O27=O28,P27=P28,Q27=Q28,R27=R28,S27=S28,T27=T28,U27=U28,V27=V28,W27=W28,HEX2DEC(SUBSTITUTE(AH27,"0x",""))<HEX2DEC(SUBSTITUTE(AH28,"0x",""))),"",MAX($AF$6:AF27)+1))) | AG28: =IF(MAX(INDEX($AF:$AF,ROW($AG$6)):INDEX($AF:$AF,ROW(AG28)))+1=AF29,MAX(INDEX($AF:$AF,ROW($AG$6)):INDEX($AF:$AF,ROW(AG28))),"") -> 13 | AH28: =LOWER(IF(C28="1", "0x40000"&B28,"0x00000"&B28)) -> 0x40000158 | AI28: =HEX2DEC(RIGHT(AH28,8)) -> 1073742168 | AJ28: =IF(AF28<>"",AH28,"") | AK28: =IF(AF28<>"",VLOOKUP(AF28,$AG$6:$AH$286,2,TRUE),"") | AL28: =IF($AF28<>"",MIN($D28:$D28),"") | AN28: =IF(AI27<AI28,"ok","not ok") -> ok | AO28: CAN_CFG_ID_VALUE_5_MB
A29: IDT1S08 | B29: 14B | C29: 1 | D29: 8 | E29: 100 | F29: 0 | G29: R | K29: 0 | L29: 0 | M29: 0 | N29: 1 | O29: 0 | P29: 0 | Q29: 0 | R29: 0 | S29: 0 | T29: 0 | U29: 0 | V29: 0 | W29: 0 | Y29: 29 | Z29: 65535 | AA29: 32768 | AB29: 65535 | AF29: =IF(V29=1,MAX($AF$6:AF28)+1,IF(AF28="#",0,IF(AND(D28=D29,K28=K29,L28=L29,M28=M29,N28=N29,O28=O29,P28=P29,Q28=Q29,R28=R29,S28=S29,T28=T29,U28=U29,V28=V29,W28=W29,HEX2DEC(SUBSTITUTE(AH28,"0x",""))<HEX2DEC(SUBSTITUTE(AH29,"0x",""))),"",MAX($AF$6:AF28)+1))) -> 14 | AG29: =IF(MAX(INDEX($AF:$AF,ROW($AG$6)):INDEX($AF:$AF,ROW(AG29)))+1=AF30,MAX(INDEX($AF:$AF,ROW($AG$6)):INDEX($AF:$AF,ROW(AG29))),"") | AH29: =LOWER(IF(C29="1", "0x40000"&B29,"0x00000"&B29)) -> 0x4000014b | AI29: =HEX2DEC(RIGHT(AH29,8)) -> 1073742155 | AJ29: =IF(AF29<>"",AH29,"") -> 0x4000014b | AK29: =IF(AF29<>"",VLOOKUP(AF29,$AG$6:$AH$286,2,TRUE),"") -> 0x4000014f | AL29: =IF($AF29<>"",MIN($D29:$D29),"") -> 8 | AN29: =IF(AI28<AI29,"ok","not ok") -> not ok
A30: RCP1S03 | B30: 14F | C30: 1 | D30: 8 | E30: 100 | F30: 0 | G30: R | K30: 0 | L30: 0 | M30: 0 | N30: 1 | O30: 0 | P30: 0 | Q30: 0 | R30: 0 | S30: 0 | T30: 0 | U30: 0 | V30: 0 | W30: 0 | Y30: 29 | Z30: 65535 | AA30: 32768 | AB30: 65535 | AF30: =IF(V30=1,MAX($AF$6:AF29)+1,IF(AF29="#",0,IF(AND(D29=D30,K29=K30,L29=L30,M29=M30,N29=N30,O29=O30,P29=P30,Q29=Q30,R29=R30,S29=S30,T29=T30,U29=U30,V29=V30,W29=W30,HEX2DEC(SUBSTITUTE(AH29,"0x",""))<HEX2DEC(SUBSTITUTE(AH30,"0x",""))),"",MAX($AF$6:AF29)+1))) | AG30: =IF(MAX(INDEX($AF:$AF,ROW($AG$6)):INDEX($AF:$AF,ROW(AG30)))+1=AF31,MAX(INDEX($AF:$AF,ROW($AG$6)):INDEX($AF:$AF,ROW(AG30))),"") -> 14 | AH30: =LOWER(IF(C30="1", "0x40000"&B30,"0x00000"&B30)) -> 0x4000014f | AI30: =HEX2DEC(RIGHT(AH30,8)) -> 1073742159 | AJ30: =IF(AF30<>"",AH30,"") | AK30: =IF(AF30<>"",VLOOKUP(AF30,$AG$6:$AH$286,2,TRUE),"") | AL30: =IF($AF30<>"",MIN($D30:$D30),"") | AN30: =IF(AI29<AI30,"ok","not ok") -> ok | AO30: CAN_CFG_ID_VALUE_5_MB
A31: RCP1S01 | B31: 14D | C31: 1 | D31: 8 | E31: 100 | F31: 0 | G31: R | K31: 0 | L31: 0 | M31: 0 | N31: 1 | O31: 0 | P31: 0 | Q31: 0 | R31: 0 | S31: 0 | T31: 0 | U31: 0 | V31: 0 | W31: 0 | Y31: 29 | Z31: 65535 | AA31: 32768 | AB31: 65535 | AF31: =IF(V31=1,MAX($AF$6:AF30)+1,IF(AF30="#",0,IF(AND(D30=D31,K30=K31,L30=L31,M30=M31,N30=N31,O30=O31,P30=P31,Q30=Q31,R30=R31,S30=S31,T30=T31,U30=U31,V30=V31,W30=W31,HEX2DEC(SUBSTITUTE(AH30,"0x",""))<HEX2DEC(SUBSTITUTE(AH31,"0x",""))),"",MAX($AF$6:AF30)+1))) -> 15 | AG31: =IF(MAX(INDEX($AF:$AF,ROW($AG$6)):INDEX($AF:$AF,ROW(AG31)))+1=AF32,MAX(INDEX($AF:$AF,ROW($AG$6)):INDEX($AF:$AF,ROW(AG31))),"") | AH31: =LOWER(IF(C31="1", "0x40000"&B31,"0x00000"&B31)) -> 0x4000014d | AI31: =HEX2DEC(RIGHT(AH31,8)) -> 1073742157 | AJ31: =IF(AF31<>"",AH31,"") -> 0x4000014d | AK31: =IF(AF31<>"",VLOOKUP(AF31,$AG$6:$AH$286,2,TRUE),"") -> 0x4000015a | AL31: =IF($AF31<>"",MIN($D31:$D31),"") -> 8 | AN31: =IF(AI30<AI31,"ok","not ok") -> not ok
A32: FCM1S78 | B32: 15A | C32: 1 | D32: 8 | E32: 100 | F32: 0 | G32: R | K32: 0 | L32: 0 | M32: 0 | N32: 1 | O32: 0 | P32: 0 | Q32: 0 | R32: 0 | S32: 0 | T32: 0 | U32: 0 | V32: 0 | W32: 0 | Y32: 29 | Z32: 65535 | AA32: 32768 | AB32: 65535 | AF32: =IF(V32=1,MAX($AF$6:AF31)+1,IF(AF31="#",0,IF(AND(D31=D32,K31=K32,L31=L32,M31=M32,N31=N32,O31=O32,P31=P32,Q31=Q32,R31=R32,S31=S32,T31=T32,U31=U32,V31=V32,W31=W32,HEX2DEC(SUBSTITUTE(AH31,"0x",""))<HEX2DEC(SUBSTITUTE(AH32,"0x",""))),"",MAX($AF$6:AF31)+1))) | AG32: =IF(MAX(INDEX($AF:$AF,ROW($AG$6)):INDEX($AF:$AF,ROW(AG32)))+1=AF33,MAX(INDEX($AF:$AF,ROW($AG$6)):INDEX($AF:$AF,ROW(AG32))),"") -> 15 | AH32: =LOWER(IF(C32="1", "0x40000"&B32,"0x00000"&B32)) -> 0x4000015a | AI32: =HEX2DEC(RIGHT(AH32,8)) -> 1073742170 | AJ32: =IF(AF32<>"",AH32,"") | AK32: =IF(AF32<>"",VLOOKUP(AF32,$AG$6:$AH$286,2,TRUE),"") | AL32: =IF($AF32<>"",MIN($D32:$D32),"") | AN32: =IF(AI31<AI32,"ok","not ok") -> ok | AO32: CAN_CFG_ID_VALUE_5_MB
A33: BAT1E45 | B33: 16E | C33: 1 | D33: 32 | E33: 100 | F33: 0 | G33: R | K33: 0 | L33: 0 | M33: 0 | N33: 1 | O33: 0 | P33: 0 | Q33: 0 | R33: 0 | S33: 0 | T33: 0 | U33: 0 | V33: 0 | W33: 0 | Y33: 29 | Z33: 65535 | AA33: 32768 | AB33: 65535 | AF33: =IF(V33=1,MAX($AF$6:AF32)+1,IF(AF32="#",0,IF(AND(D32=D33,K32=K33,L32=L33,M32=M33,N32=N33,O32=O33,P32=P33,Q32=Q33,R32=R33,S32=S33,T32=T33,U32=U33,V32=V33,W32=W33,HEX2DEC(SUBSTITUTE(AH32,"0x",""))<HEX2DEC(SUBSTITUTE(AH33,"0x",""))),"",MAX($AF$6:AF32)+1))) -> 16 | AG33: =IF(MAX(INDEX($AF:$AF,ROW($AG$6)):INDEX($AF:$AF,ROW(AG33)))+1=AF34,MAX(INDEX($AF:$AF,ROW($AG$6)):INDEX($AF:$AF,ROW(AG33))),"") | AH33: =LOWER(IF(C33="1", "0x40000"&B33,"0x00000"&B33)) -> 0x4000016e | AI33: =HEX2DEC(RIGHT(AH33,8)) -> 1073742190 | AJ33: =IF(AF33<>"",AH33,"") -> 0x4000016e | AK33: =IF(AF33<>"",VLOOKUP(AF33,$AG$6:$AH$286,2,TRUE),"") -> 0x4000019a | AL33: =IF($AF33<>"",MIN($D33:$D33),"") -> 32 | AN33: =IF(AI32<AI33,"ok","not ok") -> ok | AO33: CAN_CFG_ID_VALUE_5_MB
A34: ADC1S11 | B34: 17E | C34: 1 | D34: 32 | E34: 100 | F34: 0 | G34: R | K34: 0 | L34: 0 | M34: 0 | N34: 1 | O34: 0 | P34: 0 | Q34: 0 | R34: 0 | S34: 0 | T34: 0 | U34: 0 | V34: 0 | W34: 0 | Y34: 29 | Z34: 65535 | AA34: 32768 | AB34: 65535 | AF34: =IF(V34=1,MAX($AF$6:AF33)+1,IF(AF33="#",0,IF(AND(D33=D34,K33=K34,L33=L34,M33=M34,N33=N34,O33=O34,P33=P34,Q33=Q34,R33=R34,S33=S34,T33=T34,U33=U34,V33=V34,W33=W34,HEX2DEC(SUBSTITUTE(AH33,"0x",""))<HEX2DEC(SUBSTITUTE(AH34,"0x",""))),"",MAX($AF$6:AF33)+1))) | AG34: =IF(MAX(INDEX($AF:$AF,ROW($AG$6)):INDEX($AF:$AF,ROW(AG34)))+1=AF35,MAX(INDEX($AF:$AF,ROW($AG$6)):INDEX($AF:$AF,ROW(AG34))),"") | AH34: =LOWER(IF(C34="1", "0x40000"&B34,"0x00000"&B34)) -> 0x4000017e | AI34: =HEX2DEC(RIGHT(AH34,8)) -> 1073742206 | AJ34: =IF(AF34<>"",AH34,"") | AK34: =IF(AF34<>"",VLOOKUP(AF34,$AG$6:$AH$286,2,TRUE),"") | AL34: =IF($AF34<>"",MIN($D34:$D34),"") | AN34: =IF(AI33<AI34,"ok","not ok") -> ok | AO34: CAN_CFG_ID_VALUE_5_MB
A35: BDF3S02 | B35: 18D | C35: 1 | D35: 32 | E35: 100 | F35: 0 | G35: R | K35: 0 | L35: 0 | M35: 0 | N35: 1 | O35: 0 | P35: 0 | Q35: 0 | R35: 0 | S35: 0 | T35: 0 | U35: 0 | V35: 0 | W35: 0 | Y35: 29 | Z35: 65535 | AA35: 32768 | AB35: 65535 | AF35: =IF(V35=1,MAX($AF$6:AF34)+1,IF(AF34="#",0,IF(AND(D34=D35,K34=K35,L34=L35,M34=M35,N34=N35,O34=O35,P34=P35,Q34=Q35,R34=R35,S34=S35,T34=T35,U34=U35,V34=V35,W34=W35,HEX2DEC(SUBSTITUTE(AH34,"0x",""))<HEX2DEC(SUBSTITUTE(AH35,"0x",""))),"",MAX($AF$6:AF34)+1))) | AG35: =IF(MAX(INDEX($AF:$AF,ROW($AG$6)):INDEX($AF:$AF,ROW(AG35)))+1=AF36,MAX(INDEX($AF:$AF,ROW($AG$6)):INDEX($AF:$AF,ROW(AG35))),"") | AH35: =LOWER(IF(C35="1", "0x40000"&B35,"0x00000"&B35)) -> 0x4000018d | AI35: =HEX2DEC(RIGHT(AH35,8)) -> 1073742221 | AJ35: =IF(AF35<>"",AH35,"") | AK35: =IF(AF35<>"",VLOOKUP(AF35,$AG$6:$AH$286,2,TRUE),"") | AL35: =IF($AF35<>"",MIN($D35:$D35),"") | AN35: =IF(AI34<AI35,"ok","not ok") -> ok | AO35: CAN_CFG_ID_VALUE_5_MB
A36: BDR3S02 | B36: 19A | C36: 1 | D36: 32 | E36: 200 | F36: 0 | G36: R | K36: 0 | L36: 0 | M36: 0 | N36: 1 | O36: 0 | P36: 0 | Q36: 0 | R36: 0 | S36: 0 | T36: 0 | U36: 0 | V36: 0 | W36: 0 | Y36: 29 | Z36: 65535 | AA36: 32768 | AB36: 65535 | AF36: =IF(V36=1,MAX($AF$6:AF35)+1,IF(AF35="#",0,IF(AND(D35=D36,K35=K36,L35=L36,M35=M36,N35=N36,O35=O36,P35=P36,Q35=Q36,R35=R36,S35=S36,T35=T36,U35=U36,V35=V36,W35=W36,HEX2DEC(SUBSTITUTE(AH35,"0x",""))<HEX2DEC(SUBSTITUTE(AH36,"0x",""))),"",MAX($AF$6:AF35)+1))) | AG36: =IF(MAX(INDEX($AF:$AF,ROW($AG$6)):INDEX($AF:$AF,ROW(AG36)))+1=AF37,MAX(INDEX($AF:$AF,ROW($AG$6)):INDEX($AF:$AF,ROW(AG36))),"") -> 16 | AH36: =LOWER(IF(C36="1", "0x40000"&B36,"0x00000"&B36)) -> 0x4000019a | AI36: =HEX2DEC(RIGHT(AH36,8)) -> 1073742234 | AJ36: =IF(AF36<>"",AH36,"") | AK36: =IF(AF36<>"",VLOOKUP(AF36,$AG$6:$AH$286,2,TRUE),"") | AL36: =IF($AF36<>"",MIN($D36:$D36),"") | AN36: =IF(AI35<AI36,"ok","not ok") -> ok
A37: BDC1S87 | B37: 1A0 | C37: 1 | D37: 8 | E37: 200 | F37: 0 | G37: R | K37: 0 | L37: 0 | M37: 0 | N37: 1 | O37: 0 | P37: 0 | Q37: 0 | R37: 0 | S37: 0 | T37: 0 | U37: 0 | V37: 0 | W37: 0 | Y37: 29 | Z37: 65535 | AA37: 32768 | AB37: 65535 | AF37: =IF(V37=1,MAX($AF$6:AF36)+1,IF(AF36="#",0,IF(AND(D36=D37,K36=K37,L36=L37,M36=M37,N36=N37,O36=O37,P36=P37,Q36=Q37,R36=R37,S36=S37,T36=T37,U36=U37,V36=V37,W36=W37,HEX2DEC(SUBSTITUTE(AH36,"0x",""))<HEX2DEC(SUBSTITUTE(AH37,"0x",""))),"",MAX($AF$6:AF36)+1))) -> 17 | AG37: =IF(MAX(INDEX($AF:$AF,ROW($AG$6)):INDEX($AF:$AF,ROW(AG37)))+1=AF38,MAX(INDEX($AF:$AF,ROW($AG$6)):INDEX($AF:$AF,ROW(AG37))),"") -> 17 | AH37: =LOWER(IF(C37="1", "0x40000"&B37,"0x00000"&B37)) -> 0x400001a0 | AI37: =HEX2DEC(RIGHT(AH37,8)) -> 1073742240 | AJ37: =IF(AF37<>"",AH37,"") -> 0x400001a0 | AK37: =IF(AF37<>"",VLOOKUP(AF37,$AG$6:$AH$286,2,TRUE),"") -> 0x400001a0 | AL37: =IF($AF37<>"",MIN($D37:$D37),"") -> 8 | AN37: =IF(AI36<AI37,"ok","not ok") -> ok | AO37: CAN_CFG_ID_VALUE_5_MB
A38: FCM1S90 | B38: 1B2 | C38: 1 | D38: 32 | E38: 200 | F38: 0 | G38: R | K38: 0 | L38: 0 | M38: 0 | N38: 1 | O38: 0 | P38: 0 | Q38: 0 | R38: 0 | S38: 0 | T38: 0 | U38: 0 | V38: 0 | W38: 0 | Y38: 29 | Z38: 65535 | AA38: 32768 | AB38: 65535 | AF38: =IF(V38=1,MAX($AF$6:AF37)+1,IF(AF37="#",0,IF(AND(D37=D38,K37=K38,L37=L38,M37=M38,N37=N38,O37=O38,P37=P38,Q37=Q38,R37=R38,S37=S38,T37=T38,U37=U38,V37=V38,W37=W38,HEX2DEC(SUBSTITUTE(AH37,"0x",""))<HEX2DEC(SUBSTITUTE(AH38,"0x",""))),"",MAX($AF$6:AF37)+1))) -> 18 | AG38: =IF(MAX(INDEX($AF:$AF,ROW($AG$6)):INDEX($AF:$AF,ROW(AG38)))+1=AF39,MAX(INDEX($AF:$AF,ROW($AG$6)):INDEX($AF:$AF,ROW(AG38))),"") -> 18 | AH38: =LOWER(IF(C38="1", "0x40000"&B38,"0x00000"&B38)) -> 0x400001b2 | AI38: =HEX2DEC(RIGHT(AH38,8)) -> 1073742258 | AJ38: =IF(AF38<>"",AH38,"") -> 0x400001b2 | AK38: =IF(AF38<>"",VLOOKUP(AF38,$AG$6:$AH$286,2,TRUE),"") -> 0x400001b2 | AL38: =IF($AF38<>"",MIN($D38:$D38),"") -> 32 | AN38: =IF(AI37<AI38,"ok","not ok") -> ok | AO38: CAN_CFG_ID_VALUE_5_MB
A39: SOL1S06 | B39: 1BB | C39: 1 | D39: 8 | E39: 200 | F39: 0 | G39: R | K39: 0 | L39: 0 | M39: 0 | N39: 1 | O39: 0 | P39: 0 | Q39: 0 | R39: 0 | S39: 0 | T39: 0 | U39: 0 | V39: 0 | W39: 0 | Y39: 29 | Z39: 65535 | AA39: 32768 | AB39: 65535 | AF39: =IF(V39=1,MAX($AF$6:AF38)+1,IF(AF38="#",0,IF(AND(D38=D39,K38=K39,L38=L39,M38=M39,N38=N39,O38=O39,P38=P39,Q38=Q39,R38=R39,S38=S39,T38=T39,U38=U39,V38=V39,W38=W39,HEX2DEC(SUBSTITUTE(AH38,"0x",""))<HEX2DEC(SUBSTITUTE(AH39,"0x",""))),"",MAX($AF$6:AF38)+1))) -> 19 | AG39: =IF(MAX(INDEX($AF:$AF,ROW($AG$6)):INDEX($AF:$AF,ROW(AG39)))+1=AF40,MAX(INDEX($AF:$AF,ROW($AG$6)):INDEX($AF:$AF,ROW(AG39))),"") -> 19 | AH39: =LOWER(IF(C39="1", "0x40000"&B39,"0x00000"&B39)) -> 0x400001bb | AI39: =HEX2DEC(RIGHT(AH39,8)) -> 1073742267 | AJ39: =IF(AF39<>"",AH39,"") -> 0x400001bb | AK39: =IF(AF39<>"",VLOOKUP(AF39,$AG$6:$AH$286,2,TRUE),"") -> 0x400001bb | AL39: =IF($AF39<>"",MIN($D39:$D39),"") -> 8 | AN39: =IF(AI38<AI39,"ok","not ok") -> ok | AO39: CAN_CFG_ID_VALUE_5_MB
A40: EHV1E96 | B40: 1BC | C40: 1 | D40: 32 | E40: 200 | F40: 0 | G40: R | K40: 0 | L40: 0 | M40: 0 | N40: 1 | O40: 0 | P40: 0 | Q40: 0 | R40: 0 | S40: 0 | T40: 0 | U40: 0 | V40: 0 | W40: 0 | Y40: 29 | Z40: 65535 | AA40: 32768 | AB40: 65535 | AF40: =IF(V40=1,MAX($AF$6:AF39)+1,IF(AF39="#",0,IF(AND(D39=D40,K39=K40,L39=L40,M39=M40,N39=N40,O39=O40,P39=P40,Q39=Q40,R39=R40,S39=S40,T39=T40,U39=U40,V39=V40,W39=W40,HEX2DEC(SUBSTITUTE(AH39,"0x",""))<HEX2DEC(SUBSTITUTE(AH40,"0x",""))),"",MAX($AF$6:AF39)+1))) -> 20 | AG40: =IF(MAX(INDEX($AF:$AF,ROW($AG$6)):INDEX($AF:$AF,ROW(AG40)))+1=AF41,MAX(INDEX($AF:$AF,ROW($AG$6)):INDEX($AF:$AF,ROW(AG40))),"") | AH40: =LOWER(IF(C40="1", "0x40000"&B40,"0x00000"&B40)) -> 0x400001bc | AI40: =HEX2DEC(RIGHT(AH40,8)) -> 1073742268 | AJ40: =IF(AF40<>"",AH40,"") -> 0x400001bc | AK40: =IF(AF40<>"",VLOOKUP(AF40,$AG$6:$AH$286,2,TRUE),"") -> 0x400001c1 | AL40: =IF($AF40<>"",MIN($D40:$D40),"") -> 32 | AN40: =IF(AI39<AI40,"ok","not ok") -> ok | AO40: CAN_CFG_ID_VALUE_5_MB
A41: ZN21S28 | B41: 1BE | C41: 1 | D41: 32 | E41: 200 | F41: 1 | G41: R | K41: 0 | L41: 0 | M41: 0 | N41: 1 | O41: 0 | P41: 0 | Q41: 0 | R41: 0 | S41: 0 | T41: 0 | U41: 0 | V41: 0 | W41: 0 | Y41: 29 | Z41: 65535 | AA41: 32768 | AB41: 65535 | AF41: =IF(V41=1,MAX($AF$6:AF40)+1,IF(AF40="#",0,IF(AND(D40=D41,K40=K41,L40=L41,M40=M41,N40=N41,O40=O41,P40=P41,Q40=Q41,R40=R41,S40=S41,T40=T41,U40=U41,V40=V41,W40=W41,HEX2DEC(SUBSTITUTE(AH40,"0x",""))<HEX2DEC(SUBSTITUTE(AH41,"0x",""))),"",MAX($AF$6:AF40)+1))) | AG41: =IF(MAX(INDEX($AF:$AF,ROW($AG$6)):INDEX($AF:$AF,ROW(AG41)))+1=AF42,MAX(INDEX($AF:$AF,ROW($AG$6)):INDEX($AF:$AF,ROW(AG41))),"") | AH41: =LOWER(IF(C41="1", "0x40000"&B41,"0x00000"&B41)) -> 0x400001be | AI41: =HEX2DEC(RIGHT(AH41,8)) -> 1073742270 | AJ41: =IF(AF41<>"",AH41,"") | AK41: =IF(AF41<>"",VLOOKUP(AF41,$AG$6:$AH$286,2,TRUE),"") | AL41: =IF($AF41<>"",MIN($D41:$D41),"") | AN41: =IF(AI40<AI41,"ok","not ok") -> ok | AO41: CAN_CFG_ID_VALUE_5_MB
A42: ADC1S31 | B42: 1C0 | C42: 1 | D42: 32 | E42: 200 | F42: 1 | G42: R | K42: 0 | L42: 0 | M42: 0 | N42: 1 | O42: 0 | P42: 0 | Q42: 0 | R42: 0 | S42: 0 | T42: 0 | U42: 0 | V42: 0 | W42: 0 | Y42: 29 | Z42: 65535 | AA42: 32768 | AB42: 65535 | AF42: =IF(V42=1,MAX($AF$6:AF41)+1,IF(AF41="#",0,IF(AND(D41=D42,K41=K42,L41=L42,M41=M42,N41=N42,O41=O42,P41=P42,Q41=Q42,R41=R42,S41=S42,T41=T42,U41=U42,V41=V42,W41=W42,HEX2DEC(SUBSTITUTE(AH41,"0x",""))<HEX2DEC(SUBSTITUTE(AH42,"0x",""))),"",MAX($AF$6:AF41)+1))) | AG42: =IF(MAX(INDEX($AF:$AF,ROW($AG$6)):INDEX($AF:$AF,ROW(AG42)))+1=AF43,MAX(INDEX($AF:$AF,ROW($AG$6)):INDEX($AF:$AF,ROW(AG42))),"") | AH42: =LOWER(IF(C42="1", "0x40000"&B42,"0x00000"&B42)) -> 0x400001c0 | AI42: =HEX2DEC(RIGHT(AH42,8)) -> 1073742272 | AJ42: =IF(AF42<>"",AH42,"") | AK42: =IF(AF42<>"",VLOOKUP(AF42,$AG$6:$AH$286,2,TRUE),"") | AL42: =IF($AF42<>"",MIN($D42:$D42),"") | AN42: =IF(AI41<AI42,"ok","not ok") -> ok
A43: BAT1S12 | B43: 1C1 | C43: 1 | D43: 32 | E43: 200 | F43: 1 | G43: R | K43: 0 | L43: 0 | M43: 0 | N43: 1 | O43: 0 | P43: 0 | Q43: 0 | R43: 0 | S43: 0 | T43: 0 | U43: 0 | V43: 0 | W43: 0 | Y43: 29 | Z43: 65535 | AA43: 32768 | AB43: 65535 | AF43: =IF(V43=1,MAX($AF$6:AF42)+1,IF(AF42="#",0,IF(AND(D42=D43,K42=K43,L42=L43,M42=M43,N42=N43,O42=O43,P42=P43,Q42=Q43,R42=R43,S42=S43,T42=T43,U42=U43,V42=V43,W42=W43,HEX2DEC(SUBSTITUTE(AH42,"0x",""))<HEX2DEC(SUBSTITUTE(AH43,"0x",""))),"",MAX($AF$6:AF42)+1))) | AG43: =IF(MAX(INDEX($AF:$AF,ROW($AG$6)):INDEX($AF:$AF,ROW(AG43)))+1=AF44,MAX(INDEX($AF:$AF,ROW($AG$6)):INDEX($AF:$AF,ROW(AG43))),"") -> 20 | AH43: =LOWER(IF(C43="1", "0x40000"&B43,"0x00000"&B43)) -> 0x400001c1 | AI43: =HEX2DEC(RIGHT(AH43,8)) -> 1073742273 | AJ43: =IF(AF43<>"",AH43,"") | AK43: =IF(AF43<>"",VLOOKUP(AF43,$AG$6:$AH$286,2,TRUE),"") | AL43: =IF($AF43<>"",MIN($D43:$D43),"") | AN43: =IF(AI42<AI43,"ok","not ok") -> ok | AO43: CAN_CFG_ID_VALUE_5_MB
A44: EHV1S23 | B44: 1D0 | C44: 1 | D44: 8 | E44: 300 | F44: 0 | G44: R | K44: 0 | L44: 0 | M44: 0 | N44: 1 | O44: 0 | P44: 0 | Q44: 0 | R44: 0 | S44: 0 | T44: 0 | U44: 0 | V44: 0 | W44: 0 | Y44: 29 | Z44: 65535 | AA44: 32768 | AB44: 65535 | AF44: =IF(V44=1,MAX($AF$6:AF43)+1,IF(AF43="#",0,IF(AND(D43=D44,K43=K44,L43=L44,M43=M44,N43=N44,O43=O44,P43=P44,Q43=Q44,R43=R44,S43=S44,T43=T44,U43=U44,V43=V44,W43=W44,HEX2DEC(SUBSTITUTE(AH43,"0x",""))<HEX2DEC(SUBSTITUTE(AH44,"0x",""))),"",MAX($AF$6:AF43)+1))) -> 21 | AG44: =IF(MAX(INDEX($AF:$AF,ROW($AG$6)):INDEX($AF:$AF,ROW(AG44)))+1=AF45,MAX(INDEX($AF:$AF,ROW($AG$6)):INDEX($AF:$AF,ROW(AG44))),"") | AH44: =LOWER(IF(C44="1", "0x40000"&B44,"0x00000"&B44)) -> 0x400001d0 | AI44: =HEX2DEC(RIGHT(AH44,8)) -> 1073742288 | AJ44: =IF(AF44<>"",AH44,"") -> 0x400001d0 | AK44: =IF(AF44<>"",VLOOKUP(AF44,$AG$6:$AH$286,2,TRUE),"") -> 0x400001d1 | AL44: =IF($AF44<>"",MIN($D44:$D44),"") -> 8 | AN44: =IF(AI43<AI44,"ok","not ok") -> ok
A45: PMN1G03 | B45: 1D1 | C45: 1 | D45: 8 | E45: 300 | F45: 0 | G45: R | K45: 0 | L45: 0 | M45: 0 | N45: 1 | O45: 0 | P45: 0 | Q45: 0 | R45: 0 | S45: 0 | T45: 0 | U45: 0 | V45: 0 | W45: 0 | Y45: 29 | Z45: 65535 | AA45: 32768 | AB45: 65535 | AF45: =IF(V45=1,MAX($AF$6:AF44)+1,IF(AF44="#",0,IF(AND(D44=D45,K44=K45,L44=L45,M44=M45,N44=N45,O44=O45,P44=P45,Q44=Q45,R44=R45,S44=S45,T44=T45,U44=U45,V44=V45,W44=W45,HEX2DEC(SUBSTITUTE(AH44,"0x",""))<HEX2DEC(SUBSTITUTE(AH45,"0x",""))),"",MAX($AF$6:AF44)+1))) | AG45: =IF(MAX(INDEX($AF:$AF,ROW($AG$6)):INDEX($AF:$AF,ROW(AG45)))+1=AF46,MAX(INDEX($AF:$AF,ROW($AG$6)):INDEX($AF:$AF,ROW(AG45))),"") -> 21 | AH45: =LOWER(IF(C45="1", "0x40000"&B45,"0x00000"&B45)) -> 0x400001d1 | AI45: =HEX2DEC(RIGHT(AH45,8)) -> 1073742289 | AJ45: =IF(AF45<>"",AH45,"") | AK45: =IF(AF45<>"",VLOOKUP(AF45,$AG$6:$AH$286,2,TRUE),"") | AL45: =IF($AF45<>"",MIN($D45:$D45),"") | AN45: =IF(AI44<AI45,"ok","not ok") -> ok | AO45: CAN_CFG_ID_VALUE_5_MB
A46: EPS1S90 | B46: 1CA | C46: 1 | D46: 8 | E46: 300 | F46: 0 | G46: R | K46: 0 | L46: 0 | M46: 0 | N46: 1 | O46: 0 | P46: 0 | Q46: 0 | R46: 0 | S46: 0 | T46: 0 | U46: 0 | V46: 0 | W46: 0 | Y46: 29 | Z46: 65535 | AA46: 32768 | AB46: 65535 | AF46: =IF(V46=1,MAX($AF$6:AF45)+1,IF(AF45="#",0,IF(AND(D45=D46,K45=K46,L45=L46,M45=M46,N45=N46,O45=O46,P45=P46,Q45=Q46,R45=R46,S45=S46,T45=T46,U45=U46,V45=V46,W45=W46,HEX2DEC(SUBSTITUTE(AH45,"0x",""))<HEX2DEC(SUBSTITUTE(AH46,"0x",""))),"",MAX($AF$6:AF45)+1))) -> 22 | AG46: =IF(MAX(INDEX($AF:$AF,ROW($AG$6)):INDEX($AF:$AF,ROW(AG46)))+1=AF47,MAX(INDEX($AF:$AF,ROW($AG$6)):INDEX($AF:$AF,ROW(AG46))),"") | AH46: =LOWER(IF(C46="1", "0x40000"&B46,"0x00000"&B46)) -> 0x400001ca | AI46: =HEX2DEC(RIGHT(AH46,8)) -> 1073742282 | AJ46: =IF(AF46<>"",AH46,"") -> 0x400001ca | AK46: =IF(AF46<>"",VLOOKUP(AF46,$AG$6:$AH$286,2,TRUE),"") -> 0x400001de | AL46: =IF($AF46<>"",MIN($D46:$D46),"") -> 8 | AN46: =IF(AI45<AI46,"ok","not ok") -> not ok | AO46: CAN_CFG_ID_VALUE_5_MB
A47: PDC1G01 | B47: 1CC | C47: 1 | D47: 8 | E47: 300 | F47: 0 | G47: R | K47: 0 | L47: 0 | M47: 0 | N47: 1 | O47: 0 | P47: 0 | Q47: 0 | R47: 0 | S47: 0 | T47: 0 | U47: 0 | V47: 0 | W47: 0 | Y47: 29 | Z47: 65535 | AA47: 32768 | AB47: 65535 | AF47: =IF(V47=1,MAX($AF$6:AF46)+1,IF(AF46="#",0,IF(AND(D46=D47,K46=K47,L46=L47,M46=M47,N46=N47,O46=O47,P46=P47,Q46=Q47,R46=R47,S46=S47,T46=T47,U46=U47,V46=V47,W46=W47,HEX2DEC(SUBSTITUTE(AH46,"0x",""))<HEX2DEC(SUBSTITUTE(AH47,"0x",""))),"",MAX($AF$6:AF46)+1))) | AG47: =IF(MAX(INDEX($AF:$AF,ROW($AG$6)):INDEX($AF:$AF,ROW(AG47)))+1=AF48,MAX(INDEX($AF:$AF,ROW($AG$6)):INDEX($AF:$AF,ROW(AG47))),"") | AH47: =LOWER(IF(C47="1", "0x40000"&B47,"0x00000"&B47)) -> 0x400001cc | AI47: =HEX2DEC(RIGHT(AH47,8)) -> 1073742284 | AJ47: =IF(AF47<>"",AH47,"") | AK47: =IF(AF47<>"",VLOOKUP(AF47,$AG$6:$AH$286,2,TRUE),"") | AL47: =IF($AF47<>"",MIN($D47:$D47),"") | AN47: =IF(AI46<AI47,"ok","not ok") -> ok | AO47: CAN_CFG_ID_VALUE_5_MB
A48: ZN21S52 | B48: 1CE | C48: 1 | D48: 8 | E48: 300 | F48: 0 | G48: R | K48: 0 | L48: 0 | M48: 0 | N48: 1 | O48: 0 | P48: 0 | Q48: 0 | R48: 0 | S48: 0 | T48: 0 | U48: 0 | V48: 0 | W48: 0 | Y48: 29 | Z48: 65535 | AA48: 32768 | AB48: 65535 | AF48: =IF(V48=1,MAX($AF$6:AF47)+1,IF(AF47="#",0,IF(AND(D47=D48,K47=K48,L47=L48,M47=M48,N47=N48,O47=O48,P47=P48,Q47=Q48,R47=R48,S47=S48,T47=T48,U47=U48,V47=V48,W47=W48,HEX2DEC(SUBSTITUTE(AH47,"0x",""))<HEX2DEC(SUBSTITUTE(AH48,"0x",""))),"",MAX($AF$6:AF47)+1))) | AG48: =IF(MAX(INDEX($AF:$AF,ROW($AG$6)):INDEX($AF:$AF,ROW(AG48)))+1=AF49,MAX(INDEX($AF:$AF,ROW($AG$6)):INDEX($AF:$AF,ROW(AG48))),"") | AH48: =LOWER(IF(C48="1", "0x40000"&B48,"0x00000"&B48)) -> 0x400001ce | AI48: =HEX2DEC(RIGHT(AH48,8)) -> 1073742286 | AJ48: =IF(AF48<>"",AH48,"") | AK48: =IF(AF48<>"",VLOOKUP(AF48,$AG$6:$AH$286,2,TRUE),"") | AL48: =IF($AF48<>"",MIN($D48:$D48),"") | AN48: =IF(AI47<AI48,"ok","not ok") -> ok
A49: BDB1S01 | B49: 1CF | C49: 1 | D49: 8 | E49: 300 | F49: 0 | G49: R | K49: 0 | L49: 0 | M49: 0 | N49: 1 | O49: 0 | P49: 0 | Q49: 0 | R49: 0 | S49: 0 | T49: 0 | U49: 0 | V49: 0 | W49: 0 | Y49: 29 | Z49: 65535 | AA49: 32768 | AB49: 65535 | AF49: =IF(V49=1,MAX($AF$6:AF48)+1,IF(AF48="#",0,IF(AND(D48=D49,K48=K49,L48=L49,M48=M49,N48=N49,O48=O49,P48=P49,Q48=Q49,R48=R49,S48=S49,T48=T49,U48=U49,V48=V49,W48=W49,HEX2DEC(SUBSTITUTE(AH48,"0x",""))<HEX2DEC(SUBSTITUTE(AH49,"0x",""))),"",MAX($AF$6:AF48)+1))) | AG49: =IF(MAX(INDEX($AF:$AF,ROW($AG$6)):INDEX($AF:$AF,ROW(AG49)))+1=AF50,MAX(INDEX($AF:$AF,ROW($AG$6)):INDEX($AF:$AF,ROW(AG49))),"") | AH49: =LOWER(IF(C49="1", "0x40000"&B49,"0x00000"&B49)) -> 0x400001cf | AI49: =HEX2DEC(RIGHT(AH49,8)) -> 1073742287 | AJ49: =IF(AF49<>"",AH49,"") | AK49: =IF(AF49<>"",VLOOKUP(AF49,$AG$6:$AH$286,2,TRUE),"") | AL49: =IF($AF49<>"",MIN($D49:$D49),"") | AN49: =IF(AI48<AI49,"ok","not ok") -> ok
A50: ZN11S14 | B50: 1DE | C50: 1 | D50: 8 | E50: 300 | F50: 0 | G50: R | K50: 0 | L50: 0 | M50: 0 | N50: 1 | O50: 0 | P50: 0 | Q50: 0 | R50: 0 | S50: 0 | T50: 0 | U50: 0 | V50: 0 | W50: 0 | Y50: 29 | Z50: 65535 | AA50: 32768 | AB50: 65535 | AF50: =IF(V50=1,MAX($AF$6:AF49)+1,IF(AF49="#",0,IF(AND(D49=D50,K49=K50,L49=L50,M49=M50,N49=N50,O49=O50,P49=P50,Q49=Q50,R49=R50,S49=S50,T49=T50,U49=U50,V49=V50,W49=W50,HEX2DEC(SUBSTITUTE(AH49,"0x",""))<HEX2DEC(SUBSTITUTE(AH50,"0x",""))),"",MAX($AF$6:AF49)+1))) | AG50: =IF(MAX(INDEX($AF:$AF,ROW($AG$6)):INDEX($AF:$AF,ROW(AG50)))+1=AF51,MAX(INDEX($AF:$AF,ROW($AG$6)):INDEX($AF:$AF,ROW(AG50))),"") -> 22 | AH50: =LOWER(IF(C50="1", "0x40000"&B50,"0x00000"&B50)) -> 0x400001de | AI50: =HEX2DEC(RIGHT(AH50,8)) -> 1073742302 | AJ50: =IF(AF50<>"",AH50,"") | AK50: =IF(AF50<>"",VLOOKUP(AF50,$AG$6:$AH$286,2,TRUE),"") | AL50: =IF($AF50<>"",MIN($D50:$D50),"") | AN50: =IF(AI49<AI50,"ok","not ok") -> ok
A51: ZN11S17 | B51: 1DF | C51: 1 | D51: 32 | E51: 300 | F51: 0 | G51: R | K51: 0 | L51: 0 | M51: 0 | N51: 1 | O51: 0 | P51: 0 | Q51: 0 | R51: 0 | S51: 0 | T51: 0 | U51: 0 | V51: 0 | W51: 0 | Y51: 29 | Z51: 65535 | AA51: 32768 | AB51: 65535 | AF51: =IF(V51=1,MAX($AF$6:AF50)+1,IF(AF50="#",0,IF(AND(D50=D51,K50=K51,L50=L51,M50=M51,N50=N51,O50=O51,P50=P51,Q50=Q51,R50=R51,S50=S51,T50=T51,U50=U51,V50=V51,W50=W51,HEX2DEC(SUBSTITUTE(AH50,"0x",""))<HEX2DEC(SUBSTITUTE(AH51,"0x",""))),"",MAX($AF$6:AF50)+1))) -> 23 | AG51: =IF(MAX(INDEX($AF:$AF,ROW($AG$6)):INDEX($AF:$AF,ROW(AG51)))+1=AF52,MAX(INDEX($AF:$AF,ROW($AG$6)):INDEX($AF:$AF,ROW(AG51))),"") -> 23 | AH51: =LOWER(IF(C51="1", "0x40000"&B51,"0x00000"&B51)) -> 0x400001df | AI51: =HEX2DEC(RIGHT(AH51,8)) -> 1073742303 | AJ51: =IF(AF51<>"",AH51,"") -> 0x400001df | AK51: =IF(AF51<>"",VLOOKUP(AF51,$AG$6:$AH$286,2,TRUE),"") -> 0x400001df | AL51: =IF($AF51<>"",MIN($D51:$D51),"") -> 32 | AN51: =IF(AI50<AI51,"ok","not ok") -> ok | AO51: CAN_CFG_ID_VALUE_5_MB
A52: BDC1S33 | B52: 1D2 | C52: 1 | D52: 8 | E52: 300 | F52: 0 | G52: R | K52: 0 | L52: 0 | M52: 0 | N52: 1 | O52: 0 | P52: 0 | Q52: 0 | R52: 0 | S52: 0 | T52: 0 | U52: 0 | V52: 0 | W52: 0 | Y52: 29 | Z52: 65535 | AA52: 32768 | AB52: 65535 | AF52: =IF(V52=1,MAX($AF$6:AF51)+1,IF(AF51="#",0,IF(AND(D51=D52,K51=K52,L51=L52,M51=M52,N51=N52,O51=O52,P51=P52,Q51=Q52,R51=R52,S51=S52,T51=T52,U51=U52,V51=V52,W51=W52,HEX2DEC(SUBSTITUTE(AH51,"0x",""))<HEX2DEC(SUBSTITUTE(AH52,"0x",""))),"",MAX($AF$6:AF51)+1))) -> 24 | AG52: =IF(MAX(INDEX($AF:$AF,ROW($AG$6)):INDEX($AF:$AF,ROW(AG52)))+1=AF53,MAX(INDEX($AF:$AF,ROW($AG$6)):INDEX($AF:$AF,ROW(AG52))),"") | AH52: =LOWER(IF(C52="1", "0x40000"&B52,"0x00000"&B52)) -> 0x400001d2 | AI52: =HEX2DEC(RIGHT(AH52,8)) -> 1073742290 | AJ52: =IF(AF52<>"",AH52,"") -> 0x400001d2 | AK52: =IF(AF52<>"",VLOOKUP(AF52,$AG$6:$AH$286,2,TRUE),"") -> 0x400001d3 | AL52: =IF($AF52<>"",MIN($D52:$D52),"") -> 8 | AN52: =IF(AI51<AI52,"ok","not ok") -> not ok | AO52: CAN_CFG_ID_VALUE_5_MB
A53: BDC1S46 | B53: 1D3 | C53: 1 | D53: 8 | E53: 300 | F53: 0 | G53: R | K53: 0 | L53: 0 | M53: 0 | N53: 1 | O53: 0 | P53: 0 | Q53: 0 | R53: 0 | S53: 0 | T53: 0 | U53: 0 | V53: 0 | W53: 0 | Y53: 29 | Z53: 65535 | AA53: 32768 | AB53: 65535 | AF53: =IF(V53=1,MAX($AF$6:AF52)+1,IF(AF52="#",0,IF(AND(D52=D53,K52=K53,L52=L53,M52=M53,N52=N53,O52=O53,P52=P53,Q52=Q53,R52=R53,S52=S53,T52=T53,U52=U53,V52=V53,W52=W53,HEX2DEC(SUBSTITUTE(AH52,"0x",""))<HEX2DEC(SUBSTITUTE(AH53,"0x",""))),"",MAX($AF$6:AF52)+1))) | AG53: =IF(MAX(INDEX($AF:$AF,ROW($AG$6)):INDEX($AF:$AF,ROW(AG53)))+1=AF54,MAX(INDEX($AF:$AF,ROW($AG$6)):INDEX($AF:$AF,ROW(AG53))),"") -> 24 | AH53: =LOWER(IF(C53="1", "0x40000"&B53,"0x00000"&B53)) -> 0x400001d3 | AI53: =HEX2DEC(RIGHT(AH53,8)) -> 1073742291 | AJ53: =IF(AF53<>"",AH53,"") | AK53: =IF(AF53<>"",VLOOKUP(AF53,$AG$6:$AH$286,2,TRUE),"") | AL53: =IF($AF53<>"",MIN($D53:$D53),"") | AN53: =IF(AI52<AI53,"ok","not ok") -> ok
A54: ZN11S64 | B54: 3D2 | C54: 1 | D54: 32 | E54: 1000 | F54: 0 | G54: R | K54: 0 | L54: 0 | M54: 0 | N54: 1 | O54: 0 | P54: 0 | Q54: 0 | R54: 0 | S54: 0 | T54: 0 | U54: 0 | V54: 0 | W54: 0 | Y54: 29 | Z54: 65535 | AA54: 32768 | AB54: 65535 | AF54: =IF(V54=1,MAX($AF$6:AF53)+1,IF(AF53="#",0,IF(AND(D53=D54,K53=K54,L53=L54,M53=M54,N53=N54,O53=O54,P53=P54,Q53=Q54,R53=R54,S53=S54,T53=T54,U53=U54,V53=V54,W53=W54,HEX2DEC(SUBSTITUTE(AH53,"0x",""))<HEX2DEC(SUBSTITUTE(AH54,"0x",""))),"",MAX($AF$6:AF53)+1))) -> 25 | AG54: =IF(MAX(INDEX($AF:$AF,ROW($AG$6)):INDEX($AF:$AF,ROW(AG54)))+1=AF55,MAX(INDEX($AF:$AF,ROW($AG$6)):INDEX($AF:$AF,ROW(AG54))),"") -> 25 | AH54: =LOWER(IF(C54="1", "0x40000"&B54,"0x00000"&B54)) -> 0x400003d2 | AI54: =HEX2DEC(RIGHT(AH54,8)) -> 1073742802 | AJ54: =IF(AF54<>"",AH54,"") -> 0x400003d2 | AK54: =IF(AF54<>"",VLOOKUP(AF54,$AG$6:$AH$286,2,TRUE),"") -> 0x400003d2 | AL54: =IF($AF54<>"",MIN($D54:$D54),"") -> 32 | AN54: =IF(AI53<AI54,"ok","not ok") -> ok
A55: BDC1SE1 | B55: 3D3 | C55: 1 | D55: 64 | E55: 1000 | F55: 1 | G55: R | K55: 0 | L55: 0 | M55: 0 | N55: 0 | O55: 0 | P55: 0 | Q55: 0 | R55: 0 | S55: 0 | T55: 0 | U55: 0 | V55: 1 | W55: 0 | Y55: 0 | Z55: =VLOOKUP(A55,SecOC_Cfg.h!$C$33:$D$61,2,FALSE) -> 19 | AA55: 65535 | AB55: 65535 | AF55: =IF(V55=1,MAX($AF$6:AF54)+1,IF(AF54="#",0,IF(AND(D54=D55,K54=K55,L54=L55,M54=M55,N54=N55,O54=O55,P54=P55,Q54=Q55,R54=R55,S54=S55,T54=T55,U54=U55,V54=V55,W54=W55,HEX2DEC(SUBSTITUTE(AH54,"0x",""))<HEX2DEC(SUBSTITUTE(AH55,"0x",""))),"",MAX($AF$6:AF54)+1))) -> 26 | AG55: =IF(MAX(INDEX($AF:$AF,ROW($AG$6)):INDEX($AF:$AF,ROW(AG55)))+1=AF56,MAX(INDEX($AF:$AF,ROW($AG$6)):INDEX($AF:$AF,ROW(AG55))),"") -> 26 | AH55: =LOWER(IF(C55="1", "0x40000"&B55,"0x00000"&B55)) -> 0x400003d3 | AI55: =HEX2DEC(RIGHT(AH55,8)) -> 1073742803 | AJ55: =IF(AF55<>"",AH55,"") -> 0x400003d3 | AK55: =IF(AF55<>"",VLOOKUP(AF55,$AG$6:$AH$286,2,TRUE),"") -> 0x400003d3 | AL55: =IF($AF55<>"",MIN($D55:$D55),"") -> 64 | AN55: =IF(AI54<AI55,"ok","not ok") -> ok
A56: DDM1S17 | B56: 1D7 | C56: 1 | D56: 32 | E56: 300 | F56: 0 | G56: R | K56: 0 | L56: 0 | M56: 0 | N56: 1 | O56: 0 | P56: 0 | Q56: 0 | R56: 0 | S56: 0 | T56: 0 | U56: 0 | V56: 0 | W56: 0 | Y56: 29 | Z56: 65535 | AA56: 32768 | AB56: 65535 | AF56: =IF(V56=1,MAX($AF$6:AF55)+1,IF(AF55="#",0,IF(AND(D55=D56,K55=K56,L55=L56,M55=M56,N55=N56,O55=O56,P55=P56,Q55=Q56,R55=R56,S55=S56,T55=T56,U55=U56,V55=V56,W55=W56,HEX2DEC(SUBSTITUTE(AH55,"0x",""))<HEX2DEC(SUBSTITUTE(AH56,"0x",""))),"",MAX($AF$6:AF55)+1))) -> 27 | AG56: =IF(MAX(INDEX($AF:$AF,ROW($AG$6)):INDEX($AF:$AF,ROW(AG56)))+1=AF57,MAX(INDEX($AF:$AF,ROW($AG$6)):INDEX($AF:$AF,ROW(AG56))),"") -> 27 | AH56: =LOWER(IF(C56="1", "0x40000"&B56,"0x00000"&B56)) -> 0x400001d7 | AI56: =HEX2DEC(RIGHT(AH56,8)) -> 1073742295 | AJ56: =IF(AF56<>"",AH56,"") -> 0x400001d7 | AK56: =IF(AF56<>"",VLOOKUP(AF56,$AG$6:$AH$286,2,TRUE),"") -> 0x400001d7 | AL56: =IF($AF56<>"",MIN($D56:$D56),"") -> 32 | AN56: =IF(AI55<AI56,"ok","not ok") -> not ok | AO56: CAN_CFG_ID_VALUE_5_MB
A57: CMB1S03 | B57: 1D9 | C57: 1 | D57: 8 | E57: 300 | F57: 0 | G57: R | K57: 0 | L57: 0 | M57: 0 | N57: 1 | O57: 0 | P57: 0 | Q57: 0 | R57: 0 | S57: 0 | T57: 0 | U57: 0 | V57: 0 | W57: 0 | Y57: 29 | Z57: 65535 | AA57: 32768 | AB57: 65535 | AF57: =IF(V57=1,MAX($AF$6:AF56)+1,IF(AF56="#",0,IF(AND(D56=D57,K56=K57,L56=L57,M56=M57,N56=N57,O56=O57,P56=P57,Q56=Q57,R56=R57,S56=S57,T56=T57,U56=U57,V56=V57,W56=W57,HEX2DEC(SUBSTITUTE(AH56,"0x",""))<HEX2DEC(SUBSTITUTE(AH57,"0x",""))),"",MAX($AF$6:AF56)+1))) -> 28 | AG57: =IF(MAX(INDEX($AF:$AF,ROW($AG$6)):INDEX($AF:$AF,ROW(AG57)))+1=AF58,MAX(INDEX($AF:$AF,ROW($AG$6)):INDEX($AF:$AF,ROW(AG57))),"") | AH57: =LOWER(IF(C57="1", "0x40000"&B57,"0x00000"&B57)) -> 0x400001d9 | AI57: =HEX2DEC(RIGHT(AH57,8)) -> 1073742297 | AJ57: =IF(AF57<>"",AH57,"") -> 0x400001d9 | AK57: =IF(AF57<>"",VLOOKUP(AF57,$AG$6:$AH$286,2,TRUE),"") -> 0x400001dd | AL57: =IF($AF57<>"",MIN($D57:$D57),"") -> 8 | AN57: =IF(AI56<AI57,"ok","not ok") -> ok | AO57: CAN_CFG_ID_VALUE_5_MB
A58: ARS1S90 | B58: 1DD | C58: 1 | D58: 8 | E58: 300 | F58: 0 | G58: R | K58: 0 | L58: 0 | M58: 0 | N58: 1 | O58: 0 | P58: 0 | Q58: 0 | R58: 0 | S58: 0 | T58: 0 | U58: 0 | V58: 0 | W58: 0 | Y58: 29 | Z58: 65535 | AA58: 32768 | AB58: 65535 | AF58: =IF(V58=1,MAX($AF$6:AF57)+1,IF(AF57="#",0,IF(AND(D57=D58,K57=K58,L57=L58,M57=M58,N57=N58,O57=O58,P57=P58,Q57=Q58,R57=R58,S57=S58,T57=T58,U57=U58,V57=V58,W57=W58,HEX2DEC(SUBSTITUTE(AH57,"0x",""))<HEX2DEC(SUBSTITUTE(AH58,"0x",""))),"",MAX($AF$6:AF57)+1))) | AG58: =IF(MAX(INDEX($AF:$AF,ROW($AG$6)):INDEX($AF:$AF,ROW(AG58)))+1=AF59,MAX(INDEX($AF:$AF,ROW($AG$6)):INDEX($AF:$AF,ROW(AG58))),"") -> 28 | AH58: =LOWER(IF(C58="1", "0x40000"&B58,"0x00000"&B58)) -> 0x400001dd | AI58: =HEX2DEC(RIGHT(AH58,8)) -> 1073742301 | AJ58: =IF(AF58<>"",AH58,"") | AK58: =IF(AF58<>"",VLOOKUP(AF58,$AG$6:$AH$286,2,TRUE),"") | AL58: =IF($AF58<>"",MIN($D58:$D58),"") | AN58: =IF(AI57<AI58,"ok","not ok") -> ok
A59: ZN21S05 | B59: 1E1 | C59: 1 | D59: 32 | E59: 300 | F59: 0 | G59: R | K59: 0 | L59: 0 | M59: 0 | N59: 1 | O59: 0 | P59: 0 | Q59: 0 | R59: 0 | S59: 0 | T59: 0 | U59: 0 | V59: 0 | W59: 0 | Y59: 29 | Z59: 65535 | AA59: 32768 | AB59: 65535 | AF59: =IF(V59=1,MAX($AF$6:AF58)+1,IF(AF58="#",0,IF(AND(D58=D59,K58=K59,L58=L59,M58=M59,N58=N59,O58=O59,P58=P59,Q58=Q59,R58=R59,S58=S59,T58=T59,U58=U59,V58=V59,W58=W59,HEX2DEC(SUBSTITUTE(AH58,"0x",""))<HEX2DEC(SUBSTITUTE(AH59,"0x",""))),"",MAX($AF$6:AF58)+1))) -> 29 | AG59: =IF(MAX(INDEX($AF:$AF,ROW($AG$6)):INDEX($AF:$AF,ROW(AG59)))+1=AF60,MAX(INDEX($AF:$AF,ROW($AG$6)):INDEX($AF:$AF,ROW(AG59))),"") -> 29 | AH59: =LOWER(IF(C59="1", "0x40000"&B59,"0x00000"&B59)) -> 0x400001e1 | AI59: =HEX2DEC(RIGHT(AH59,8)) -> 1073742305 | AJ59: =IF(AF59<>"",AH59,"") -> 0x400001e1 | AK59: =IF(AF59<>"",VLOOKUP(AF59,$AG$6:$AH$286,2,TRUE),"") -> 0x400001e1 | AL59: =IF($AF59<>"",MIN($D59:$D59),"") -> 32 | AN59: =IF(AI58<AI59,"ok","not ok") -> ok | AO59: CAN_CFG_ID_VALUE_5_MB
A60: BDC1S81 | B60: 1E3 | C60: 1 | D60: 32 | E60: 300 | F60: 1 | G60: R | K60: 0 | L60: 1 | M60: 0 | N60: 1 | O60: 0 | P60: 0 | Q60: 0 | R60: 0 | S60: 0 | T60: 0 | U60: 0 | V60: 0 | W60: 0 | Y60: 29 | Z60: 65535 | AA60: 32768 | AB60: 65535 | AF60: =IF(V60=1,MAX($AF$6:AF59)+1,IF(AF59="#",0,IF(AND(D59=D60,K59=K60,L59=L60,M59=M60,N59=N60,O59=O60,P59=P60,Q59=Q60,R59=R60,S59=S60,T59=T60,U59=U60,V59=V60,W59=W60,HEX2DEC(SUBSTITUTE(AH59,"0x",""))<HEX2DEC(SUBSTITUTE(AH60,"0x",""))),"",MAX($AF$6:AF59)+1))) -> 30 | AG60: =IF(MAX(INDEX($AF:$AF,ROW($AG$6)):INDEX($AF:$AF,ROW(AG60)))+1=AF61,MAX(INDEX($AF:$AF,ROW($AG$6)):INDEX($AF:$AF,ROW(AG60))),"") -> 30 | AH60: =LOWER(IF(C60="1", "0x40000"&B60,"0x00000"&B60)) -> 0x400001e3 | AI60: =HEX2DEC(RIGHT(AH60,8)) -> 1073742307 | AJ60: =IF(AF60<>"",AH60,"") -> 0x400001e3 | AK60: =IF(AF60<>"",VLOOKUP(AF60,$AG$6:$AH$286,2,TRUE),"") -> 0x400001e3 | AL60: =IF($AF60<>"",MIN($D60:$D60),"") -> 32 | AN60: =IF(AI59<AI60,"ok","not ok") -> ok
A61: SOL1S05 | B61: 1EA | C61: 1 | D61: 8 | E61: 500 | F61: 0 | G61: R | K61: 0 | L61: 0 | M61: 0 | N61: 1 | O61: 0 | P61: 0 | Q61: 0 | R61: 0 | S61: 0 | T61: 0 | U61: 0 | V61: 0 | W61: 0 | Y61: 29 | Z61: 65535 | AA61: 32768 | AB61: 65535 | AF61: =IF(V61=1,MAX($AF$6:AF60)+1,IF(AF60="#",0,IF(AND(D60=D61,K60=K61,L60=L61,M60=M61,N60=N61,O60=O61,P60=P61,Q60=Q61,R60=R61,S60=S61,T60=T61,U60=U61,V60=V61,W60=W61,HEX2DEC(SUBSTITUTE(AH60,"0x",""))<HEX2DEC(SUBSTITUTE(AH61,"0x",""))),"",MAX($AF$6:AF60)+1))) -> 31 | AG61: =IF(MAX(INDEX($AF:$AF,ROW($AG$6)):INDEX($AF:$AF,ROW(AG61)))+1=AF62,MAX(INDEX($AF:$AF,ROW($AG$6)):INDEX($AF:$AF,ROW(AG61))),"") | AH61: =LOWER(IF(C61="1", "0x40000"&B61,"0x00000"&B61)) -> 0x400001ea | AI61: =HEX2DEC(RIGHT(AH61,8)) -> 1073742314 | AJ61: =IF(AF61<>"",AH61,"") -> 0x400001ea | AK61: =IF(AF61<>"",VLOOKUP(AF61,$AG$6:$AH$286,2,TRUE),"") -> 0x400001fa | AL61: =IF($AF61<>"",MIN($D61:$D61),"") -> 8 | AN61: =IF(AI60<AI61,"ok","not ok") -> ok | AO61: CAN_CFG_ID_VALUE_5_MB
A62: EHV1S96 | B62: 1FA | C62: 1 | D62: 8 | E62: 500 | F62: 0 | G62: R | K62: 0 | L62: 0 | M62: 0 | N62: 1 | O62: 0 | P62: 0 | Q62: 0 | R62: 0 | S62: 0 | T62: 0 | U62: 0 | V62: 0 | W62: 0 | Y62: 29 | Z62: 65535 | AA62: 32768 | AB62: 65535 | AF62: =IF(V62=1,MAX($AF$6:AF61)+1,IF(AF61="#",0,IF(AND(D61=D62,K61=K62,L61=L62,M61=M62,N61=N62,O61=O62,P61=P62,Q61=Q62,R61=R62,S61=S62,T61=T62,U61=U62,V61=V62,W61=W62,HEX2DEC(SUBSTITUTE(AH61,"0x",""))<HEX2DEC(SUBSTITUTE(AH62,"0x",""))),"",MAX($AF$6:AF61)+1))) | AG62: =IF(MAX(INDEX($AF:$AF,ROW($AG$6)):INDEX($AF:$AF,ROW(AG62)))+1=AF63,MAX(INDEX($AF:$AF,ROW($AG$6)):INDEX($AF:$AF,ROW(AG62))),"") -> 31 | AH62: =LOWER(IF(C62="1", "0x40000"&B62,"0x00000"&B62)) -> 0x400001fa | AI62: =HEX2DEC(RIGHT(AH62,8)) -> 1073742330 | AJ62: =IF(AF62<>"",AH62,"") | AK62: =IF(AF62<>"",VLOOKUP(AF62,$AG$6:$AH$286,2,TRUE),"") | AL62: =IF($AF62<>"",MIN($D62:$D62),"") | AN62: =IF(AI61<AI62,"ok","not ok") -> ok
A63: SOL1S04 | B63: 1EB | C63: 1 | D63: 8 | E63: 500 | F63: 0 | G63: R | K63: 0 | L63: 0 | M63: 0 | N63: 1 | O63: 0 | P63: 0 | Q63: 0 | R63: 0 | S63: 0 | T63: 0 | U63: 0 | V63: 0 | W63: 0 | Y63: 29 | Z63: 65535 | AA63: 32768 | AB63: 65535 | AF63: =IF(V63=1,MAX($AF$6:AF62)+1,IF(AF62="#",0,IF(AND(D62=D63,K62=K63,L62=L63,M62=M63,N62=N63,O62=O63,P62=P63,Q62=Q63,R62=R63,S62=S63,T62=T63,U62=U63,V62=V63,W62=W63,HEX2DEC(SUBSTITUTE(AH62,"0x",""))<HEX2DEC(SUBSTITUTE(AH63,"0x",""))),"",MAX($AF$6:AF62)+1))) -> 32 | AG63: =IF(MAX(INDEX($AF:$AF,ROW($AG$6)):INDEX($AF:$AF,ROW(AG63)))+1=AF64,MAX(INDEX($AF:$AF,ROW($AG$6)):INDEX($AF:$AF,ROW(AG63))),"") | AH63: =LOWER(IF(C63="1", "0x40000"&B63,"0x00000"&B63)) -> 0x400001eb | AI63: =HEX2DEC(RIGHT(AH63,8)) -> 1073742315 | AJ63: =IF(AF63<>"",AH63,"") -> 0x400001eb | AK63: =IF(AF63<>"",VLOOKUP(AF63,$AG$6:$AH$286,2,TRUE),"") -> 0x400001f4 | AL63: =IF($AF63<>"",MIN($D63:$D63),"") -> 8 | AN63: =IF(AI62<AI63,"ok","not ok") -> not ok | AO63: CAN_CFG_ID_VALUE_5_MB
A64: BDB1F03 | B64: 1F4 | C64: 1 | D64: 8 | E64: 500 | F64: 0 | G64: R | K64: 0 | L64: 0 | M64: 0 | N64: 1 | O64: 0 | P64: 0 | Q64: 0 | R64: 0 | S64: 0 | T64: 0 | U64: 0 | V64: 0 | W64: 0 | Y64: 29 | Z64: 65535 | AA64: 32768 | AB64: 65535 | AF64: =IF(V64=1,MAX($AF$6:AF63)+1,IF(AF63="#",0,IF(AND(D63=D64,K63=K64,L63=L64,M63=M64,N63=N64,O63=O64,P63=P64,Q63=Q64,R63=R64,S63=S64,T63=T64,U63=U64,V63=V64,W63=W64,HEX2DEC(SUBSTITUTE(AH63,"0x",""))<HEX2DEC(SUBSTITUTE(AH64,"0x",""))),"",MAX($AF$6:AF63)+1))) | AG64: =IF(MAX(INDEX($AF:$AF,ROW($AG$6)):INDEX($AF:$AF,ROW(AG64)))+1=AF65,MAX(INDEX($AF:$AF,ROW($AG$6)):INDEX($AF:$AF,ROW(AG64))),"") -> 32 | AH64: =LOWER(IF(C64="1", "0x40000"&B64,"0x00000"&B64)) -> 0x400001f4 | AI64: =HEX2DEC(RIGHT(AH64,8)) -> 1073742324 | AJ64: =IF(AF64<>"",AH64,"") | AK64: =IF(AF64<>"",VLOOKUP(AF64,$AG$6:$AH$286,2,TRUE),"") | AL64: =IF($AF64<>"",MIN($D64:$D64),"") | AN64: =IF(AI63<AI64,"ok","not ok") -> ok | AO64: CAN_CFG_ID_VALUE_5_MB
A65: EHV2G70 | B65: 202 | C65: 1 | D65: 32 | E65: 1000 | F65: 0 | G65: R | K65: 0 | L65: 0 | M65: 0 | N65: 1 | O65: 0 | P65: 0 | Q65: 0 | R65: 0 | S65: 0 | T65: 0 | U65: 0 | V65: 0 | W65: 0 | Y65: 29 | Z65: 65535 | AA65: 32768 | AB65: 65535 | AF65: =IF(V65=1,MAX($AF$6:AF64)+1,IF(AF64="#",0,IF(AND(D64=D65,K64=K65,L64=L65,M64=M65,N64=N65,O64=O65,P64=P65,Q64=Q65,R64=R65,S64=S65,T64=T65,U64=U65,V64=V65,W64=W65,HEX2DEC(SUBSTITUTE(AH64,"0x",""))<HEX2DEC(SUBSTITUTE(AH65,"0x",""))),"",MAX($AF$6:AF64)+1))) -> 33 | AG65: =IF(MAX(INDEX($AF:$AF,ROW($AG$6)):INDEX($AF:$AF,ROW(AG65)))+1=AF66,MAX(INDEX($AF:$AF,ROW($AG$6)):INDEX($AF:$AF,ROW(AG65))),"") | AH65: =LOWER(IF(C65="1", "0x40000"&B65,"0x00000"&B65)) -> 0x40000202 | AI65: =HEX2DEC(RIGHT(AH65,8)) -> 1073742338 | AJ65: =IF(AF65<>"",AH65,"") -> 0x40000202 | AK65: =IF(AF65<>"",VLOOKUP(AF65,$AG$6:$AH$286,2,TRUE),"") -> 0x40000602 | AL65: =IF($AF65<>"",MIN($D65:$D65),"") -> 32 | AN65: =IF(AI64<AI65,"ok","not ok") -> ok | AO65: CAN_CFG_ID_VALUE_5_MB
A66: BDC1SV2 | B66: 602 | C66: 1 | D66: 32 | E66: 1000 | F66: 0 | G66: R | K66: 0 | L66: 0 | M66: 0 | N66: 1 | O66: 0 | P66: 0 | Q66: 0 | R66: 0 | S66: 0 | T66: 0 | U66: 0 | V66: 0 | W66: 0 | Y66: 29 | Z66: 65535 | AA66: 32768 | AB66: 65535 | AF66: =IF(V66=1,MAX($AF$6:AF65)+1,IF(AF65="#",0,IF(AND(D65=D66,K65=K66,L65=L66,M65=M66,N65=N66,O65=O66,P65=P66,Q65=Q66,R65=R66,S65=S66,T65=T66,U65=U66,V65=V66,W65=W66,HEX2DEC(SUBSTITUTE(AH65,"0x",""))<HEX2DEC(SUBSTITUTE(AH66,"0x",""))),"",MAX($AF$6:AF65)+1))) | AG66: =IF(MAX(INDEX($AF:$AF,ROW($AG$6)):INDEX($AF:$AF,ROW(AG66)))+1=AF67,MAX(INDEX($AF:$AF,ROW($AG$6)):INDEX($AF:$AF,ROW(AG66))),"") -> 33 | AH66: =LOWER(IF(C66="1", "0x40000"&B66,"0x00000"&B66)) -> 0x40000602 | AI66: =HEX2DEC(RIGHT(AH66,8)) -> 1073743362 | AJ66: =IF(AF66<>"",AH66,"") | AK66: =IF(AF66<>"",VLOOKUP(AF66,$AG$6:$AH$286,2,TRUE),"") | AL66: =IF($AF66<>"",MIN($D66:$D66),"") | AN66: =IF(AI65<AI66,"ok","not ok") -> ok
A67: PLG1S21 | B67: 204 | C67: 1 | D67: 32 | E67: 1000 | F67: 0 | G67: R | K67: 0 | L67: 0 | M67: 0 | N67: 1 | O67: 0 | P67: 0 | Q67: 0 | R67: 0 | S67: 0 | T67: 0 | U67: 0 | V67: 0 | W67: 0 | Y67: 29 | Z67: 65535 | AA67: 32768 | AB67: 65535 | AF67: =IF(V67=1,MAX($AF$6:AF66)+1,IF(AF66="#",0,IF(AND(D66=D67,K66=K67,L66=L67,M66=M67,N66=N67,O66=O67,P66=P67,Q66=Q67,R66=R67,S66=S67,T66=T67,U66=U67,V66=V67,W66=W67,HEX2DEC(SUBSTITUTE(AH66,"0x",""))<HEX2DEC(SUBSTITUTE(AH67,"0x",""))),"",MAX($AF$6:AF66)+1))) -> 34 | AG67: =IF(MAX(INDEX($AF:$AF,ROW($AG$6)):INDEX($AF:$AF,ROW(AG67)))+1=AF68,MAX(INDEX($AF:$AF,ROW($AG$6)):INDEX($AF:$AF,ROW(AG67))),"") | AH67: =LOWER(IF(C67="1", "0x40000"&B67,"0x00000"&B67)) -> 0x40000204 | AI67: =HEX2DEC(RIGHT(AH67,8)) -> 1073742340 | AJ67: =IF(AF67<>"",AH67,"") -> 0x40000204 | AK67: =IF(AF67<>"",VLOOKUP(AF67,$AG$6:$AH$286,2,TRUE),"") -> 0x40000214 | AL67: =IF($AF67<>"",MIN($D67:$D67),"") -> 32 | AN67: =IF(AI66<AI67,"ok","not ok") -> not ok | AO67: CAN_CFG_ID_VALUE_5_MB
A68: BAT1E41 | B68: 214 | C68: 1 | D68: 32 | E68: 1000 | F68: 0 | G68: R | K68: 0 | L68: 0 | M68: 0 | N68: 1 | O68: 0 | P68: 0 | Q68: 0 | R68: 0 | S68: 0 | T68: 0 | U68: 0 | V68: 0 | W68: 0 | Y68: 29 | Z68: 65535 | AA68: 32768 | AB68: 65535 | AF68: =IF(V68=1,MAX($AF$6:AF67)+1,IF(AF67="#",0,IF(AND(D67=D68,K67=K68,L67=L68,M67=M68,N67=N68,O67=O68,P67=P68,Q67=Q68,R67=R68,S67=S68,T67=T68,U67=U68,V67=V68,W67=W68,HEX2DEC(SUBSTITUTE(AH67,"0x",""))<HEX2DEC(SUBSTITUTE(AH68,"0x",""))),"",MAX($AF$6:AF67)+1))) | AG68: =IF(MAX(INDEX($AF:$AF,ROW($AG$6)):INDEX($AF:$AF,ROW(AG68)))+1=AF69,MAX(INDEX($AF:$AF,ROW($AG$6)):INDEX($AF:$AF,ROW(AG68))),"") -> 34 | AH68: =LOWER(IF(C68="1", "0x40000"&B68,"0x00000"&B68)) -> 0x40000214 | AI68: =HEX2DEC(RIGHT(AH68,8)) -> 1073742356 | AJ68: =IF(AF68<>"",AH68,"") | AK68: =IF(AF68<>"",VLOOKUP(AF68,$AG$6:$AH$286,2,TRUE),"") | AL68: =IF($AF68<>"",MIN($D68:$D68),"") | AN68: =IF(AI67<AI68,"ok","not ok") -> ok
A69: ADC1S13 | B69: 207 | C69: 1 | D69: 32 | E69: 1000 | F69: 0 | G69: R | K69: 0 | L69: 0 | M69: 0 | N69: 1 | O69: 0 | P69: 0 | Q69: 0 | R69: 0 | S69: 0 | T69: 0 | U69: 0 | V69: 0 | W69: 0 | Y69: 29 | Z69: 65535 | AA69: 32768 | AB69: 65535 | AF69: =IF(V69=1,MAX($AF$6:AF68)+1,IF(AF68="#",0,IF(AND(D68=D69,K68=K69,L68=L69,M68=M69,N68=N69,O68=O69,P68=P69,Q68=Q69,R68=R69,S68=S69,T68=T69,U68=U69,V68=V69,W68=W69,HEX2DEC(SUBSTITUTE(AH68,"0x",""))<HEX2DEC(SUBSTITUTE(AH69,"0x",""))),"",MAX($AF$6:AF68)+1))) -> 35 | AG69: =IF(MAX(INDEX($AF:$AF,ROW($AG$6)):INDEX($AF:$AF,ROW(AG69)))+1=AF70,MAX(INDEX($AF:$AF,ROW($AG$6)):INDEX($AF:$AF,ROW(AG69))),"") | AH69: =LOWER(IF(C69="1", "0x40000"&B69,"0x00000"&B69)) -> 0x40000207 | AI69: =HEX2DEC(RIGHT(AH69,8)) -> 1073742343 | AJ69: =IF(AF69<>"",AH69,"") -> 0x40000207 | AK69: =IF(AF69<>"",VLOOKUP(AF69,$AG$6:$AH$286,2,TRUE),"") -> 0x4000020e | AL69: =IF($AF69<>"",MIN($D69:$D69),"") -> 32 | AN69: =IF(AI68<AI69,"ok","not ok") -> not ok | AO69: CAN_CFG_ID_VALUE_5_MB
A70: ADC1S23 | B70: 20B | C70: 1 | D70: 32 | E70: 1000 | F70: 0 | G70: R | K70: 0 | L70: 0 | M70: 0 | N70: 1 | O70: 0 | P70: 0 | Q70: 0 | R70: 0 | S70: 0 | T70: 0 | U70: 0 | V70: 0 | W70: 0 | Y70: 29 | Z70: 65535 | AA70: 32768 | AB70: 65535 | AF70: =IF(V70=1,MAX($AF$6:AF69)+1,IF(AF69="#",0,IF(AND(D69=D70,K69=K70,L69=L70,M69=M70,N69=N70,O69=O70,P69=P70,Q69=Q70,R69=R70,S69=S70,T69=T70,U69=U70,V69=V70,W69=W70,HEX2DEC(SUBSTITUTE(AH69,"0x",""))<HEX2DEC(SUBSTITUTE(AH70,"0x",""))),"",MAX($AF$6:AF69)+1))) | AG70: =IF(MAX(INDEX($AF:$AF,ROW($AG$6)):INDEX($AF:$AF,ROW(AG70)))+1=AF71,MAX(INDEX($AF:$AF,ROW($AG$6)):INDEX($AF:$AF,ROW(AG70))),"") | AH70: =LOWER(IF(C70="1", "0x40000"&B70,"0x00000"&B70)) -> 0x4000020b | AI70: =HEX2DEC(RIGHT(AH70,8)) -> 1073742347 | AJ70: =IF(AF70<>"",AH70,"") | AK70: =IF(AF70<>"",VLOOKUP(AF70,$AG$6:$AH$286,2,TRUE),"") | AL70: =IF($AF70<>"",MIN($D70:$D70),"") | AN70: =IF(AI69<AI70,"ok","not ok") -> ok | AO70: CAN_CFG_ID_VALUE_5_MB
A71: ADU1S07 | B71: 20E | C71: 1 | D71: 32 | E71: 1000 | F71: 0 | G71: R | K71: 0 | L71: 0 | M71: 0 | N71: 1 | O71: 0 | P71: 0 | Q71: 0 | R71: 0 | S71: 0 | T71: 0 | U71: 0 | V71: 0 | W71: 0 | Y71: 29 | Z71: 65535 | AA71: 32768 | AB71: 65535 | AF71: =IF(V71=1,MAX($AF$6:AF70)+1,IF(AF70="#",0,IF(AND(D70=D71,K70=K71,L70=L71,M70=M71,N70=N71,O70=O71,P70=P71,Q70=Q71,R70=R71,S70=S71,T70=T71,U70=U71,V70=V71,W70=W71,HEX2DEC(SUBSTITUTE(AH70,"0x",""))<HEX2DEC(SUBSTITUTE(AH71,"0x",""))),"",MAX($AF$6:AF70)+1))) | AG71: =IF(MAX(INDEX($AF:$AF,ROW($AG$6)):INDEX($AF:$AF,ROW(AG71)))+1=AF72,MAX(INDEX($AF:$AF,ROW($AG$6)):INDEX($AF:$AF,ROW(AG71))),"") -> 35 | AH71: =LOWER(IF(C71="1", "0x40000"&B71,"0x00000"&B71)) -> 0x4000020e | AI71: =HEX2DEC(RIGHT(AH71,8)) -> 1073742350 | AJ71: =IF(AF71<>"",AH71,"") | AK71: =IF(AF71<>"",VLOOKUP(AF71,$AG$6:$AH$286,2,TRUE),"") | AL71: =IF($AF71<>"",MIN($D71:$D71),"") | AN71: =IF(AI70<AI71,"ok","not ok") -> ok | AO71: CAN_CFG_ID_VALUE_5_MB
A72: BSR1S02 | B72: 235 | C72: 1 | D72: 8 | E72: 1000 | F72: 0 | G72: R | K72: 0 | L72: 0 | M72: 0 | N72: 1 | O72: 0 | P72: 0 | Q72: 0 | R72: 0 | S72: 0 | T72: 0 | U72: 0 | V72: 0 | W72: 0 | Y72: 29 | Z72: 65535 | AA72: 32768 | AB72: 65535 | AF72: =IF(V72=1,MAX($AF$6:AF71)+1,IF(AF71="#",0,IF(AND(D71=D72,K71=K72,L71=L72,M71=M72,N71=N72,O71=O72,P71=P72,Q71=Q72,R71=R72,S71=S72,T71=T72,U71=U72,V71=V72,W71=W72,HEX2DEC(SUBSTITUTE(AH71,"0x",""))<HEX2DEC(SUBSTITUTE(AH72,"0x",""))),"",MAX($AF$6:AF71)+1))) -> 36 | AG72: =IF(MAX(INDEX($AF:$AF,ROW($AG$6)):INDEX($AF:$AF,ROW(AG72)))+1=AF73,MAX(INDEX($AF:$AF,ROW($AG$6)):INDEX($AF:$AF,ROW(AG72))),"") | AH72: =LOWER(IF(C72="1", "0x40000"&B72,"0x00000"&B72)) -> 0x40000235 | AI72: =HEX2DEC(RIGHT(AH72,8)) -> 1073742389 | AJ72: =IF(AF72<>"",AH72,"") -> 0x40000235 | AK72: =IF(AF72<>"",VLOOKUP(AF72,$AG$6:$AH$286,2,TRUE),"") -> 0x40000251 | AL72: =IF($AF72<>"",MIN($D72:$D72),"") -> 8 | AN72: =IF(AI71<AI72,"ok","not ok") -> ok | AO72: CAN_CFG_ID_VALUE_5_MB
A73: FCM1S39 | B73: 251 | C73: 1 | D73: 8 | E73: 1000 | F73: 0 | G73: R | K73: 0 | L73: 0 | M73: 0 | N73: 1 | O73: 0 | P73: 0 | Q73: 0 | R73: 0 | S73: 0 | T73: 0 | U73: 0 | V73: 0 | W73: 0 | Y73: 29 | Z73: 65535 | AA73: 32768 | AB73: 65535 | AF73: =IF(V73=1,MAX($AF$6:AF72)+1,IF(AF72="#",0,IF(AND(D72=D73,K72=K73,L72=L73,M72=M73,N72=N73,O72=O73,P72=P73,Q72=Q73,R72=R73,S72=S73,T72=T73,U72=U73,V72=V73,W72=W73,HEX2DEC(SUBSTITUTE(AH72,"0x",""))<HEX2DEC(SUBSTITUTE(AH73,"0x",""))),"",MAX($AF$6:AF72)+1))) | AG73: =IF(MAX(INDEX($AF:$AF,ROW($AG$6)):INDEX($AF:$AF,ROW(AG73)))+1=AF74,MAX(INDEX($AF:$AF,ROW($AG$6)):INDEX($AF:$AF,ROW(AG73))),"") -> 36 | AH73: =LOWER(IF(C73="1", "0x40000"&B73,"0x00000"&B73)) -> 0x40000251 | AI73: =HEX2DEC(RIGHT(AH73,8)) -> 1073742417 | AJ73: =IF(AF73<>"",AH73,"") | AK73: =IF(AF73<>"",VLOOKUP(AF73,$AG$6:$AH$286,2,TRUE),"") | AL73: =IF($AF73<>"",MIN($D73:$D73),"") | AN73: =IF(AI72<AI73,"ok","not ok") -> ok | AO73: CAN_CFG_ID_VALUE_5_MB
A74: ACN1S25 | B74: 255 | C74: 1 | D74: 32 | E74: 1000 | F74: 0 | G74: R | K74: 0 | L74: 0 | M74: 0 | N74: 1 | O74: 0 | P74: 0 | Q74: 0 | R74: 0 | S74: 0 | T74: 0 | U74: 0 | V74: 0 | W74: 0 | Y74: 29 | Z74: 65535 | AA74: 32768 | AB74: 65535 | AF74: =IF(V74=1,MAX($AF$6:AF73)+1,IF(AF73="#",0,IF(AND(D73=D74,K73=K74,L73=L74,M73=M74,N73=N74,O73=O74,P73=P74,Q73=Q74,R73=R74,S73=S74,T73=T74,U73=U74,V73=V74,W73=W74,HEX2DEC(SUBSTITUTE(AH73,"0x",""))<HEX2DEC(SUBSTITUTE(AH74,"0x",""))),"",MAX($AF$6:AF73)+1))) -> 37 | AG74: =IF(MAX(INDEX($AF:$AF,ROW($AG$6)):INDEX($AF:$AF,ROW(AG74)))+1=AF75,MAX(INDEX($AF:$AF,ROW($AG$6)):INDEX($AF:$AF,ROW(AG74))),"") -> 37 | AH74: =LOWER(IF(C74="1", "0x40000"&B74,"0x00000"&B74)) -> 0x40000255 | AI74: =HEX2DEC(RIGHT(AH74,8)) -> 1073742421 | AJ74: =IF(AF74<>"",AH74,"") -> 0x40000255 | AK74: =IF(AF74<>"",VLOOKUP(AF74,$AG$6:$AH$286,2,TRUE),"") -> 0x40000255 | AL74: =IF($AF74<>"",MIN($D74:$D74),"") -> 32 | AN74: =IF(AI73<AI74,"ok","not ok") -> ok
A75: FCM1S70 | B75: 25A | C75: 1 | D75: 8 | E75: 1000 | F75: 0 | G75: R | K75: 0 | L75: 0 | M75: 0 | N75: 1 | O75: 0 | P75: 0 | Q75: 0 | R75: 0 | S75: 0 | T75: 0 | U75: 0 | V75: 0 | W75: 0 | Y75: 29 | Z75: 65535 | AA75: 32768 | AB75: 65535 | AF75: =IF(V75=1,MAX($AF$6:AF74)+1,IF(AF74="#",0,IF(AND(D74=D75,K74=K75,L74=L75,M74=M75,N74=N75,O74=O75,P74=P75,Q74=Q75,R74=R75,S74=S75,T74=T75,U74=U75,V74=V75,W74=W75,HEX2DEC(SUBSTITUTE(AH74,"0x",""))<HEX2DEC(SUBSTITUTE(AH75,"0x",""))),"",MAX($AF$6:AF74)+1))) -> 38 | AG75: =IF(MAX(INDEX($AF:$AF,ROW($AG$6)):INDEX($AF:$AF,ROW(AG75)))+1=AF76,MAX(INDEX($AF:$AF,ROW($AG$6)):INDEX($AF:$AF,ROW(AG75))),"") -> 38 | AH75: =LOWER(IF(C75="1", "0x40000"&B75,"0x00000"&B75)) -> 0x4000025a | AI75: =HEX2DEC(RIGHT(AH75,8)) -> 1073742426 | AJ75: =IF(AF75<>"",AH75,"") -> 0x4000025a | AK75: =IF(AF75<>"",VLOOKUP(AF75,$AG$6:$AH$286,2,TRUE),"") -> 0x4000025a | AL75: =IF($AF75<>"",MIN($D75:$D75),"") -> 8 | AN75: =IF(AI74<AI75,"ok","not ok") -> ok | AO75: CAN_CFG_ID_VALUE_5_MB
A76: DDM1S20 | B76: 2DA | C76: 1 | D76: 32 | E76: 1000 | F76: 1 | G76: R | K76: 0 | L76: 0 | M76: 0 | N76: 1 | O76: 0 | P76: 0 | Q76: 0 | R76: 0 | S76: 0 | T76: 0 | U76: 0 | V76: 0 | W76: 0 | Y76: 29 | Z76: 65535 | AA76: 32768 | AB76: 65535 | AF76: =IF(V76=1,MAX($AF$6:AF75)+1,IF(AF75="#",0,IF(AND(D75=D76,K75=K76,L75=L76,M75=M76,N75=N76,O75=O76,P75=P76,Q75=Q76,R75=R76,S75=S76,T75=T76,U75=U76,V75=V76,W75=W76,HEX2DEC(SUBSTITUTE(AH75,"0x",""))<HEX2DEC(SUBSTITUTE(AH76,"0x",""))),"",MAX($AF$6:AF75)+1))) -> 39 | AG76: =IF(MAX(INDEX($AF:$AF,ROW($AG$6)):INDEX($AF:$AF,ROW(AG76)))+1=AF77,MAX(INDEX($AF:$AF,ROW($AG$6)):INDEX($AF:$AF,ROW(AG76))),"") -> 39 | AH76: =LOWER(IF(C76="1", "0x40000"&B76,"0x00000"&B76)) -> 0x400002da | AI76: =HEX2DEC(RIGHT(AH76,8)) -> 1073742554 | AJ76: =IF(AF76<>"",AH76,"") -> 0x400002da | AK76: =IF(AF76<>"",VLOOKUP(AF76,$AG$6:$AH$286,2,TRUE),"") -> 0x400002da | AL76: =IF($AF76<>"",MIN($D76:$D76),"") -> 32 | AN76: =IF(AI75<AI76,"ok","not ok") -> ok
A77: ITS1S08 | B77: 27B | C77: 1 | D77: 8 | E77: 1000 | F77: 0 | G77: R | K77: 0 | L77: 0 | M77: 0 | N77: 1 | O77: 0 | P77: 0 | Q77: 0 | R77: 0 | S77: 0 | T77: 0 | U77: 0 | V77: 0 | W77: 0 | Y77: 29 | Z77: 65535 | AA77: 32768 | AB77: 65535 | AF77: =IF(V77=1,MAX($AF$6:AF76)+1,IF(AF76="#",0,IF(AND(D76=D77,K76=K77,L76=L77,M76=M77,N76=N77,O76=O77,P76=P77,Q76=Q77,R76=R77,S76=S77,T76=T77,U76=U77,V76=V77,W76=W77,HEX2DEC(SUBSTITUTE(AH76,"0x",""))<HEX2DEC(SUBSTITUTE(AH77,"0x",""))),"",MAX($AF$6:AF76)+1))) -> 40 | AG77: =IF(MAX(INDEX($AF:$AF,ROW($AG$6)):INDEX($AF:$AF,ROW(AG77)))+1=AF78,MAX(INDEX($AF:$AF,ROW($AG$6)):INDEX($AF:$AF,ROW(AG77))),"") -> 40 | AH77: =LOWER(IF(C77="1", "0x40000"&B77,"0x00000"&B77)) -> 0x4000027b | AI77: =HEX2DEC(RIGHT(AH77,8)) -> 1073742459 | AJ77: =IF(AF77<>"",AH77,"") -> 0x4000027b | AK77: =IF(AF77<>"",VLOOKUP(AF77,$AG$6:$AH$286,2,TRUE),"") -> 0x4000027b | AL77: =IF($AF77<>"",MIN($D77:$D77),"") -> 8 | AN77: =IF(AI76<AI77,"ok","not ok") -> not ok | AO77: CAN_CFG_ID_VALUE_5_MB
A78: DDM1SFH | B78: 282 | C78: 1 | D78: 32 | E78: 1000 | F78: 0 | G78: R | K78: 0 | L78: 0 | M78: 0 | N78: 1 | O78: 0 | P78: 0 | Q78: 0 | R78: 0 | S78: 0 | T78: 0 | U78: 0 | V78: 0 | W78: 0 | Y78: 29 | Z78: 65535 | AA78: 32768 | AB78: 65535 | AF78: =IF(V78=1,MAX($AF$6:AF77)+1,IF(AF77="#",0,IF(AND(D77=D78,K77=K78,L77=L78,M77=M78,N77=N78,O77=O78,P77=P78,Q77=Q78,R77=R78,S77=S78,T77=T78,U77=U78,V77=V78,W77=W78,HEX2DEC(SUBSTITUTE(AH77,"0x",""))<HEX2DEC(SUBSTITUTE(AH78,"0x",""))),"",MAX($AF$6:AF77)+1))) -> 41 | AG78: =IF(MAX(INDEX($AF:$AF,ROW($AG$6)):INDEX($AF:$AF,ROW(AG78)))+1=AF79,MAX(INDEX($AF:$AF,ROW($AG$6)):INDEX($AF:$AF,ROW(AG78))),"") -> 41 | AH78: =LOWER(IF(C78="1", "0x40000"&B78,"0x00000"&B78)) -> 0x40000282 | AI78: =HEX2DEC(RIGHT(AH78,8)) -> 1073742466 | AJ78: =IF(AF78<>"",AH78,"") -> 0x40000282 | AK78: =IF(AF78<>"",VLOOKUP(AF78,$AG$6:$AH$286,2,TRUE),"") -> 0x40000282 | AL78: =IF($AF78<>"",MIN($D78:$D78),"") -> 32 | AN78: =IF(AI77<AI78,"ok","not ok") -> ok | AO78: CAN_CFG_ID_VALUE_5_MB
A79: ACN1S05 | B79: 382 | C79: 1 | D79: 8 | E79: 5000 | F79: 0 | G79: R | K79: 0 | L79: 0 | M79: 0 | N79: 1 | O79: 0 | P79: 0 | Q79: 0 | R79: 0 | S79: 0 | T79: 0 | U79: 0 | V79: 0 | W79: 0 | Y79: 29 | Z79: 65535 | AA79: 32768 | AB79: 65535 | AF79: =IF(V79=1,MAX($AF$6:AF78)+1,IF(AF78="#",0,IF(AND(D78=D79,K78=K79,L78=L79,M78=M79,N78=N79,O78=O79,P78=P79,Q78=Q79,R78=R79,S78=S79,T78=T79,U78=U79,V78=V79,W78=W79,HEX2DEC(SUBSTITUTE(AH78,"0x",""))<HEX2DEC(SUBSTITUTE(AH79,"0x",""))),"",MAX($AF$6:AF78)+1))) -> 42 | AG79: =IF(MAX(INDEX($AF:$AF,ROW($AG$6)):INDEX($AF:$AF,ROW(AG79)))+1=AF80,MAX(INDEX($AF:$AF,ROW($AG$6)):INDEX($AF:$AF,ROW(AG79))),"") -> 42 | AH79: =LOWER(IF(C79="1", "0x40000"&B79,"0x00000"&B79)) -> 0x40000382 | AI79: =HEX2DEC(RIGHT(AH79,8)) -> 1073742722 | AJ79: =IF(AF79<>"",AH79,"") -> 0x40000382 | AK79: =IF(AF79<>"",VLOOKUP(AF79,$AG$6:$AH$286,2,TRUE),"") -> 0x40000382 | AL79: =IF($AF79<>"",MIN($D79:$D79),"") -> 8 | AN79: =IF(AI78<AI79,"ok","not ok") -> ok
A80: DS11S27 | B80: 285 | C80: 1 | D80: 8 | E80: 1000 | F80: 0 | G80: R | K80: 0 | L80: 0 | M80: 0 | N80: 1 | O80: 0 | P80: 0 | Q80: 0 | R80: 0 | S80: 0 | T80: 0 | U80: 0 | V80: 0 | W80: 0 | Y80: 29 | Z80: 65535 | AA80: 32768 | AB80: 65535 | AF80: =IF(V80=1,MAX($AF$6:AF79)+1,IF(AF79="#",0,IF(AND(D79=D80,K79=K80,L79=L80,M79=M80,N79=N80,O79=O80,P79=P80,Q79=Q80,R79=R80,S79=S80,T79=T80,U79=U80,V79=V80,W79=W80,HEX2DEC(SUBSTITUTE(AH79,"0x",""))<HEX2DEC(SUBSTITUTE(AH80,"0x",""))),"",MAX($AF$6:AF79)+1))) -> 43 | AG80: =IF(MAX(INDEX($AF:$AF,ROW($AG$6)):INDEX($AF:$AF,ROW(AG80)))+1=AF81,MAX(INDEX($AF:$AF,ROW($AG$6)):INDEX($AF:$AF,ROW(AG80))),"") -> 43 | AH80: =LOWER(IF(C80="1", "0x40000"&B80,"0x00000"&B80)) -> 0x40000285 | AI80: =HEX2DEC(RIGHT(AH80,8)) -> 1073742469 | AJ80: =IF(AF80<>"",AH80,"") -> 0x40000285 | AK80: =IF(AF80<>"",VLOOKUP(AF80,$AG$6:$AH$286,2,TRUE),"") -> 0x40000285 | AL80: =IF($AF80<>"",MIN($D80:$D80),"") -> 8 | AN80: =IF(AI79<AI80,"ok","not ok") -> not ok | AO80: CAN_CFG_ID_VALUE_5_MB
A81: PLG1G15 | B81: 295 | C81: 1 | D81: 32 | E81: 1000 | F81: 0 | G81: R | K81: 0 | L81: 0 | M81: 0 | N81: 1 | O81: 0 | P81: 0 | Q81: 0 | R81: 0 | S81: 0 | T81: 0 | U81: 0 | V81: 0 | W81: 0 | Y81: 29 | Z81: 65535 | AA81: 32768 | AB81: 65535 | AF81: =IF(V81=1,MAX($AF$6:AF80)+1,IF(AF80="#",0,IF(AND(D80=D81,K80=K81,L80=L81,M80=M81,N80=N81,O80=O81,P80=P81,Q80=Q81,R80=R81,S80=S81,T80=T81,U80=U81,V80=V81,W80=W81,HEX2DEC(SUBSTITUTE(AH80,"0x",""))<HEX2DEC(SUBSTITUTE(AH81,"0x",""))),"",MAX($AF$6:AF80)+1))) -> 44 | AG81: =IF(MAX(INDEX($AF:$AF,ROW($AG$6)):INDEX($AF:$AF,ROW(AG81)))+1=AF82,MAX(INDEX($AF:$AF,ROW($AG$6)):INDEX($AF:$AF,ROW(AG81))),"") -> 44 | AH81: =LOWER(IF(C81="1", "0x40000"&B81,"0x00000"&B81)) -> 0x40000295 | AI81: =HEX2DEC(RIGHT(AH81,8)) -> 1073742485 | AJ81: =IF(AF81<>"",AH81,"") -> 0x40000295 | AK81: =IF(AF81<>"",VLOOKUP(AF81,$AG$6:$AH$286,2,TRUE),"") -> 0x40000295 | AL81: =IF($AF81<>"",MIN($D81:$D81),"") -> 32 | AN81: =IF(AI80<AI81,"ok","not ok") -> ok | AO81: CAN_CFG_ID_VALUE_5_MB
A82: BDC1SC2 | B82: 395 | C82: 1 | D82: 64 | E82: 1000 | F82: 1 | G82: R | K82: 0 | L82: 0 | M82: 0 | N82: 0 | O82: 0 | P82: 0 | Q82: 0 | R82: 0 | S82: 0 | T82: 0 | U82: 0 | V82: 1 | W82: 0 | Y82: 1 | Z82: =VLOOKUP(A82,SecOC_Cfg.h!$C$33:$D$61,2,FALSE) -> 2 | AA82: 65535 | AB82: 65535 | AF82: =IF(V82=1,MAX($AF$6:AF81)+1,IF(AF81="#",0,IF(AND(D81=D82,K81=K82,L81=L82,M81=M82,N81=N82,O81=O82,P81=P82,Q81=Q82,R81=R82,S81=S82,T81=T82,U81=U82,V81=V82,W81=W82,HEX2DEC(SUBSTITUTE(AH81,"0x",""))<HEX2DEC(SUBSTITUTE(AH82,"0x",""))),"",MAX($AF$6:AF81)+1))) -> 45 | AG82: =IF(MAX(INDEX($AF:$AF,ROW($AG$6)):INDEX($AF:$AF,ROW(AG82)))+1=AF83,MAX(INDEX($AF:$AF,ROW($AG$6)):INDEX($AF:$AF,ROW(AG82))),"") -> 45 | AH82: =LOWER(IF(C82="1", "0x40000"&B82,"0x00000"&B82)) -> 0x40000395 | AI82: =HEX2DEC(RIGHT(AH82,8)) -> 1073742741 | AJ82: =IF(AF82<>"",AH82,"") -> 0x40000395 | AK82: =IF(AF82<>"",VLOOKUP(AF82,$AG$6:$AH$286,2,TRUE),"") -> 0x40000395 | AL82: =IF($AF82<>"",MIN($D82:$D82),"") -> 64 | AN82: =IF(AI81<AI82,"ok","not ok") -> ok
A83: PLG1G16 | B83: 296 | C83: 1 | D83: 32 | E83: 1000 | F83: 0 | G83: R | K83: 0 | L83: 0 | M83: 0 | N83: 1 | O83: 0 | P83: 0 | Q83: 0 | R83: 0 | S83: 0 | T83: 0 | U83: 0 | V83: 0 | W83: 0 | Y83: 29 | Z83: 65535 | AA83: 32768 | AB83: 65535 | AF83: =IF(V83=1,MAX($AF$6:AF82)+1,IF(AF82="#",0,IF(AND(D82=D83,K82=K83,L82=L83,M82=M83,N82=N83,O82=O83,P82=P83,Q82=Q83,R82=R83,S82=S83,T82=T83,U82=U83,V82=V83,W82=W83,HEX2DEC(SUBSTITUTE(AH82,"0x",""))<HEX2DEC(SUBSTITUTE(AH83,"0x",""))),"",MAX($AF$6:AF82)+1))) -> 46 | AG83: =IF(MAX(INDEX($AF:$AF,ROW($AG$6)):INDEX($AF:$AF,ROW(AG83)))+1=AF84,MAX(INDEX($AF:$AF,ROW($AG$6)):INDEX($AF:$AF,ROW(AG83))),"") | AH83: =LOWER(IF(C83="1", "0x40000"&B83,"0x00000"&B83)) -> 0x40000296 | AI83: =HEX2DEC(RIGHT(AH83,8)) -> 1073742486 | AJ83: =IF(AF83<>"",AH83,"") -> 0x40000296 | AK83: =IF(AF83<>"",VLOOKUP(AF83,$AG$6:$AH$286,2,TRUE),"") -> 0x400002a6 | AL83: =IF($AF83<>"",MIN($D83:$D83),"") -> 32 | AN83: =IF(AI82<AI83,"ok","not ok") -> not ok | AO83: CAN_CFG_ID_VALUE_5_MB
A84: PLG1S20 | B84: 2A6 | C84: 1 | D84: 32 | E84: 1000 | F84: 0 | G84: R | K84: 0 | L84: 0 | M84: 0 | N84: 1 | O84: 0 | P84: 0 | Q84: 0 | R84: 0 | S84: 0 | T84: 0 | U84: 0 | V84: 0 | W84: 0 | Y84: 29 | Z84: 65535 | AA84: 32768 | AB84: 65535 | AF84: =IF(V84=1,MAX($AF$6:AF83)+1,IF(AF83="#",0,IF(AND(D83=D84,K83=K84,L83=L84,M83=M84,N83=N84,O83=O84,P83=P84,Q83=Q84,R83=R84,S83=S84,T83=T84,U83=U84,V83=V84,W83=W84,HEX2DEC(SUBSTITUTE(AH83,"0x",""))<HEX2DEC(SUBSTITUTE(AH84,"0x",""))),"",MAX($AF$6:AF83)+1))) | AG84: =IF(MAX(INDEX($AF:$AF,ROW($AG$6)):INDEX($AF:$AF,ROW(AG84)))+1=AF85,MAX(INDEX($AF:$AF,ROW($AG$6)):INDEX($AF:$AF,ROW(AG84))),"") -> 46 | AH84: =LOWER(IF(C84="1", "0x40000"&B84,"0x00000"&B84)) -> 0x400002a6 | AI84: =HEX2DEC(RIGHT(AH84,8)) -> 1073742502 | AJ84: =IF(AF84<>"",AH84,"") | AK84: =IF(AF84<>"",VLOOKUP(AF84,$AG$6:$AH$286,2,TRUE),"") | AL84: =IF($AF84<>"",MIN($D84:$D84),"") | AN84: =IF(AI83<AI84,"ok","not ok") -> ok | AO84: CAN_CFG_ID_VALUE_5_MB
A85: BSR1S03 | B85: 2AF | C85: 1 | D85: 8 | E85: 1000 | F85: 0 | G85: R | K85: 0 | L85: 0 | M85: 0 | N85: 1 | O85: 0 | P85: 0 | Q85: 0 | R85: 0 | S85: 0 | T85: 0 | U85: 0 | V85: 0 | W85: 0 | Y85: 29 | Z85: 65535 | AA85: 32768 | AB85: 65535 | AF85: =IF(V85=1,MAX($AF$6:AF84)+1,IF(AF84="#",0,IF(AND(D84=D85,K84=K85,L84=L85,M84=M85,N84=N85,O84=O85,P84=P85,Q84=Q85,R84=R85,S84=S85,T84=T85,U84=U85,V84=V85,W84=W85,HEX2DEC(SUBSTITUTE(AH84,"0x",""))<HEX2DEC(SUBSTITUTE(AH85,"0x",""))),"",MAX($AF$6:AF84)+1))) -> 47 | AG85: =IF(MAX(INDEX($AF:$AF,ROW($AG$6)):INDEX($AF:$AF,ROW(AG85)))+1=AF86,MAX(INDEX($AF:$AF,ROW($AG$6)):INDEX($AF:$AF,ROW(AG85))),"") | AH85: =LOWER(IF(C85="1", "0x40000"&B85,"0x00000"&B85)) -> 0x400002af | AI85: =HEX2DEC(RIGHT(AH85,8)) -> 1073742511 | AJ85: =IF(AF85<>"",AH85,"") -> 0x400002af | AK85: =IF(AF85<>"",VLOOKUP(AF85,$AG$6:$AH$286,2,TRUE),"") -> 0x400002f3 | AL85: =IF($AF85<>"",MIN($D85:$D85),"") -> 8 | AN85: =IF(AI84<AI85,"ok","not ok") -> ok | AO85: CAN_CFG_ID_VALUE_5_MB
A86: BDC1SH8 | B86: 2B3 | C86: 1 | D86: 8 | E86: 1000 | F86: 0 | G86: R | K86: 0 | L86: 0 | M86: 0 | N86: 1 | O86: 0 | P86: 0 | Q86: 0 | R86: 0 | S86: 0 | T86: 0 | U86: 0 | V86: 0 | W86: 0 | Y86: 29 | Z86: 65535 | AA86: 32768 | AB86: 65535 | AF86: =IF(V86=1,MAX($AF$6:AF85)+1,IF(AF85="#",0,IF(AND(D85=D86,K85=K86,L85=L86,M85=M86,N85=N86,O85=O86,P85=P86,Q85=Q86,R85=R86,S85=S86,T85=T86,U85=U86,V85=V86,W85=W86,HEX2DEC(SUBSTITUTE(AH85,"0x",""))<HEX2DEC(SUBSTITUTE(AH86,"0x",""))),"",MAX($AF$6:AF85)+1))) | AG86: =IF(MAX(INDEX($AF:$AF,ROW($AG$6)):INDEX($AF:$AF,ROW(AG86)))+1=AF87,MAX(INDEX($AF:$AF,ROW($AG$6)):INDEX($AF:$AF,ROW(AG86))),"") | AH86: =LOWER(IF(C86="1", "0x40000"&B86,"0x00000"&B86)) -> 0x400002b3 | AI86: =HEX2DEC(RIGHT(AH86,8)) -> 1073742515 | AJ86: =IF(AF86<>"",AH86,"") | AK86: =IF(AF86<>"",VLOOKUP(AF86,$AG$6:$AH$286,2,TRUE),"") | AL86: =IF($AF86<>"",MIN($D86:$D86),"") | AN86: =IF(AI85<AI86,"ok","not ok") -> ok | AO86: CAN_CFG_ID_VALUE_5_MB
A87: CMB1S04 | B87: 2F3 | C87: 1 | D87: 8 | E87: 1000 | F87: 0 | G87: R | K87: 0 | L87: 0 | M87: 0 | N87: 1 | O87: 0 | P87: 0 | Q87: 0 | R87: 0 | S87: 0 | T87: 0 | U87: 0 | V87: 0 | W87: 0 | Y87: 29 | Z87: 65535 | AA87: 32768 | AB87: 65535 | AF87: =IF(V87=1,MAX($AF$6:AF86)+1,IF(AF86="#",0,IF(AND(D86=D87,K86=K87,L86=L87,M86=M87,N86=N87,O86=O87,P86=P87,Q86=Q87,R86=R87,S86=S87,T86=T87,U86=U87,V86=V87,W86=W87,HEX2DEC(SUBSTITUTE(AH86,"0x",""))<HEX2DEC(SUBSTITUTE(AH87,"0x",""))),"",MAX($AF$6:AF86)+1))) | AG87: =IF(MAX(INDEX($AF:$AF,ROW($AG$6)):INDEX($AF:$AF,ROW(AG87)))+1=AF88,MAX(INDEX($AF:$AF,ROW($AG$6)):INDEX($AF:$AF,ROW(AG87))),"") -> 47 | AH87: =LOWER(IF(C87="1", "0x40000"&B87,"0x00000"&B87)) -> 0x400002f3 | AI87: =HEX2DEC(RIGHT(AH87,8)) -> 1073742579 | AJ87: =IF(AF87<>"",AH87,"") | AK87: =IF(AF87<>"",VLOOKUP(AF87,$AG$6:$AH$286,2,TRUE),"") | AL87: =IF($AF87<>"",MIN($D87:$D87),"") | AN87: =IF(AI86<AI87,"ok","not ok") -> ok
A88: DDM1S35 | B88: 2E5 | C88: 1 | D88: 32 | E88: 1000 | F88: 0 | G88: R | K88: 0 | L88: 0 | M88: 0 | N88: 1 | O88: 0 | P88: 0 | Q88: 0 | R88: 0 | S88: 0 | T88: 0 | U88: 0 | V88: 0 | W88: 0 | Y88: 29 | Z88: 65535 | AA88: 32768 | AB88: 65535 | AF88: =IF(V88=1,MAX($AF$6:AF87)+1,IF(AF87="#",0,IF(AND(D87=D88,K87=K88,L87=L88,M87=M88,N87=N88,O87=O88,P87=P88,Q87=Q88,R87=R88,S87=S88,T87=T88,U87=U88,V87=V88,W87=W88,HEX2DEC(SUBSTITUTE(AH87,"0x",""))<HEX2DEC(SUBSTITUTE(AH88,"0x",""))),"",MAX($AF$6:AF87)+1))) -> 48 | AG88: =IF(MAX(INDEX($AF:$AF,ROW($AG$6)):INDEX($AF:$AF,ROW(AG88)))+1=AF89,MAX(INDEX($AF:$AF,ROW($AG$6)):INDEX($AF:$AF,ROW(AG88))),"") -> 48 | AH88: =LOWER(IF(C88="1", "0x40000"&B88,"0x00000"&B88)) -> 0x400002e5 | AI88: =HEX2DEC(RIGHT(AH88,8)) -> 1073742565 | AJ88: =IF(AF88<>"",AH88,"") -> 0x400002e5 | AK88: =IF(AF88<>"",VLOOKUP(AF88,$AG$6:$AH$286,2,TRUE),"") -> 0x400002e5 | AL88: =IF($AF88<>"",MIN($D88:$D88),"") -> 32 | AN88: =IF(AI87<AI88,"ok","not ok") -> not ok | AO88: CAN_CFG_ID_VALUE_5_MB
A89: EHV1SL2 | B89: 2EB | C89: 1 | D89: 8 | E89: 1000 | F89: 0 | G89: R | K89: 0 | L89: 0 | M89: 0 | N89: 1 | O89: 0 | P89: 0 | Q89: 0 | R89: 0 | S89: 0 | T89: 0 | U89: 0 | V89: 0 | W89: 0 | Y89: 29 | Z89: 65535 | AA89: 32768 | AB89: 65535 | AF89: =IF(V89=1,MAX($AF$6:AF88)+1,IF(AF88="#",0,IF(AND(D88=D89,K88=K89,L88=L89,M88=M89,N88=N89,O88=O89,P88=P89,Q88=Q89,R88=R89,S88=S89,T88=T89,U88=U89,V88=V89,W88=W89,HEX2DEC(SUBSTITUTE(AH88,"0x",""))<HEX2DEC(SUBSTITUTE(AH89,"0x",""))),"",MAX($AF$6:AF88)+1))) -> 49 | AG89: =IF(MAX(INDEX($AF:$AF,ROW($AG$6)):INDEX($AF:$AF,ROW(AG89)))+1=AF90,MAX(INDEX($AF:$AF,ROW($AG$6)):INDEX($AF:$AF,ROW(AG89))),"") -> 49 | AH89: =LOWER(IF(C89="1", "0x40000"&B89,"0x00000"&B89)) -> 0x400002eb | AI89: =HEX2DEC(RIGHT(AH89,8)) -> 1073742571 | AJ89: =IF(AF89<>"",AH89,"") -> 0x400002eb | AK89: =IF(AF89<>"",VLOOKUP(AF89,$AG$6:$AH$286,2,TRUE),"") -> 0x400002eb | AL89: =IF($AF89<>"",MIN($D89:$D89),"") -> 8 | AN89: =IF(AI88<AI89,"ok","not ok") -> ok | AO89: CAN_CFG_ID_VALUE_5_MB
A90: DDM1S16 | B90: 2EE | C90: 1 | D90: 32 | E90: 1000 | F90: 0 | G90: R | K90: 0 | L90: 0 | M90: 0 | N90: 1 | O90: 0 | P90: 0 | Q90: 0 | R90: 0 | S90: 0 | T90: 0 | U90: 0 | V90: 0 | W90: 0 | Y90: 29 | Z90: 65535 | AA90: 32768 | AB90: 65535 | AF90: =IF(V90=1,MAX($AF$6:AF89)+1,IF(AF89="#",0,IF(AND(D89=D90,K89=K90,L89=L90,M89=M90,N89=N90,O89=O90,P89=P90,Q89=Q90,R89=R90,S89=S90,T89=T90,U89=U90,V89=V90,W89=W90,HEX2DEC(SUBSTITUTE(AH89,"0x",""))<HEX2DEC(SUBSTITUTE(AH90,"0x",""))),"",MAX($AF$6:AF89)+1))) -> 50 | AG90: =IF(MAX(INDEX($AF:$AF,ROW($AG$6)):INDEX($AF:$AF,ROW(AG90)))+1=AF91,MAX(INDEX($AF:$AF,ROW($AG$6)):INDEX($AF:$AF,ROW(AG90))),"") -> 50 | AH90: =LOWER(IF(C90="1", "0x40000"&B90,"0x00000"&B90)) -> 0x400002ee | AI90: =HEX2DEC(RIGHT(AH90,8)) -> 1073742574 | AJ90: =IF(AF90<>"",AH90,"") -> 0x400002ee | AK90: =IF(AF90<>"",VLOOKUP(AF90,$AG$6:$AH$286,2,TRUE),"") -> 0x400002ee | AL90: =IF($AF90<>"",MIN($D90:$D90),"") -> 32 | AN90: =IF(AI89<AI90,"ok","not ok") -> ok | AO90: CAN_CFG_ID_VALUE_5_MB
A91: WIP1S01 | B91: 2F9 | C91: 1 | D91: 8 | E91: 1000 | F91: 0 | G91: R | K91: 0 | L91: 0 | M91: 0 | N91: 1 | O91: 0 | P91: 0 | Q91: 0 | R91: 0 | S91: 0 | T91: 0 | U91: 0 | V91: 0 | W91: 0 | Y91: 29 | Z91: 65535 | AA91: 32768 | AB91: 65535 | AF91: =IF(V91=1,MAX($AF$6:AF90)+1,IF(AF90="#",0,IF(AND(D90=D91,K90=K91,L90=L91,M90=M91,N90=N91,O90=O91,P90=P91,Q90=Q91,R90=R91,S90=S91,T90=T91,U90=U91,V90=V91,W90=W91,HEX2DEC(SUBSTITUTE(AH90,"0x",""))<HEX2DEC(SUBSTITUTE(AH91,"0x",""))),"",MAX($AF$6:AF90)+1))) -> 51 | AG91: =IF(MAX(INDEX($AF:$AF,ROW($AG$6)):INDEX($AF:$AF,ROW(AG91)))+1=AF92,MAX(INDEX($AF:$AF,ROW($AG$6)):INDEX($AF:$AF,ROW(AG91))),"") -> 51 | AH91: =LOWER(IF(C91="1", "0x40000"&B91,"0x00000"&B91)) -> 0x400002f9 | AI91: =HEX2DEC(RIGHT(AH91,8)) -> 1073742585 | AJ91: =IF(AF91<>"",AH91,"") -> 0x400002f9 | AK91: =IF(AF91<>"",VLOOKUP(AF91,$AG$6:$AH$286,2,TRUE),"") -> 0x400002f9 | AL91: =IF($AF91<>"",MIN($D91:$D91),"") -> 8 | AN91: =IF(AI90<AI91,"ok","not ok") -> ok | AO91: CAN_CFG_ID_VALUE_5_MB
A92: SCS1S11 | B92: 2FD | C92: 1 | D92: 32 | E92: 2000 | F92: 0 | G92: R | K92: 0 | L92: 0 | M92: 0 | N92: 1 | O92: 0 | P92: 0 | Q92: 0 | R92: 0 | S92: 0 | T92: 0 | U92: 0 | V92: 0 | W92: 0 | Y92: 29 | Z92: 65535 | AA92: 32768 | AB92: 65535 | AF92: =IF(V92=1,MAX($AF$6:AF91)+1,IF(AF91="#",0,IF(AND(D91=D92,K91=K92,L91=L92,M91=M92,N91=N92,O91=O92,P91=P92,Q91=Q92,R91=R92,S91=S92,T91=T92,U91=U92,V91=V92,W91=W92,HEX2DEC(SUBSTITUTE(AH91,"0x",""))<HEX2DEC(SUBSTITUTE(AH92,"0x",""))),"",MAX($AF$6:AF91)+1))) -> 52 | AG92: =IF(MAX(INDEX($AF:$AF,ROW($AG$6)):INDEX($AF:$AF,ROW(AG92)))+1=AF93,MAX(INDEX($AF:$AF,ROW($AG$6)):INDEX($AF:$AF,ROW(AG92))),"") -> 52 | AH92: =LOWER(IF(C92="1", "0x40000"&B92,"0x00000"&B92)) -> 0x400002fd | AI92: =HEX2DEC(RIGHT(AH92,8)) -> 1073742589 | AJ92: =IF(AF92<>"",AH92,"") -> 0x400002fd | AK92: =IF(AF92<>"",VLOOKUP(AF92,$AG$6:$AH$286,2,TRUE),"") -> 0x400002fd | AL92: =IF($AF92<>"",MIN($D92:$D92),"") -> 32 | AN92: =IF(AI91<AI92,"ok","not ok") -> ok
A93: BDB1S26 | B93: 305 | C93: 1 | D93: 8 | E93: 1000 | F93: 0 | G93: R | K93: 0 | L93: 0 | M93: 0 | N93: 1 | O93: 0 | P93: 0 | Q93: 0 | R93: 0 | S93: 0 | T93: 0 | U93: 0 | V93: 0 | W93: 0 | Y93: 29 | Z93: 65535 | AA93: 32768 | AB93: 65535 | AF93: =IF(V93=1,MAX($AF$6:AF92)+1,IF(AF92="#",0,IF(AND(D92=D93,K92=K93,L92=L93,M92=M93,N92=N93,O92=O93,P92=P93,Q92=Q93,R92=R93,S92=S93,T92=T93,U92=U93,V92=V93,W92=W93,HEX2DEC(SUBSTITUTE(AH92,"0x",""))<HEX2DEC(SUBSTITUTE(AH93,"0x",""))),"",MAX($AF$6:AF92)+1))) -> 53 | AG93: =IF(MAX(INDEX($AF:$AF,ROW($AG$6)):INDEX($AF:$AF,ROW(AG93)))+1=AF94,MAX(INDEX($AF:$AF,ROW($AG$6)):INDEX($AF:$AF,ROW(AG93))),"") | AH93: =LOWER(IF(C93="1", "0x40000"&B93,"0x00000"&B93)) -> 0x40000305 | AI93: =HEX2DEC(RIGHT(AH93,8)) -> 1073742597 | AJ93: =IF(AF93<>"",AH93,"") -> 0x40000305 | AK93: =IF(AF93<>"",VLOOKUP(AF93,$AG$6:$AH$286,2,TRUE),"") -> 0x40000325 | AL93: =IF($AF93<>"",MIN($D93:$D93),"") -> 8 | AN93: =IF(AI92<AI93,"ok","not ok") -> ok | AO93: CAN_CFG_ID_VALUE_5_MB
A94: EHV1S31 | B94: 325 | C94: 1 | D94: 8 | E94: 1000 | F94: 0 | G94: R | K94: 0 | L94: 0 | M94: 0 | N94: 1 | O94: 0 | P94: 0 | Q94: 0 | R94: 0 | S94: 0 | T94: 0 | U94: 0 | V94: 0 | W94: 0 | Y94: 29 | Z94: 65535 | AA94: 32768 | AB94: 65535 | AF94: =IF(V94=1,MAX($AF$6:AF93)+1,IF(AF93="#",0,IF(AND(D93=D94,K93=K94,L93=L94,M93=M94,N93=N94,O93=O94,P93=P94,Q93=Q94,R93=R94,S93=S94,T93=T94,U93=U94,V93=V94,W93=W94,HEX2DEC(SUBSTITUTE(AH93,"0x",""))<HEX2DEC(SUBSTITUTE(AH94,"0x",""))),"",MAX($AF$6:AF93)+1))) | AG94: =IF(MAX(INDEX($AF:$AF,ROW($AG$6)):INDEX($AF:$AF,ROW(AG94)))+1=AF95,MAX(INDEX($AF:$AF,ROW($AG$6)):INDEX($AF:$AF,ROW(AG94))),"") -> 53 | AH94: =LOWER(IF(C94="1", "0x40000"&B94,"0x00000"&B94)) -> 0x40000325 | AI94: =HEX2DEC(RIGHT(AH94,8)) -> 1073742629 | AJ94: =IF(AF94<>"",AH94,"") | AK94: =IF(AF94<>"",VLOOKUP(AF94,$AG$6:$AH$286,2,TRUE),"") | AL94: =IF($AF94<>"",MIN($D94:$D94),"") | AN94: =IF(AI93<AI94,"ok","not ok") -> ok
A95: BDB1S25 | B95: 306 | C95: 1 | D95: 8 | E95: 1000 | F95: 0 | G95: R | K95: 0 | L95: 0 | M95: 0 | N95: 1 | O95: 0 | P95: 0 | Q95: 0 | R95: 0 | S95: 0 | T95: 0 | U95: 0 | V95: 0 | W95: 0 | Y95: 29 | Z95: 65535 | AA95: 32768 | AB95: 65535 | AF95: =IF(V95=1,MAX($AF$6:AF94)+1,IF(AF94="#",0,IF(AND(D94=D95,K94=K95,L94=L95,M94=M95,N94=N95,O94=O95,P94=P95,Q94=Q95,R94=R95,S94=S95,T94=T95,U94=U95,V94=V95,W94=W95,HEX2DEC(SUBSTITUTE(AH94,"0x",""))<HEX2DEC(SUBSTITUTE(AH95,"0x",""))),"",MAX($AF$6:AF94)+1))) -> 54 | AG95: =IF(MAX(INDEX($AF:$AF,ROW($AG$6)):INDEX($AF:$AF,ROW(AG95)))+1=AF96,MAX(INDEX($AF:$AF,ROW($AG$6)):INDEX($AF:$AF,ROW(AG95))),"") -> 54 | AH95: =LOWER(IF(C95="1", "0x40000"&B95,"0x00000"&B95)) -> 0x40000306 | AI95: =HEX2DEC(RIGHT(AH95,8)) -> 1073742598 | AJ95: =IF(AF95<>"",AH95,"") -> 0x40000306 | AK95: =IF(AF95<>"",VLOOKUP(AF95,$AG$6:$AH$286,2,TRUE),"") -> 0x40000306 | AL95: =IF($AF95<>"",MIN($D95:$D95),"") -> 8 | AN95: =IF(AI94<AI95,"ok","not ok") -> not ok | AO95: CAN_CFG_ID_VALUE_5_MB
A96: BDC1S13 | B96: 312 | C96: 1 | D96: 32 | E96: 1000 | F96: 1 | G96: R | K96: 0 | L96: 0 | M96: 0 | N96: 0 | O96: 0 | P96: 0 | Q96: 0 | R96: 0 | S96: 0 | T96: 0 | U96: 0 | V96: 1 | W96: 0 | Y96: 2 | Z96: =VLOOKUP(A96,SecOC_Cfg.h!$C$33:$D$61,2,FALSE) -> 0 | AA96: 65535 | AB96: 65535 | AF96: =IF(V96=1,MAX($AF$6:AF95)+1,IF(AF95="#",0,IF(AND(D95=D96,K95=K96,L95=L96,M95=M96,N95=N96,O95=O96,P95=P96,Q95=Q96,R95=R96,S95=S96,T95=T96,U95=U96,V95=V96,W95=W96,HEX2DEC(SUBSTITUTE(AH95,"0x",""))<HEX2DEC(SUBSTITUTE(AH96,"0x",""))),"",MAX($AF$6:AF95)+1))) -> 55 | AG96: =IF(MAX(INDEX($AF:$AF,ROW($AG$6)):INDEX($AF:$AF,ROW(AG96)))+1=AF97,MAX(INDEX($AF:$AF,ROW($AG$6)):INDEX($AF:$AF,ROW(AG96))),"") -> 55 | AH96: =LOWER(IF(C96="1", "0x40000"&B96,"0x00000"&B96)) -> 0x40000312 | AI96: =HEX2DEC(RIGHT(AH96,8)) -> 1073742610 | AJ96: =IF(AF96<>"",AH96,"") -> 0x40000312 | AK96: =IF(AF96<>"",VLOOKUP(AF96,$AG$6:$AH$286,2,TRUE),"") -> 0x40000312 | AL96: =IF($AF96<>"",MIN($D96:$D96),"") -> 32 | AN96: =IF(AI95<AI96,"ok","not ok") -> ok | AO96: CAN_CFG_ID_VALUE_5_MB
A97: ITS1S05 | B97: 314 | C97: 1 | D97: 8 | E97: 1000 | F97: 0 | G97: R | K97: 0 | L97: 0 | M97: 0 | N97: 1 | O97: 0 | P97: 0 | Q97: 0 | R97: 0 | S97: 0 | T97: 0 | U97: 0 | V97: 0 | W97: 0 | Y97: 29 | Z97: 65535 | AA97: 32768 | AB97: 65535 | AF97: =IF(V97=1,MAX($AF$6:AF96)+1,IF(AF96="#",0,IF(AND(D96=D97,K96=K97,L96=L97,M96=M97,N96=N97,O96=O97,P96=P97,Q96=Q97,R96=R97,S96=S97,T96=T97,U96=U97,V96=V97,W96=W97,HEX2DEC(SUBSTITUTE(AH96,"0x",""))<HEX2DEC(SUBSTITUTE(AH97,"0x",""))),"",MAX($AF$6:AF96)+1))) -> 56 | AG97: =IF(MAX(INDEX($AF:$AF,ROW($AG$6)):INDEX($AF:$AF,ROW(AG97)))+1=AF98,MAX(INDEX($AF:$AF,ROW($AG$6)):INDEX($AF:$AF,ROW(AG97))),"") | AH97: =LOWER(IF(C97="1", "0x40000"&B97,"0x00000"&B97)) -> 0x40000314 | AI97: =HEX2DEC(RIGHT(AH97,8)) -> 1073742612 | AJ97: =IF(AF97<>"",AH97,"") -> 0x40000314 | AK97: =IF(AF97<>"",VLOOKUP(AF97,$AG$6:$AH$286,2,TRUE),"") -> 0x40000317 | AL97: =IF($AF97<>"",MIN($D97:$D97),"") -> 8 | AN97: =IF(AI96<AI97,"ok","not ok") -> ok
A98: DS11S37 | B98: 317 | C98: 1 | D98: 8 | E98: 1000 | F98: 0 | G98: R | K98: 0 | L98: 0 | M98: 0 | N98: 1 | O98: 0 | P98: 0 | Q98: 0 | R98: 0 | S98: 0 | T98: 0 | U98: 0 | V98: 0 | W98: 0 | Y98: 29 | Z98: 65535 | AA98: 32768 | AB98: 65535 | AF98: =IF(V98=1,MAX($AF$6:AF97)+1,IF(AF97="#",0,IF(AND(D97=D98,K97=K98,L97=L98,M97=M98,N97=N98,O97=O98,P97=P98,Q97=Q98,R97=R98,S97=S98,T97=T98,U97=U98,V97=V98,W97=W98,HEX2DEC(SUBSTITUTE(AH97,"0x",""))<HEX2DEC(SUBSTITUTE(AH98,"0x",""))),"",MAX($AF$6:AF97)+1))) | AG98: =IF(MAX(INDEX($AF:$AF,ROW($AG$6)):INDEX($AF:$AF,ROW(AG98)))+1=AF99,MAX(INDEX($AF:$AF,ROW($AG$6)):INDEX($AF:$AF,ROW(AG98))),"") -> 56 | AH98: =LOWER(IF(C98="1", "0x40000"&B98,"0x00000"&B98)) -> 0x40000317 | AI98: =HEX2DEC(RIGHT(AH98,8)) -> 1073742615 | AJ98: =IF(AF98<>"",AH98,"") | AK98: =IF(AF98<>"",VLOOKUP(AF98,$AG$6:$AH$286,2,TRUE),"") | AL98: =IF($AF98<>"",MIN($D98:$D98),"") | AN98: =IF(AI97<AI98,"ok","not ok") -> ok | AO98: CAN_CFG_ID_VALUE_5_MB
A99: BDC1SI5 | B99: 31F | C99: 1 | D99: 64 | E99: 1000 | F99: 0 | G99: R | K99: 0 | L99: 0 | M99: 0 | N99: 1 | O99: 0 | P99: 0 | Q99: 0 | R99: 0 | S99: 0 | T99: 0 | U99: 0 | V99: 0 | W99: 0 | Y99: 29 | Z99: 65535 | AA99: 32768 | AB99: 65535 | AF99: =IF(V99=1,MAX($AF$6:AF98)+1,IF(AF98="#",0,IF(AND(D98=D99,K98=K99,L98=L99,M98=M99,N98=N99,O98=O99,P98=P99,Q98=Q99,R98=R99,S98=S99,T98=T99,U98=U99,V98=V99,W98=W99,HEX2DEC(SUBSTITUTE(AH98,"0x",""))<HEX2DEC(SUBSTITUTE(AH99,"0x",""))),"",MAX($AF$6:AF98)+1))) -> 57 | AG99: =IF(MAX(INDEX($AF:$AF,ROW($AG$6)):INDEX($AF:$AF,ROW(AG99)))+1=AF100,MAX(INDEX($AF:$AF,ROW($AG$6)):INDEX($AF:$AF,ROW(AG99))),"") -> 57 | AH99: =LOWER(IF(C99="1", "0x40000"&B99,"0x00000"&B99)) -> 0x4000031f | AI99: =HEX2DEC(RIGHT(AH99,8)) -> 1073742623 | AJ99: =IF(AF99<>"",AH99,"") -> 0x4000031f | AK99: =IF(AF99<>"",VLOOKUP(AF99,$AG$6:$AH$286,2,TRUE),"") -> 0x4000031f | AL99: =IF($AF99<>"",MIN($D99:$D99),"") -> 64 | AN99: =IF(AI98<AI99,"ok","not ok") -> ok | AO99: CAN_CFG_ID_VALUE_5_MB
A100: BDC1S48 | B100: 337 | C100: 1 | D100: 32 | E100: 1000 | F100: 0 | G100: R | K100: 0 | L100: 0 | M100: 0 | N100: 1 | O100: 0 | P100: 0 | Q100: 0 | R100: 0 | S100: 0 | T100: 0 | U100: 0 | V100: 0 | W100: 0 | Y100: 29 | Z100: 65535 | AA100: 32768 | AB100: 65535 | AF100: =IF(V100=1,MAX($AF$6:AF99)+1,IF(AF99="#",0,IF(AND(D99=D100,K99=K100,L99=L100,M99=M100,N99=N100,O99=O100,P99=P100,Q99=Q100,R99=R100,S99=S100,T99=T100,U99=U100,V99=V100,W99=W100,HEX2DEC(SUBSTITUTE(AH99,"0x",""))<HEX2DEC(SUBSTITUTE(AH100,"0x",""))),"",MAX($AF$6:AF99)+1))) -> 58 | AG100: =IF(MAX(INDEX($AF:$AF,ROW($AG$6)):INDEX($AF:$AF,ROW(AG100)))+1=AF101,MAX(INDEX($AF:$AF,ROW($AG$6)):INDEX($AF:$AF,ROW(AG100))),"") | AH100: =LOWER(IF(C100="1", "0x40000"&B100,"0x00000"&B100)) -> 0x40000337 | AI100: =HEX2DEC(RIGHT(AH100,8)) -> 1073742647 | AJ100: =IF(AF100<>"",AH100,"") -> 0x40000337 | AK100: =IF(AF100<>"",VLOOKUP(AF100,$AG$6:$AH$286,2,TRUE),"") -> 0x4000033f | AL100: =IF($AF100<>"",MIN($D100:$D100),"") -> 32 | AN100: =IF(AI99<AI100,"ok","not ok") -> ok
...

Sheet RRMB_G2M-1
A1: CAN ID | B1: Routing Rule Table Index/ CAN-ID Min | D1: can_rscf4_cfg.h CAN_CFG_ID_VALUE_5_MB### | E1: can_rscf4_cfg.h CAN_CFG_ID_VALUE_5_MB### | F1: can_rscf4_cfg.h CAN_CFG_ID_VALUE_5_MB### | G1: can_rscf4_cfg.h CAN_CFG_FILTER_MASK_VALUE_# | K1: st_sp_CAN_LPR_RRMB_G2M_1[] | L1: st_sp_CAN_LPR_RRMB_G2M_1[] | M1: st_sp_CAN_LPR_RRMB_G2M_1[]
A2: ="0x00000"&'CANRx_G2M-1_v2'!B6 -> 0x00000013 | B2: =IF('CANRx_G2M-1_v2'!AF6<>"",'CANRx_G2M-1_v2'!AF6,B1) -> 0 | D2: CAN_CFG_ID_VALUE_5_MB010 | E2: 10 | F2: 0x0000042C | G2: 0x00000090 | H2: =IF(G2<>"NOUSE",HEX2DEC(RIGHT(F2,3))+HEX2DEC(RIGHT(G2,3)),"") -> 1212 | I2: =IF(H2<>"","0x"&DEC2HEX(H2,8),F2) -> 0x000004BC | K2: ="{(U2)"&VLOOKUP(F2,$A$2:$B$282,2,FALSE)&"U," -> {(U2)141U, | L2: ="(U2)"&(VLOOKUP(I2,$A$2:$B$282,2,FALSE)-VLOOKUP(F2,$A$2:$B$282,2,FALSE)+1)&"U}," -> (U2)3U}, | M2: ="/* MBOX = "&E2&" / "&LOWER(F2)&" : Rx Mask = "&G2&" */" -> /* MBOX = 10 / 0x0000042c : Rx Mask = 0x00000090 */
A3: ="0x00000"&'CANRx_G2M-1_v2'!B7 -> 0x0000001B | B3: =IF('CANRx_G2M-1_v2'!AF7<>"",'CANRx_G2M-1_v2'!AF7,B2) -> 0 | D3: CAN_CFG_ID_VALUE_5_MB011 | E3: 11 | F3: 0x000003B0 | G3: 0x00000003 | H3: =IF(G3<>"NOUSE",HEX2DEC(RIGHT(F3,3))+HEX2DEC(RIGHT(G3,3)),"") -> 947 | I3: =IF(H3<>"","0x"&DEC2HEX(H3,8),F3) -> 0x000003B3 | K3: ="{(U2)"&VLOOKUP(F3,$A$2:$B$282,2,FALSE)&"U," -> {(U2)109U, | L3: ="(U2)"&(VLOOKUP(I3,$A$2:$B$282,2,FALSE)-VLOOKUP(F3,$A$2:$B$282,2,FALSE)+1)&"U}," -> (U2)3U}, | M3: ="/* MBOX = "&E3&" / "&LOWER(F3)&" : Rx Mask = "&G3&" */" -> /* MBOX = 11 / 0x000003b0 : Rx Mask = 0x00000003 */
A4: ="0x00000"&'CANRx_G2M-1_v2'!B8 -> 0x00000062 | B4: =IF('CANRx_G2M-1_v2'!AF8<>"",'CANRx_G2M-1_v2'!AF8,B3) -> 0 | D4: CAN_CFG_ID_VALUE_5_MB012 | E4: 12 | F4: 0x00000438 | G4: 0x00000081 | H4: =IF(G4<>"NOUSE",HEX2DEC(RIGHT(F4,3))+HEX2DEC(RIGHT(G4,3)),"") -> 1209 | I4: =IF(H4<>"","0x"&DEC2HEX(H4,8),F4) -> 0x000004B9 | K4: ="{(U2)"&VLOOKUP(F4,$A$2:$B$282,2,FALSE)&"U," -> {(U2)149U, | L4: ="(U2)"&(VLOOKUP(I4,$A$2:$B$282,2,FALSE)-VLOOKUP(F4,$A$2:$B$282,2,FALSE)+1)&"U}," -> (U2)2U}, | M4: ="/* MBOX = "&E4&" / "&LOWER(F4)&" : Rx Mask = "&G4&" */" -> /* MBOX = 12 / 0x00000438 : Rx Mask = 0x00000081 */
A5: ="0x00000"&'CANRx_G2M-1_v2'!B9 -> 0x0000006A | B5: =IF('CANRx_G2M-1_v2'!AF9<>"",'CANRx_G2M-1_v2'!AF9,B4) -> 1 | D5: CAN_CFG_ID_VALUE_5_MB013 | E5: 13 | F5: 0x000003A1 | G5: 0x00000044 | H5: =IF(G5<>"NOUSE",HEX2DEC(RIGHT(F5,3))+HEX2DEC(RIGHT(G5,3)),"") -> 997 | I5: =IF(H5<>"","0x"&DEC2HEX(H5,8),F5) -> 0x000003E5 | K5: ="{(U2)"&VLOOKUP(F5,$A$2:$B$282,2,FALSE)&"U," -> {(U2)99U, | L5: ="(U2)"&(VLOOKUP(I5,$A$2:$B$282,2,FALSE)-VLOOKUP(F5,$A$2:$B$282,2,FALSE)+1)&"U}," -> (U2)4U}, | M5: ="/* MBOX = "&E5&" / "&LOWER(F5)&" : Rx Mask = "&G5&" */" -> /* MBOX = 13 / 0x000003a1 : Rx Mask = 0x00000044 */
A6: ="0x00000"&'CANRx_G2M-1_v2'!B10 -> 0x00000069 | B6: =IF('CANRx_G2M-1_v2'!AF10<>"",'CANRx_G2M-1_v2'!AF10,B5) -> 2 | D6: CAN_CFG_ID_VALUE_5_MB014 | E6: 14 | F6: 0x00000380 | G6: 0x00000001 | H6: =IF(G6<>"NOUSE",HEX2DEC(RIGHT(F6,3))+HEX2DEC(RIGHT(G6,3)),"") -> 897 | I6: =IF(H6<>"","0x"&DEC2HEX(H6,8),F6) -> 0x00000381 | K6: ="{(U2)"&VLOOKUP(F6,$A$2:$B$282,2,FALSE)&"U," -> {(U2)84U, | L6: ="(U2)"&(VLOOKUP(I6,$A$2:$B$282,2,FALSE)-VLOOKUP(F6,$A$2:$B$282,2,FALSE)+1)&"U}," -> (U2)2U}, | M6: ="/* MBOX = "&E6&" / "&LOWER(F6)&" : Rx Mask = "&G6&" */" -> /* MBOX = 14 / 0x00000380 : Rx Mask = 0x00000001 */
A7: ="0x00000"&'CANRx_G2M-1_v2'!B11 -> 0x00000086 | B7: =IF('CANRx_G2M-1_v2'!AF11<>"",'CANRx_G2M-1_v2'!AF11,B6) -> 3 | D7: CAN_CFG_ID_VALUE_5_MB015 | E7: 15 | F7: 0x00000282 | G7: 0x00000100 | H7: =IF(G7<>"NOUSE",HEX2DEC(RIGHT(F7,3))+HEX2DEC(RIGHT(G7,3)),"") -> 898 | I7: =IF(H7<>"","0x"&DEC2HEX(H7,8),F7) -> 0x00000382 | K7: ="{(U2)"&VLOOKUP(F7,$A$2:$B$282,2,FALSE)&"U," -> {(U2)41U, | L7: ="(U2)"&(VLOOKUP(I7,$A$2:$B$282,2,FALSE)-VLOOKUP(F7,$A$2:$B$282,2,FALSE)+1)&"U}," -> (U2)2U}, | M7: ="/* MBOX = "&E7&" / "&LOWER(F7)&" : Rx Mask = "&G7&" */" -> /* MBOX = 15 / 0x00000282 : Rx Mask = 0x00000100 */
A8: ="0x00000"&'CANRx_G2M-1_v2'!B12 -> 0x00000186 | B8: =IF('CANRx_G2M-1_v2'!AF12<>"",'CANRx_G2M-1_v2'!AF12,B7) -> 4 | D8: CAN_CFG_ID_VALUE_5_MB016 | E8: 16 | F8: 0x00000401 | G8: 0x00000006 | H8: =IF(G8<>"NOUSE",HEX2DEC(RIGHT(F8,3))+HEX2DEC(RIGHT(G8,3)),"") -> 1031 | I8: =IF(H8<>"","0x"&DEC2HEX(H8,8),F8) -> 0x00000407 | K8: ="{(U2)"&VLOOKUP(F8,$A$2:$B$282,2,FALSE)&"U," -> {(U2)133U, | L8: ="(U2)"&(VLOOKUP(I8,$A$2:$B$282,2,FALSE)-VLOOKUP(F8,$A$2:$B$282,2,FALSE)+1)&"U}," -> (U2)1U}, | M8: ="/* MBOX = "&E8&" / "&LOWER(F8)&" : Rx Mask = "&G8&" */" -> /* MBOX = 16 / 0x00000401 : Rx Mask = 0x00000006 */
A9: ="0x00000"&'CANRx_G2M-1_v2'!B13 -> 0x0000009C | B9: =IF('CANRx_G2M-1_v2'!AF13<>"",'CANRx_G2M-1_v2'!AF13,B8) -> 5 | D9: CAN_CFG_ID_VALUE_5_MB017 | E9: 17 | F9: 0x00000400 | G9: 0x0000000C | H9: =IF(G9<>"NOUSE",HEX2DEC(RIGHT(F9,3))+HEX2DEC(RIGHT(G9,3)),"") -> 1036 | I9: =IF(H9<>"","0x"&DEC2HEX(H9,8),F9) -> 0x0000040C | K9: ="{(U2)"&VLOOKUP(F9,$A$2:$B$282,2,FALSE)&"U," -> {(U2)131U, | L9: ="(U2)"&(VLOOKUP(I9,$A$2:$B$282,2,FALSE)-VLOOKUP(F9,$A$2:$B$282,2,FALSE)+1)&"U}," -> (U2)2U}, | M9: ="/* MBOX = "&E9&" / "&LOWER(F9)&" : Rx Mask = "&G9&" */" -> /* MBOX = 17 / 0x00000400 : Rx Mask = 0x0000000C */
A10: ="0x00000"&'CANRx_G2M-1_v2'!B14 -> 0x0000009E | B10: =IF('CANRx_G2M-1_v2'!AF14<>"",'CANRx_G2M-1_v2'!AF14,B9) -> 5 | D10: CAN_CFG_ID_VALUE_5_MB018 | E10: 18 | F10: 0x00000354 | G10: 0x00000001 | H10: =IF(G10<>"NOUSE",HEX2DEC(RIGHT(F10,3))+HEX2DEC(RIGHT(G10,3)),"") -> 853 | I10: =IF(H10<>"","0x"&DEC2HEX(H10,8),F10) -> 0x00000355 | K10: ="{(U2)"&VLOOKUP(F10,$A$2:$B$282,2,FALSE)&"U," -> {(U2)75U, | L10: ="(U2)"&(VLOOKUP(I10,$A$2:$B$282,2,FALSE)-VLOOKUP(F10,$A$2:$B$282,2,FALSE)+1)&"U}," -> (U2)1U}, | M10: ="/* MBOX = "&E10&" / "&LOWER(F10)&" : Rx Mask = "&G10&" */" -> /* MBOX = 18 / 0x00000354 : Rx Mask = 0x00000001 */
A11: ="0x00000"&'CANRx_G2M-1_v2'!B15 -> 0x000000A4 | B11: =IF('CANRx_G2M-1_v2'!AF15<>"",'CANRx_G2M-1_v2'!AF15,B10) -> 5 | D11: CAN_CFG_ID_VALUE_5_MB019 | E11: 19 | F11: 0x00000251 | G11: 0x00000004 | H11: =IF(G11<>"NOUSE",HEX2DEC(RIGHT(F11,3))+HEX2DEC(RIGHT(G11,3)),"") -> 597 | I11: =IF(H11<>"","0x"&DEC2HEX(H11,8),F11) -> 0x00000255 | K11: ="{(U2)"&VLOOKUP(F11,$A$2:$B$282,2,FALSE)&"U," -> {(U2)36U, | L11: ="(U2)"&(VLOOKUP(I11,$A$2:$B$282,2,FALSE)-VLOOKUP(F11,$A$2:$B$282,2,FALSE)+1)&"U}," -> (U2)2U}, | M11: ="/* MBOX = "&E11&" / "&LOWER(F11)&" : Rx Mask = "&G11&" */" -> /* MBOX = 19 / 0x00000251 : Rx Mask = 0x00000004 */
A12: ="0x00000"&'CANRx_G2M-1_v2'!B16 -> 0x000000B7 | B12: =IF('CANRx_G2M-1_v2'!AF16<>"",'CANRx_G2M-1_v2'!AF16,B11) -> 5 | D12: CAN_CFG_ID_VALUE_5_MB020 | E12: 20 | F12: 0x00000506 | G12: 0x00000001 | H12: =IF(G12<>"NOUSE",HEX2DEC(RIGHT(F12,3))+HEX2DEC(RIGHT(G12,3)),"") -> 1287 | I12: =IF(H12<>"","0x"&DEC2HEX(H12,8),F12) -> 0x00000507 | K12: ="{(U2)"&VLOOKUP(F12,$A$2:$B$282,2,FALSE)&"U," -> {(U2)157U, | L12: ="(U2)"&(VLOOKUP(I12,$A$2:$B$282,2,FALSE)-VLOOKUP(F12,$A$2:$B$282,2,FALSE)+1)&"U}," -> (U2)2U}, | M12: ="/* MBOX = "&E12&" / "&LOWER(F12)&" : Rx Mask = "&G12&" */" -> /* MBOX = 20 / 0x00000506 : Rx Mask = 0x00000001 */
A13: ="0x00000"&'CANRx_G2M-1_v2'!B17 -> 0x000000B8 | B13: =IF('CANRx_G2M-1_v2'!AF17<>"",'CANRx_G2M-1_v2'!AF17,B12) -> 6 | D13: CAN_CFG_ID_VALUE_5_MB021 | E13: 21 | F13: 0x0000016E | G13: 0x00000010 | H13: =IF(G13<>"NOUSE",HEX2DEC(RIGHT(F13,3))+HEX2DEC(RIGHT(G13,3)),"") -> 382 | I13: =IF(H13<>"","0x"&DEC2HEX(H13,8),F13) -> 0x0000017E | K13: ="{(U2)"&VLOOKUP(F13,$A$2:$B$282,2,FALSE)&"U," -> {(U2)16U, | L13: ="(U2)"&(VLOOKUP(I13,$A$2:$B$282,2,FALSE)-VLOOKUP(F13,$A$2:$B$282,2,FALSE)+1)&"U}," -> (U2)1U}, | M13: ="/* MBOX = "&E13&" / "&LOWER(F13)&" : Rx Mask = "&G13&" */" -> /* MBOX = 21 / 0x0000016e : Rx Mask = 0x00000010 */
... A139: ="0x00000"&'CANRx_G2M-1_v2'!B143 -> 0x0000037B | B139: =IF('CANRx_G2M-1_v2'!AF143<>"",'CANRx_G2M-1_v2'!AF143,B138) -> 82 | D139: CAN_CFG_ID_VALUE_5_MB147 | E139: 147 | F139: 0x00000390 | G139: NOUSE | H139: =IF(G139<>"NOUSE",HEX2DEC(RIGHT(F139,3))+HEX2DEC(RIGHT(G139,3)),"") | I139: =IF(H139<>"","0x"&DEC2HEX(H139,8),F139) -> 0x00000390 | K139: ="{(U2)"&VLOOKUP(F139,$A$2:$B$282,2,FALSE)&"U," -> {(U2)93U, | L139: ="(U2)"&(VLOOKUP(I139,$A$2:$B$282,2,FALSE)-VLOOKUP(F139,$A$2:$B$282,2,FALSE)+1)&"U}," -> (U2)1U}, | M139: ="/* MBOX = "&E139&" / "&LOWER(F139)&" : Rx Mask = "&G139&" */" -> /* MBOX = 147 / 0x00000390 : Rx Mask = NOUSE */
A140: ="0x00000"&'CANRx_G2M-1_v2'!B144 -> 0x000003F9 | B140: =IF('CANRx_G2M-1_v2'!AF144<>"",'CANRx_G2M-1_v2'!AF144,B139) -> 82 | D140: CAN_CFG_ID_VALUE_5_MB148 | E140: 148 | F140: 0x18DA0000 | G140: 0x8001FFFF | H140: =IF(G140<>"NOUSE",HEX2DEC(RIGHT(F140,8))+HEX2DEC(RIGHT(G140,8)),"") -> 2564554751 | I140: =IF(H140<>"","0x"&DEC2HEX(H140,8),F140) -> 0x98DBFFFF | K140: ="{(U2)"&VLOOKUP(F140,$A$2:$B$282,2,FALSE)&"U," -> {(U2)175U, | L140: (U2)2U}, | M140: ="/* MBOX = "&E140&" / "&LOWER(F140)&" : Rx Mask = "&G140&" */" -> /* MBOX = 148 / 0x18da0000 : Rx Mask = 0x8001FFFF */
A141: ="0x00000"&'CANRx_G2M-1_v2'!B145 -> 0x000003FB | B141: =IF('CANRx_G2M-1_v2'!AF145<>"",'CANRx_G2M-1_v2'!AF145,B140) -> 83 | D141: CAN_CFG_ID_VALUE_5_MB149 | E141: 149 | F141: 0x18000000 | G141: 0x800003FF | H141: =IF(G141<>"NOUSE",HEX2DEC(RIGHT(F141,8))+HEX2DEC(RIGHT(G141,8)),"") -> 2550137855 | I141: =IF(H141<>"","0x"&DEC2HEX(H141,8),F141) -> 0x980003FF | K141: ="{(U2)"&VLOOKUP(F141,$A$2:$B$282,2,FALSE)&"U," -> {(U2)173U, | L141: (U2)2U}, | M141: ="/* MBOX = "&E141&" / "&LOWER(F141)&" : Rx Mask = "&G141&" */" -> /* MBOX = 149 / 0x18000000 : Rx Mask = 0x800003FF */
A142: ="0x00000"&'CANRx_G2M-1_v2'!B146 -> 0x0000037F | B142: =IF('CANRx_G2M-1_v2'!AF146<>"",'CANRx_G2M-1_v2'!AF146,B141) -> 84
A143: ="0x00000"&'CANRx_G2M-1_v2'!B147 -> 0x00000380 | B143: =IF('CANRx_G2M-1_v2'!AF147<>"",'CANRx_G2M-1_v2'!AF147,B142) -> 84
A144: ="0x00000"&'CANRx_G2M-1_v2'!B148 -> 0x00000381 | B144: =IF('CANRx_G2M-1_v2'!AF148<>"",'CANRx_G2M-1_v2'!AF148,B143) -> 85
A145: ="0x00000"&'CANRx_G2M-1_v2'!B149 -> 0x0000038A | B145: =IF('CANRx_G2M-1_v2'!AF149<>"",'CANRx_G2M-1_v2'!AF149,B144) -> 86
A146: ="0x00000"&'CANRx_G2M-1_v2'!B150 -> 0x0000038B | B146: =IF('CANRx_G2M-1_v2'!AF150<>"",'CANRx_G2M-1_v2'!AF150,B145) -> 86
A147: ="0x00000"&'CANRx_G2M-1_v2'!B151 -> 0x0000039A | B147: =IF('CANRx_G2M-1_v2'!AF151<>"",'CANRx_G2M-1_v2'!AF151,B146) -> 87
A148: ="0x00000"&'CANRx_G2M-1_v2'!B152 -> 0x0000039B | B148: =IF('CANRx_G2M-1_v2'!AF152<>"",'CANRx_G2M-1_v2'!AF152,B147) -> 88
A149: ="0x00000"&'CANRx_G2M-1_v2'!B153 -> 0x0000038D | B149: =IF('CANRx_G2M-1_v2'!AF153<>"",'CANRx_G2M-1_v2'!AF153,B148) -> 89
A150: ="0x00000"&'CANRx_G2M-1_v2'!B154 -> 0x0000039D | B150: =IF('CANRx_G2M-1_v2'!AF154<>"",'CANRx_G2M-1_v2'!AF154,B149) -> 90
A151: ="0x00000"&'CANRx_G2M-1_v2'!B155 -> 0x000003CD | B151: =IF('CANRx_G2M-1_v2'!AF155<>"",'CANRx_G2M-1_v2'!AF155,B150) -> 91
A152: ="0x00000"&'CANRx_G2M-1_v2'!B156 -> 0x000003DD | B152: =IF('CANRx_G2M-1_v2'!AF156<>"",'CANRx_G2M-1_v2'!AF156,B151) -> 92
A153: ="0x00000"&'CANRx_G2M-1_v2'!B157 -> 0x00000390 | B153: =IF('CANRx_G2M-1_v2'!AF157<>"",'CANRx_G2M-1_v2'!AF157,B152) -> 93
... A274: ="0x00000"&'CANRx_G2M-1_v2'!B278 -> 0x00000633 | B274: =IF('CANRx_G2M-1_v2'!AF278<>"",'CANRx_G2M-1_v2'!AF278,B273) -> 172
A275: ="0x"&'CANRx_G2M-1_v2'!B279 -> 0x18000000 | B275: =IF('CANRx_G2M-1_v2'!AF279<>"",'CANRx_G2M-1_v2'!AF279,B274) -> 173
A276: ="0x"&'CANRx_G2M-1_v2'!B280 -> 0x180003FF | B276: =IF('CANRx_G2M-1_v2'!AF280<>"",'CANRx_G2M-1_v2'!AF280,B275) -> 173
A277: ="0x"&'CANRx_G2M-1_v2'!B281 -> 0x18000000 | B277: =IF('CANRx_G2M-1_v2'!AF281<>"",'CANRx_G2M-1_v2'!AF281,B276) -> 174
A278: ="0x"&'CANRx_G2M-1_v2'!B282 -> 0x180003FF | B278: =IF('CANRx_G2M-1_v2'!AF282<>"",'CANRx_G2M-1_v2'!AF282,B277) -> 174
A279: ="0x"&'CANRx_G2M-1_v2'!B283 -> 0x18DA0000 | B279: =IF('CANRx_G2M-1_v2'!AF283<>"",'CANRx_G2M-1_v2'!AF283,B278) -> 175
A280: ="0x"&'CANRx_G2M-1_v2'!B284 -> 0x18DBFFFF | B280: =IF('CANRx_G2M-1_v2'!AF284<>"",'CANRx_G2M-1_v2'!AF284,B279) -> 175
A281: ="0x"&'CANRx_G2M-1_v2'!B285 -> 0x18DA0000 | B281: =IF('CANRx_G2M-1_v2'!AF285<>"",'CANRx_G2M-1_v2'!AF285,B280) -> 176
A282: ="0x"&'CANRx_G2M-1_v2'!B286 -> 0x18DBFFFF | B282: =IF('CANRx_G2M-1_v2'!AF286<>"",'CANRx_G2M-1_v2'!AF286,B281) -> 176

Sheet CANRx_G2M-2
A1: Message Inf. | K1: =L1+1 -> 12 | L1: =M1+1 -> 11 | M1: =N1+1 -> 10 | N1: =O1+1 -> 9 | O1: =P1+1 -> 8 | P1: =Q1+1 -> 7 | Q1: =R1+1 -> 6 | R1: =S1+1 -> 5 | ... V1: =W1+1 -> 1 | W1: 0
K2: =MAX(K7:K7) -> 0 | L2: =MAX(L7:L7) -> 0 | M2: =MAX(M7:M7) -> 0 | N2: =MAX(N7:N7) -> 1 | O2: =MAX(O7:O7) -> 0 | P2: =MAX(P7:P7) -> 0 | Q2: =MAX(Q7:Q7) -> 0 | R2: =MAX(R7:R7) -> 0 | ... W2: =MAX(W7:W7) -> 0 | X2: =SUM(K2:W2) -> 1 | Z2: EPUD-ID
G3: G2M-1 | H3: G2M-2 | I3: G5M | K3: =L3*2 -> 4096 | L3: =M3*2 -> 2048 | M3: =N3*2 -> 1024 | N3: =O3*2 -> 512 | O3: =P3*2 -> 256 | P3: =Q3*2 -> 128 | Q3: =R3*2 -> 64 | R3: =S3*2 -> 32 | ... V3: =W3*2 -> 2 | W3: 1 | X3: 1 | Z3: Egress #1
A4: Msg. Label | B4: CAN ID | C4: FDF | D4: DLC | E4: Com. Trans. Cycle | F4: KZK Message/C-DC Only | G4: Cockpit Domain Controller | H4: Cockpit Domain Controller | I4: Cockpit Domain Controller | K4: CAN_LPR_REGR_EN_PHY_RX_G2M2 | L4: CAN_LPR_REGR_EN_PHY_RX_G2M1 | M4: CAN_LPR_REGR_EN_UDS_TX_VIR_0 | N4: CAN_LPR_REGR_EN_VIR_TX_0 | O4: CAN_LPR_REGR_EN_PHY_TX_LOCA | P4: CAN_LPR_REGR_EN_PHY_TX_G5M | Q4: CAN_LPR_REGR_EN_PHY_TX_G2M1 | R4: CAN_LPR_REGR_EN_UDS_FQ_G2M1 | S4: CAN_LPR_REGR_EN_PHY_FQ_LOCA | T4: CAN_LPR_REGR_EN_PHY_FQ_G5M | U4: CAN_LPR_REGR_EN_PHY_FQ_G2M1 | V4: CAN_LPR_REGR_EN_SECOC_RX | W4: CAN_LPR_REGR_EN_SECOC_TX | X4: Number of EPDU-ID | Y4: Row of u2p_EPDU_ID[] | Z4: CAN_LPR_REGR_EN_VIR_TX_0 bit#15-#8 : Controller bit#7-#0:Message Box | AF4: Routing Rule Table Index/ CAN-ID Min | AG4: Routing Rule Table Index/ CAN-ID Max | AH4: CAN ID Hex | AI4: CAN ID Dec | AJ4: Range Min | AK4: Range Max | AL4: Data Length Min
B5: (11bit/29bit) | C5: (0/1) | D5: (dec) | E5: (ms) | F5: (0/1) | K5: # | L5: # | M5: # | N5: # | O5: # | P5: # | Q5: # | R5: # | S5: # | T5: # | U5: # | V5: # | W5: # | X5: # | Y5: # | Z5: # | AA5: # | AB5: # | AC5: # | AD5: # | AE5: # | AF5: # | AG5: # | AH5: # | AI5: # | AJ5: # | AK5: # | AM5: # | AN5: #
A6: BDC1S91 | B6: 1E4 | C6: 1 | D6: 32 | E6: 300 | F6: 1 | H6: R | K6: 1 | L6: 0 | M6: 0 | N6: 1 | O6: 0 | P6: 0 | Q6: 0 | R6: 0 | S6: 0 | T6: 0 | U6: 0 | V6: 0 | W6: 0 | Y6: 0 | Z6: 32768 | AF6: 0 | AG6: 0 | AH6: ="0x40000"&B6 -> 0x400001E4 | AI6: =HEX2DEC(RIGHT(AH6,8)) -> 1073742308 | AJ6: =IF(AF6<>"",AH6,"") -> 0x400001E4 | AK6: =IF(AF6<>"",VLOOKUP(AF6,$AG$6:$AH$7,2,TRUE),"") -> 0x400001E4 | AL6: =IF($AF6<>"",MIN($D6:$D6),"") -> 32
A7: ADC1S33 | B7: 5D0 | C7: 1 | D7: 32 | E7: 1000 | F7: 0 | H7: R | K7: 0 | L7: 0 | M7: 0 | N7: 1 | O7: 0 | P7: 0 | Q7: 0 | R7: 0 | S7: 0 | T7: 0 | U7: 0 | V7: 0 | W7: 0 | Y7: 0 | Z7: 32768 | AF7: 1 | AG7: 1 | AH7: ="0x40000"&B7 -> 0x400005D0 | AI7: =HEX2DEC(RIGHT(AH7,8)) -> 1073743312 | AJ7: =IF(AF7<>"",AH7,"") -> 0x400005D0 | AK7: =IF(AF7<>"",VLOOKUP(AF7,$AG$6:$AH$7,2,TRUE),"") -> 0x400005D0 | AL7: =IF($AF7<>"",MIN($D7:$D7),"") -> 32
A9: # | B9: # | C9: # | D9: # | E9: # | F9: # | G9: # | H9: # | I9: # | J9: # | K9: # | L9: # | M9: # | N9: # | O9: # | P9: # | Q9: # | R9: # | S9: # | T9: # | U9: # | V9: # | W9: # | X9: # | Y9: # | Z9: # | AC9: # | AD9: # | AE9: # | AF9: # | AG9: # | AH9: # | AI9: # | AJ9: # | AK9: # | AM9: # | AN9: # | AO9: #
A10: =A6 -> BDC1S91 | B10: =B6 -> 1E4 | C10: =C6 -> 1 | D10: =D6 -> 32 | F10: =F6 -> 1 | G10: =IF(G6<>"",G6,"") | H10: =IF(H6<>"",H6,"") -> R | I10: =IF(I6<>"",I6,"") | X10: 0 | Z10: ="(U2)0x"&IF(LOWER(DEC2HEX(VLOOKUP($X10,$Y$7:$AA$7,2,FALSE),4))= "ffff",LOWER(DEC2HEX(VLOOKUP($X10,$Y$7:$AA$7,2,FALSE),4))&"U,",LOWER(DEC2HEX(VLOOKUP($X10,$Y$7:$AA$7,2,FALSE),4))&"U"&" | (U2)BSW_VCAN_CFG_VMBOX_UTXOFFSET_0,") -> (U2)0x8000U | (U2)BSW_VCAN_CFG_VMBOX_UTXOFFSET_0, | AC10: ="/* "&($X10*$X$3)&" */" -> /* 0 */ | AF10: =IF(AF6<>"",AF6,"") -> 0 | AG10: =IF($AF6<>"","", "/* ") | AH10: =IF($AF6<>"","{(U4)0x"&LOWER(DEC2HEX($K6*$K$3+$L6*$L$3+$M6*$M$3+$N6*$N$3+$V6*$V$3,8))&"U,",AH9) -> {(U4)0x00001200U, | AI10: =IF($AF6<>"", "(U4)"&LOWER($AJ6)&"U,",AI9) -> (U4)0x400001e4U, | AJ10: =IF($AF6<>"", "(U4)"&LOWER($AK6)&"U,",AJ9) -> (U4)0x400001e4U, | AK10: =IF($AF6<>"", "(U2)"&$AL6&"U,",AK9) -> (U2)32U, | AL10: =IF($AF6<>"", "(U2)"&$Y6*$X$3&"U},",AL9) -> (U2)0U}, | AM10: =IF($AF6<>"","", " */") | AN10: ="/* "&IF($AF6<>"",$AF6," ")&" : "&$A6&" = "&LOWER($AH6)&" */" -> /* 0 : BDC1S91 = 0x400001e4 */
A11: =A7 -> ADC1S33 | B11: =B7 -> 5D0 | C11: =C7 -> 1 | D11: =D7 -> 32 | F11: =F7 -> 0 | G11: =IF(G7<>"",G7,"") | H11: =IF(H7<>"",H7,"") -> R | I11: =IF(I7<>"",I7,"") | AF11: =IF(AF7<>"",AF7,"") -> 1 | AG11: =IF($AF7<>"","", "/* ") | AH11: =IF($AF7<>"","{(U4)0x"&LOWER(DEC2HEX($K7*$K$3+$L7*$L$3+$M7*$M$3+$N7*$N$3+$V7*$V$3,8))&"U,",AH10) -> {(U4)0x00000200U, | AI11: =IF($AF7<>"", "(U4)"&LOWER($AJ7)&"U,",AI10) -> (U4)0x400005d0U, | AJ11: =IF($AF7<>"", "(U4)"&LOWER($AK7)&"U,",AJ10) -> (U4)0x400005d0U, | AK11: =IF($AF7<>"", "(U2)"&$AL7&"U,",AK10) -> (U2)32U, | AL11: =IF($AF7<>"", "(U2)"&$Y7*$X$3&"U},",AL10) -> (U2)0U}, | AM11: =IF($AF7<>"","", " */") | AN11: ="/* "&IF($AF7<>"",$AF7," ")&" : "&$A7&" = "&LOWER($AH7)&" */" -> /* 1 : ADC1S33 = 0x400005d0 */
A12: # | B12: # | C12: # | D12: # | E12: # | F12: # | G12: # | H12: # | I12: # | J12: # | K12: # | L12: # | M12: # | N12: # | O12: # | P12: # | Q12: # | R12: # | S12: # | T12: # | U12: # | V12: # | W12: # | X12: # | Y12: # | Z12: # | AC12: # | AD12: # | AE12: # | AF12: # | AO12: #

Sheet RRMB_G2M-2
A1: CAN ID | B1: Routing Rule Table Index/ CAN-ID Min | D1: can_rscf4_cfg.h CAN_CFG_ID_VALUE_5_MB### | E1: can_rscf4_cfg.h CAN_CFG_ID_VALUE_5_MB### | F1: can_rscf4_cfg.h CAN_CFG_ID_VALUE_5_MB### | G1: can_rscf4_cfg.h CAN_CFG_FILTER_MASK_VALUE_# | K1: st_sp_CAN_LPR_RRMB_G2M_1[] | L1: st_sp_CAN_LPR_RRMB_G2M_1[] | M1: st_sp_CAN_LPR_RRMB_G2M_1[]
A2: ="0x00000"&'CANRx_G2M-2'!$B6 -> 0x000001E4 | B2: =IF('CANRx_G2M-2'!AF6<>"",'CANRx_G2M-2'!AF6,B1) -> 0 | D2: CAN_CFG_ID_VALUE_3_MB003 | E2: 3 | F2: 0x000005D0 | G2: NOUSE | H2: =IF(G2<>"NOUSE",HEX2DEC(RIGHT(F2,3))+HEX2DEC(RIGHT(G2,3)),"") | I2: =IF(H2<>"","0x"&DEC2HEX(H2,8),F2) -> 0x000005D0 | K2: ="{(U2)"&VLOOKUP(F2,$A$2:$B$3,2,FALSE)&"U," -> {(U2)1U, | L2: ="(U2)"&(VLOOKUP(I2,$A$2:$B$3,2,FALSE)-VLOOKUP(F2,$A$2:$B$3,2,FALSE)+1)&"U}," -> (U2)1U}, | M2: ="/* MBOX = "&E2&" / "&LOWER(F2)&" : Rx Mask = "&G2&" */" -> /* MBOX = 3 / 0x000005d0 : Rx Mask = NOUSE */
A3: ="0x00000"&'CANRx_G2M-2'!$B7 -> 0x000005D0 | B3: =IF('CANRx_G2M-2'!AF7<>"",'CANRx_G2M-2'!AF7,B2) -> 1 | D3: CAN_CFG_ID_VALUE_3_MB004 | E3: 4 | F3: 0x000001E4 | G3: NOUSE | H3: =IF(G3<>"NOUSE",HEX2DEC(RIGHT(F3,3))+HEX2DEC(RIGHT(G3,3)),"") | I3: =IF(H3<>"","0x"&DEC2HEX(H3,8),F3) -> 0x000001E4 | K3: ="{(U2)"&VLOOKUP(F3,$A$2:$B$3,2,FALSE)&"U," -> {(U2)0U, | L3: ="(U2)"&(VLOOKUP(I3,$A$2:$B$3,2,FALSE)-VLOOKUP(F3,$A$2:$B$3,2,FALSE)+1)&"U}," -> (U2)1U}, | M3: ="/* MBOX = "&E3&" / "&LOWER(F3)&" : Rx Mask = "&G3&" */" -> /* MBOX = 4 / 0x000001e4 : Rx Mask = NOUSE */

Sheet CANRx_G5M
A1: Message Inf. | K1: =L1+1 -> 12 | L1: =M1+1 -> 11 | M1: =N1+1 -> 10 | N1: =O1+1 -> 9 | O1: =P1+1 -> 8 | P1: =Q1+1 -> 7 | Q1: =R1+1 -> 6 | R1: =S1+1 -> 5 | ... V1: =W1+1 -> 1 | W1: 0
K2: =MAX(K6:K241) -> 0 | L2: =MAX(L6:L241) -> 0 | M2: =MAX(M6:M241) -> 0 | N2: =MAX(N6:N241) -> 1 | O2: =MAX(O6:O241) -> 0 | P2: =MAX(P6:P241) -> 0 | Q2: =MAX(Q6:Q241) -> 0 | R2: =MAX(R6:R241) -> 0 | ... W2: =MAX(W6:W241) -> 0 | X2: =SUM(K2:W2) -> 1 | Z2: EPUD-ID
G3: G2M-1 | H3: G2M-2 | I3: G5M | K3: =L3*2 -> 4096 | L3: =M3*2 -> 2048 | M3: =N3*2 -> 1024 | N3: =O3*2 -> 512 | O3: =P3*2 -> 256 | P3: =Q3*2 -> 128 | Q3: =R3*2 -> 64 | R3: =S3*2 -> 32 | ... V3: =W3*2 -> 2 | W3: 1 | X3: 1 | Z3: Egress #0
A4: Msg. Label | B4: CAN ID | C4: FDF | D4: DLC | E4: Com. Trans. Cycle | F4: KZK Message/C-DC Only | G4: Cockpit Domain Controller | H4: Cockpit Domain Controller | I4: Cockpit Domain Controller | K4: CAN_LPR_REGR_EN_PHY_RX_G2M2 | L4: CAN_LPR_REGR_EN_PHY_RX_G2M1 | M4: CAN_LPR_REGR_EN_UDS_TX_VIR_0 | N4: CAN_LPR_REGR_EN_VIR_TX_0 | O4: CAN_LPR_REGR_EN_PHY_TX_LOCA | P4: CAN_LPR_REGR_EN_PHY_TX_G5M | Q4: CAN_LPR_REGR_EN_PHY_TX_G2M1 | R4: CAN_LPR_REGR_EN_UDS_FQ_G2M1 | S4: CAN_LPR_REGR_EN_PHY_FQ_LOCA | T4: CAN_LPR_REGR_EN_PHY_FQ_G5M | U4: CAN_LPR_REGR_EN_PHY_FQ_G2M1 | V4: CAN_LPR_REGR_EN_SECOC_RX | W4: CAN_LPR_REGR_EN_SECOC_TX | X4: Number of EPDU-ID | Y4: Row of u2p_EPDU_ID[] | Z4: CAN_LPR_REGR_EN_VIR_TX_0 bit#15-#8 : Controller bit#7-#0:Message Box | AF4: Routing Rule Table Index/ CAN-ID Min | AG4: Routing Rule Table Index/ CAN-ID Max | AH4: CAN ID Hex | AI4: CAN ID Dec | AJ4: Range Min | AK4: Range Max | AL4: Data Length Min
B5: (11bit/29bit) | C5: (0/1) | D5: (dec) | E5: (ms) | F5: (0/1) | K5: # | L5: # | M5: # | N5: # | O5: # | P5: # | Q5: # | R5: # | S5: # | T5: # | U5: # | V5: # | W5: # | X5: # | Y5: # | Z5: # | AA5: # | AB5: # | AC5: # | AD5: # | AE5: # | AF5: # | AG5: # | AH5: # | AI5: # | AJ5: # | AK5: #
A6: MGC1F13 | B6: 049 | C6: 1 | D6: 32 | E6: 8 | F6: 0 | I6: R | K6: 0 | L6: 0 | M6: 0 | N6: 1 | O6: 0 | P6: 0 | Q6: 0 | R6: 0 | S6: 0 | T6: 0 | U6: 0 | V6: 0 | W6: 0 | Y6: 0 | Z6: 32768 | AF6: =IF(AF5="#",0,IF(AND(D5=D6,K5=K6,L5=L6,M5=M6,N5=N6,O5=O6,P5=P6,Q5=Q6,R5=R6,S5=S6,T5=T6,U5=U6,V5=V6,W5=W6,HEX2DEC(SUBSTITUTE(AH5,"0x",""))<HEX2DEC(SUBSTITUTE(AH6,"0x",""))),"",MAX($AF$6:AF6)+1)) -> 0 | AG6: =IF(MAX(INDEX($AF:$AF,ROW($AG$6)):INDEX($AF:$AF,ROW(AG6)))+1=AF7,MAX(INDEX($AF:$AF,ROW($AG$6)):INDEX($AF:$AF,ROW(AG6))),"") | AH6: ="0x40000"&B6 -> 0x40000049 | AI6: =HEX2DEC(RIGHT(AH6,8)) -> 1073741897 | AJ6: =IF(AF6<>"",AH6,"") -> 0x40000049 | AK6: =IF(AF6<>"",VLOOKUP(AF6,$AG$6:$AH$92,2,TRUE),"") -> 0x40000075 | AL6: =IF($AF6<>"",MIN($D6:$D6),"") -> 32
A7: ARS1S01 | B7: 072 | C7: 1 | D7: 32 | E7: 12 | F7: 1 | I7: R | K7: 0 | L7: 0 | M7: 0 | N7: 1 | O7: 0 | P7: 0 | Q7: 0 | R7: 0 | S7: 0 | T7: 0 | U7: 0 | V7: 0 | W7: 0 | Y7: 0 | Z7: 32768 | AF7: =IF(AF6="#",0,IF(AND(D6=D7,K6=K7,L6=L7,M6=M7,N6=N7,O6=O7,P6=P7,Q6=Q7,R6=R7,S6=S7,T6=T7,U6=U7,V6=V7,W6=W7,HEX2DEC(SUBSTITUTE(AH6,"0x",""))<HEX2DEC(SUBSTITUTE(AH7,"0x",""))),"",MAX($AF$6:AF6)+1)) | AG7: =IF(MAX(INDEX($AF:$AF,ROW($AG$6)):INDEX($AF:$AF,ROW(AG7)))+1=AF8,MAX(INDEX($AF:$AF,ROW($AG$6)):INDEX($AF:$AF,ROW(AG7))),"") | AH7: ="0x40000"&B7 -> 0x40000072 | AI7: =HEX2DEC(RIGHT(AH7,8)) -> 1073741938 | AJ7: =IF(AF7<>"",AH7,"") | AK7: =IF(AF7<>"",VLOOKUP(AF7,$AG$6:$AH$92,2,TRUE),"") | AL7: =IF($AF7<>"",MIN($D7:$D7),"")
A8: EHV2G10 | B8: 075 | C8: 1 | D8: 32 | E8: 16 | F8: 0 | I8: R | K8: 0 | L8: 0 | M8: 0 | N8: 1 | O8: 0 | P8: 0 | Q8: 0 | R8: 0 | S8: 0 | T8: 0 | U8: 0 | V8: 0 | W8: 0 | Y8: 0 | Z8: 32768 | AF8: =IF(AF7="#",0,IF(AND(D7=D8,K7=K8,L7=L8,M7=M8,N7=N8,O7=O8,P7=P8,Q7=Q8,R7=R8,S7=S8,T7=T8,U7=U8,V7=V8,W7=W8,HEX2DEC(SUBSTITUTE(AH7,"0x",""))<HEX2DEC(SUBSTITUTE(AH8,"0x",""))),"",MAX($AF$6:AF7)+1)) | AG8: =IF(MAX(INDEX($AF:$AF,ROW($AG$6)):INDEX($AF:$AF,ROW(AG8)))+1=AF9,MAX(INDEX($AF:$AF,ROW($AG$6)):INDEX($AF:$AF,ROW(AG8))),"") -> 0 | AH8: ="0x40000"&B8 -> 0x40000075 | AI8: =HEX2DEC(RIGHT(AH8,8)) -> 1073741941 | AJ8: =IF(AF8<>"",AH8,"") | AK8: =IF(AF8<>"",VLOOKUP(AF8,$AG$6:$AH$92,2,TRUE),"") | AL8: =IF($AF8<>"",MIN($D8:$D8),"")
A9: EHV1F02 | B9: 07E | C9: 1 | D9: 8 | E9: 16 | F9: 0 | I9: R | K9: 0 | L9: 0 | M9: 0 | N9: 1 | O9: 0 | P9: 0 | Q9: 0 | R9: 0 | S9: 0 | T9: 0 | U9: 0 | V9: 0 | W9: 0 | Y9: 0 | Z9: 32768 | AF9: =IF(AF8="#",0,IF(AND(D8=D9,K8=K9,L8=L9,M8=M9,N8=N9,O8=O9,P8=P9,Q8=Q9,R8=R9,S8=S9,T8=T9,U8=U9,V8=V9,W8=W9,HEX2DEC(SUBSTITUTE(AH8,"0x",""))<HEX2DEC(SUBSTITUTE(AH9,"0x",""))),"",MAX($AF$6:AF8)+1)) -> 1 | AG9: =IF(MAX(INDEX($AF:$AF,ROW($AG$6)):INDEX($AF:$AF,ROW(AG9)))+1=AF10,MAX(INDEX($AF:$AF,ROW($AG$6)):INDEX($AF:$AF,ROW(AG9))),"") -> 1 | AH9: ="0x40000"&B9 -> 0x4000007E | AI9: =HEX2DEC(RIGHT(AH9,8)) -> 1073741950 | AJ9: =IF(AF9<>"",AH9,"") -> 0x4000007E | AK9: =IF(AF9<>"",VLOOKUP(AF9,$AG$6:$AH$92,2,TRUE),"") -> 0x4000007E | AL9: =IF($AF9<>"",MIN($D9:$D9),"") -> 8
A10: TRA1S02 | B10: 0A0 | C10: 1 | D10: 32 | E10: 24 | F10: 0 | I10: R | K10: 0 | L10: 0 | M10: 0 | N10: 1 | O10: 0 | P10: 0 | Q10: 0 | R10: 0 | S10: 0 | T10: 0 | U10: 0 | V10: 0 | W10: 0 | Y10: 0 | Z10: 32768 | AF10: =IF(AF9="#",0,IF(AND(D9=D10,K9=K10,L9=L10,M9=M10,N9=N10,O9=O10,P9=P10,Q9=Q10,R9=R10,S9=S10,T9=T10,U9=U10,V9=V10,W9=W10,HEX2DEC(SUBSTITUTE(AH9,"0x",""))<HEX2DEC(SUBSTITUTE(AH10,"0x",""))),"",MAX($AF$6:AF9)+1)) -> 2 | AG10: =IF(MAX(INDEX($AF:$AF,ROW($AG$6)):INDEX($AF:$AF,ROW(AG10)))+1=AF11,MAX(INDEX($AF:$AF,ROW($AG$6)):INDEX($AF:$AF,ROW(AG10))),"") | AH10: ="0x40000"&B10 -> 0x400000A0 | AI10: =HEX2DEC(RIGHT(AH10,8)) -> 1073741984 | AJ10: =IF(AF10<>"",AH10,"") -> 0x400000A0 | AK10: =IF(AF10<>"",VLOOKUP(AF10,$AG$6:$AH$92,2,TRUE),"") -> 0x400000A1 | AL10: =IF($AF10<>"",MIN($D10:$D10),"") -> 32
A11: EHV2G20 | B11: 0A1 | C11: 1 | D11: 32 | E11: 24 | F11: 0 | I11: R | K11: 0 | L11: 0 | M11: 0 | N11: 1 | O11: 0 | P11: 0 | Q11: 0 | R11: 0 | S11: 0 | T11: 0 | U11: 0 | V11: 0 | W11: 0 | Y11: 0 | Z11: 32768 | AF11: =IF(AF10="#",0,IF(AND(D10=D11,K10=K11,L10=L11,M10=M11,N10=N11,O10=O11,P10=P11,Q10=Q11,R10=R11,S10=S11,T10=T11,U10=U11,V10=V11,W10=W11,HEX2DEC(SUBSTITUTE(AH10,"0x",""))<HEX2DEC(SUBSTITUTE(AH11,"0x",""))),"",MAX($AF$6:AF10)+1)) | AG11: =IF(MAX(INDEX($AF:$AF,ROW($AG$6)):INDEX($AF:$AF,ROW(AG11)))+1=AF12,MAX(INDEX($AF:$AF,ROW($AG$6)):INDEX($AF:$AF,ROW(AG11))),"") -> 2 | AH11: ="0x40000"&B11 -> 0x400000A1 | AI11: =HEX2DEC(RIGHT(AH11,8)) -> 1073741985 | AJ11: =IF(AF11<>"",AH11,"") | AK11: =IF(AF11<>"",VLOOKUP(AF11,$AG$6:$AH$92,2,TRUE),"") | AL11: =IF($AF11<>"",MIN($D11:$D11),"")
A12: ENG1G17 | B12: 0A3 | C12: 1 | D12: 8 | E12: 24 | F12: 0 | I12: R | K12: 0 | L12: 0 | M12: 0 | N12: 1 | O12: 0 | P12: 0 | Q12: 0 | R12: 0 | S12: 0 | T12: 0 | U12: 0 | V12: 0 | W12: 0 | Y12: 0 | Z12: 32768 | AF12: =IF(AF11="#",0,IF(AND(D11=D12,K11=K12,L11=L12,M11=M12,N11=N12,O11=O12,P11=P12,Q11=Q12,R11=R12,S11=S12,T11=T12,U11=U12,V11=V12,W11=W12,HEX2DEC(SUBSTITUTE(AH11,"0x",""))<HEX2DEC(SUBSTITUTE(AH12,"0x",""))),"",MAX($AF$6:AF11)+1)) -> 3 | AG12: =IF(MAX(INDEX($AF:$AF,ROW($AG$6)):INDEX($AF:$AF,ROW(AG12)))+1=AF13,MAX(INDEX($AF:$AF,ROW($AG$6)):INDEX($AF:$AF,ROW(AG12))),"") | AH12: ="0x40000"&B12 -> 0x400000A3 | AI12: =HEX2DEC(RIGHT(AH12,8)) -> 1073741987 | AJ12: =IF(AF12<>"",AH12,"") -> 0x400000A3 | AK12: =IF(AF12<>"",VLOOKUP(AF12,$AG$6:$AH$92,2,TRUE),"") -> 0x400000A6 | AL12: =IF($AF12<>"",MIN($D12:$D12),"") -> 8
A13: EHV1F04 | B13: 0A5 | C13: 1 | D13: 8 | E13: 24 | F13: 0 | I13: R | K13: 0 | L13: 0 | M13: 0 | N13: 1 | O13: 0 | P13: 0 | Q13: 0 | R13: 0 | S13: 0 | T13: 0 | U13: 0 | V13: 0 | W13: 0 | Y13: 0 | Z13: 32768 | AF13: =IF(AF12="#",0,IF(AND(D12=D13,K12=K13,L12=L13,M12=M13,N12=N13,O12=O13,P12=P13,Q12=Q13,R12=R13,S12=S13,T12=T13,U12=U13,V12=V13,W12=W13,HEX2DEC(SUBSTITUTE(AH12,"0x",""))<HEX2DEC(SUBSTITUTE(AH13,"0x",""))),"",MAX($AF$6:AF12)+1)) | AG13: =IF(MAX(INDEX($AF:$AF,ROW($AG$6)):INDEX($AF:$AF,ROW(AG13)))+1=AF14,MAX(INDEX($AF:$AF,ROW($AG$6)):INDEX($AF:$AF,ROW(AG13))),"") | AH13: ="0x40000"&B13 -> 0x400000A5 | AI13: =HEX2DEC(RIGHT(AH13,8)) -> 1073741989 | AJ13: =IF(AF13<>"",AH13,"") | AK13: =IF(AF13<>"",VLOOKUP(AF13,$AG$6:$AH$92,2,TRUE),"") | AL13: =IF($AF13<>"",MIN($D13:$D13),"")
A14: EHV2G02 | B14: 0A6 | C14: 1 | D14: 8 | E14: 24 | F14: 0 | I14: R | K14: 0 | L14: 0 | M14: 0 | N14: 1 | O14: 0 | P14: 0 | Q14: 0 | R14: 0 | S14: 0 | T14: 0 | U14: 0 | V14: 0 | W14: 0 | Y14: 0 | Z14: 32768 | AF14: =IF(AF13="#",0,IF(AND(D13=D14,K13=K14,L13=L14,M13=M14,N13=N14,O13=O14,P13=P14,Q13=Q14,R13=R14,S13=S14,T13=T14,U13=U14,V13=V14,W13=W14,HEX2DEC(SUBSTITUTE(AH13,"0x",""))<HEX2DEC(SUBSTITUTE(AH14,"0x",""))),"",MAX($AF$6:AF13)+1)) | AG14: =IF(MAX(INDEX($AF:$AF,ROW($AG$6)):INDEX($AF:$AF,ROW(AG14)))+1=AF15,MAX(INDEX($AF:$AF,ROW($AG$6)):INDEX($AF:$AF,ROW(AG14))),"") -> 3 | AH14: ="0x40000"&B14 -> 0x400000A6 | AI14: =HEX2DEC(RIGHT(AH14,8)) -> 1073741990 | AJ14: =IF(AF14<>"",AH14,"") | AK14: =IF(AF14<>"",VLOOKUP(AF14,$AG$6:$AH$92,2,TRUE),"") | AL14: =IF($AF14<>"",MIN($D14:$D14),"")
A15: FCM1S95 | B15: 0A8 | C15: 1 | D15: 64 | E15: 25 | F15: 1 | I15: R | K15: 0 | L15: 0 | M15: 0 | N15: 1 | O15: 0 | P15: 0 | Q15: 0 | R15: 0 | S15: 0 | T15: 0 | U15: 0 | V15: 0 | W15: 0 | Y15: 0 | Z15: 32768 | AF15: =IF(AF14="#",0,IF(AND(D14=D15,K14=K15,L14=L15,M14=M15,N14=N15,O14=O15,P14=P15,Q14=Q15,R14=R15,S14=S15,T14=T15,U14=U15,V14=V15,W14=W15,HEX2DEC(SUBSTITUTE(AH14,"0x",""))<HEX2DEC(SUBSTITUTE(AH15,"0x",""))),"",MAX($AF$6:AF14)+1)) -> 4 | AG15: =IF(MAX(INDEX($AF:$AF,ROW($AG$6)):INDEX($AF:$AF,ROW(AG15)))+1=AF16,MAX(INDEX($AF:$AF,ROW($AG$6)):INDEX($AF:$AF,ROW(AG15))),"") | AH15: ="0x40000"&B15 -> 0x400000A8 | AI15: =HEX2DEC(RIGHT(AH15,8)) -> 1073741992 | AJ15: =IF(AF15<>"",AH15,"") -> 0x400000A8 | AK15: =IF(AF15<>"",VLOOKUP(AF15,$AG$6:$AH$92,2,TRUE),"") -> 0x400000A9 | AL15: =IF($AF15<>"",MIN($D15:$D15),"") -> 64
A16: CSR1G10 | B16: 0A9 | C16: 1 | D16: 64 | E16: 25 | F16: 1 | I16: R | K16: 0 | L16: 0 | M16: 0 | N16: 1 | O16: 0 | P16: 0 | Q16: 0 | R16: 0 | S16: 0 | T16: 0 | U16: 0 | V16: 0 | W16: 0 | Y16: 0 | Z16: 32768 | AF16: =IF(AF15="#",0,IF(AND(D15=D16,K15=K16,L15=L16,M15=M16,N15=N16,O15=O16,P15=P16,Q15=Q16,R15=R16,S15=S16,T15=T16,U15=U16,V15=V16,W15=W16,HEX2DEC(SUBSTITUTE(AH15,"0x",""))<HEX2DEC(SUBSTITUTE(AH16,"0x",""))),"",MAX($AF$6:AF15)+1)) | AG16: =IF(MAX(INDEX($AF:$AF,ROW($AG$6)):INDEX($AF:$AF,ROW(AG16)))+1=AF17,MAX(INDEX($AF:$AF,ROW($AG$6)):INDEX($AF:$AF,ROW(AG16))),"") -> 4 | AH16: ="0x40000"&B16 -> 0x400000A9 | AI16: =HEX2DEC(RIGHT(AH16,8)) -> 1073741993 | AJ16: =IF(AF16<>"",AH16,"") | AK16: =IF(AF16<>"",VLOOKUP(AF16,$AG$6:$AH$92,2,TRUE),"") | AL16: =IF($AF16<>"",MIN($D16:$D16),"")
A17: SCS1S10 | B17: 10B | C17: 1 | D17: 32 | E17: 52 | F17: 0 | I17: R | K17: 0 | L17: 0 | M17: 0 | N17: 1 | O17: 0 | P17: 0 | Q17: 0 | R17: 0 | S17: 0 | T17: 0 | U17: 0 | V17: 0 | W17: 0 | Y17: 0 | Z17: 32768 | AF17: =IF(AF16="#",0,IF(AND(D16=D17,K16=K17,L16=L17,M16=M17,N16=N17,O16=O17,P16=P17,Q16=Q17,R16=R17,S16=S17,T16=T17,U16=U17,V16=V17,W16=W17,HEX2DEC(SUBSTITUTE(AH16,"0x",""))<HEX2DEC(SUBSTITUTE(AH17,"0x",""))),"",MAX($AF$6:AF16)+1)) -> 5 | AG17: =IF(MAX(INDEX($AF:$AF,ROW($AG$6)):INDEX($AF:$AF,ROW(AG17)))+1=AF18,MAX(INDEX($AF:$AF,ROW($AG$6)):INDEX($AF:$AF,ROW(AG17))),"") -> 5 | AH17: ="0x40000"&B17 -> 0x4000010B | AI17: =HEX2DEC(RIGHT(AH17,8)) -> 1073742091 | AJ17: =IF(AF17<>"",AH17,"") -> 0x4000010B | AK17: =IF(AF17<>"",VLOOKUP(AF17,$AG$6:$AH$92,2,TRUE),"") -> 0x4000010B | AL17: =IF($AF17<>"",MIN($D17:$D17),"") -> 32
A18: FWD1S10 | B18: 115 | C18: 1 | D18: 8 | E18: 96 | F18: 0 | I18: R | K18: 0 | L18: 0 | M18: 0 | N18: 1 | O18: 0 | P18: 0 | Q18: 0 | R18: 0 | S18: 0 | T18: 0 | U18: 0 | V18: 0 | W18: 0 | Y18: 0 | Z18: 32768 | AF18: =IF(AF17="#",0,IF(AND(D17=D18,K17=K18,L17=L18,M17=M18,N17=N18,O17=O18,P17=P18,Q17=Q18,R17=R18,S17=S18,T17=T18,U17=U18,V17=V18,W17=W18,HEX2DEC(SUBSTITUTE(AH17,"0x",""))<HEX2DEC(SUBSTITUTE(AH18,"0x",""))),"",MAX($AF$6:AF17)+1)) -> 6 | AG18: =IF(MAX(INDEX($AF:$AF,ROW($AG$6)):INDEX($AF:$AF,ROW(AG18)))+1=AF19,MAX(INDEX($AF:$AF,ROW($AG$6)):INDEX($AF:$AF,ROW(AG18))),"") | AH18: ="0x40000"&B18 -> 0x40000115 | AI18: =HEX2DEC(RIGHT(AH18,8)) -> 1073742101 | AJ18: =IF(AF18<>"",AH18,"") -> 0x40000115 | AK18: =IF(AF18<>"",VLOOKUP(AF18,$AG$6:$AH$92,2,TRUE),"") -> 0x4000012B | AL18: =IF($AF18<>"",MIN($D18:$D18),"") -> 8
... A23: ADC1S16 | B23: 180 | C23: 1 | D23: 32 | E23: 100 | F23: 0 | I23: R | K23: 0 | L23: 0 | M23: 0 | N23: 1 | O23: 0 | P23: 0 | Q23: 0 | R23: 0 | S23: 0 | T23: 0 | U23: 0 | V23: 0 | W23: 0 | Y23: 0 | Z23: 32768 | AF23: =IF(AF22="#",0,IF(AND(D22=D23,K22=K23,L22=L23,M22=M23,N22=N23,O22=O23,P22=P23,Q22=Q23,R22=R23,S22=S23,T22=T23,U22=U23,V22=V23,W22=W23,HEX2DEC(SUBSTITUTE(AH22,"0x",""))<HEX2DEC(SUBSTITUTE(AH23,"0x",""))),"",MAX($AF$6:AF22)+1)) -> 9 | AG23: =IF(MAX(INDEX($AF:$AF,ROW($AG$6)):INDEX($AF:$AF,ROW(AG23)))+1=AF24,MAX(INDEX($AF:$AF,ROW($AG$6)):INDEX($AF:$AF,ROW(AG23))),"") -> 9 | AH23: ="0x40000"&B23 -> 0x40000180 | AI23: =HEX2DEC(RIGHT(AH23,8)) -> 1073742208 | AJ23: =IF(AF23<>"",AH23,"") -> 0x40000180 | AK23: =IF(AF23<>"",VLOOKUP(AF23,$AG$6:$AH$92,2,TRUE),"") -> 0x40000180 | AL23: =IF($AF23<>"",MIN($D23:$D23),"") -> 32
A24: ADC1S20 | B24: 1C7 | C24: 1 | D24: 64 | E24: - | F24: 0 | I24: R | K24: 0 | L24: 0 | M24: 0 | N24: 1 | O24: 0 | P24: 0 | Q24: 0 | R24: 0 | S24: 0 | T24: 0 | U24: 0 | V24: 0 | W24: 0 | Y24: 0 | Z24: 32768 | AF24: =IF(AF23="#",0,IF(AND(D23=D24,K23=K24,L23=L24,M23=M24,N23=N24,O23=O24,P23=P24,Q23=Q24,R23=R24,S23=S24,T23=T24,U23=U24,V23=V24,W23=W24,HEX2DEC(SUBSTITUTE(AH23,"0x",""))<HEX2DEC(SUBSTITUTE(AH24,"0x",""))),"",MAX($AF$6:AF23)+1)) -> 10 | AG24: =IF(MAX(INDEX($AF:$AF,ROW($AG$6)):INDEX($AF:$AF,ROW(AG24)))+1=AF25,MAX(INDEX($AF:$AF,ROW($AG$6)):INDEX($AF:$AF,ROW(AG24))),"") -> 10 | AH24: ="0x40000"&B24 -> 0x400001C7 | AI24: =HEX2DEC(RIGHT(AH24,8)) -> 1073742279 | AJ24: =IF(AF24<>"",AH24,"") -> 0x400001C7 | AK24: =IF(AF24<>"",VLOOKUP(AF24,$AG$6:$AH$92,2,TRUE),"") -> 0x400001C7 | AL24: =IF($AF24<>"",MIN($D24:$D24),"") -> 64
A25: ABG1S09 | B25: 1D6 | C25: 1 | D25: 32 | E25: 300 | F25: 0 | I25: R | K25: 0 | L25: 0 | M25: 0 | N25: 1 | O25: 0 | P25: 0 | Q25: 0 | R25: 0 | S25: 0 | T25: 0 | U25: 0 | V25: 0 | W25: 0 | Y25: 0 | Z25: 32768 | AF25: =IF(AF24="#",0,IF(AND(D24=D25,K24=K25,L24=L25,M24=M25,N24=N25,O24=O25,P24=P25,Q24=Q25,R24=R25,S24=S25,T24=T25,U24=U25,V24=V25,W24=W25,HEX2DEC(SUBSTITUTE(AH24,"0x",""))<HEX2DEC(SUBSTITUTE(AH25,"0x",""))),"",MAX($AF$6:AF24)+1)) -> 11 | AG25: =IF(MAX(INDEX($AF:$AF,ROW($AG$6)):INDEX($AF:$AF,ROW(AG25)))+1=AF26,MAX(INDEX($AF:$AF,ROW($AG$6)):INDEX($AF:$AF,ROW(AG25))),"") | AH25: ="0x40000"&B25 -> 0x400001D6 | AI25: =HEX2DEC(RIGHT(AH25,8)) -> 1073742294 | AJ25: =IF(AF25<>"",AH25,"") -> 0x400001D6 | AK25: =IF(AF25<>"",VLOOKUP(AF25,$AG$6:$AH$92,2,TRUE),"") -> 0x400001DB | AL25: =IF($AF25<>"",MIN($D25:$D25),"") -> 32
A26: ABG1S04 | B26: 1D8 | C26: 1 | D26: 32 | E26: 300 | F26: 1 | I26: R | K26: 0 | L26: 0 | M26: 0 | N26: 1 | O26: 0 | P26: 0 | Q26: 0 | R26: 0 | S26: 0 | T26: 0 | U26: 0 | V26: 0 | W26: 0 | Y26: 0 | Z26: 32768 | AF26: =IF(AF25="#",0,IF(AND(D25=D26,K25=K26,L25=L26,M25=M26,N25=N26,O25=O26,P25=P26,Q25=Q26,R25=R26,S25=S26,T25=T26,U25=U26,V25=V26,W25=W26,HEX2DEC(SUBSTITUTE(AH25,"0x",""))<HEX2DEC(SUBSTITUTE(AH26,"0x",""))),"",MAX($AF$6:AF25)+1)) | AG26: =IF(MAX(INDEX($AF:$AF,ROW($AG$6)):INDEX($AF:$AF,ROW(AG26)))+1=AF27,MAX(INDEX($AF:$AF,ROW($AG$6)):INDEX($AF:$AF,ROW(AG26))),"") | AH26: ="0x40000"&B26 -> 0x400001D8 | AI26: =HEX2DEC(RIGHT(AH26,8)) -> 1073742296 | AJ26: =IF(AF26<>"",AH26,"") | AK26: =IF(AF26<>"",VLOOKUP(AF26,$AG$6:$AH$92,2,TRUE),"") | AL26: =IF($AF26<>"",MIN($D26:$D26),"")
A27: SBW1G02 | B27: 1DB | C27: 1 | D27: 32 | E27: 300 | F27: 0 | I27: R | K27: 0 | L27: 0 | M27: 0 | N27: 1 | O27: 0 | P27: 0 | Q27: 0 | R27: 0 | S27: 0 | T27: 0 | U27: 0 | V27: 0 | W27: 0 | Y27: 0 | Z27: 32768 | AF27: =IF(AF26="#",0,IF(AND(D26=D27,K26=K27,L26=L27,M26=M27,N26=N27,O26=O27,P26=P27,Q26=Q27,R26=R27,S26=S27,T26=T27,U26=U27,V26=V27,W26=W27,HEX2DEC(SUBSTITUTE(AH26,"0x",""))<HEX2DEC(SUBSTITUTE(AH27,"0x",""))),"",MAX($AF$6:AF26)+1)) | AG27: =IF(MAX(INDEX($AF:$AF,ROW($AG$6)):INDEX($AF:$AF,ROW(AG27)))+1=AF28,MAX(INDEX($AF:$AF,ROW($AG$6)):INDEX($AF:$AF,ROW(AG27))),"") -> 11 | AH27: ="0x40000"&B27 -> 0x400001DB | AI27: =HEX2DEC(RIGHT(AH27,8)) -> 1073742299 | AJ27: =IF(AF27<>"",AH27,"") | AK27: =IF(AF27<>"",VLOOKUP(AF27,$AG$6:$AH$92,2,TRUE),"") | AL27: =IF($AF27<>"",MIN($D27:$D27),"")
A28: BAT1EDA | B28: 1EF | C28: 1 | D28: 8 | E28: 500 | F28: 0 | I28: R | K28: 0 | L28: 0 | M28: 0 | N28: 1 | O28: 0 | P28: 0 | Q28: 0 | R28: 0 | S28: 0 | T28: 0 | U28: 0 | V28: 0 | W28: 0 | Y28: 0 | Z28: 32768 | AF28: =IF(AF27="#",0,IF(AND(D27=D28,K27=K28,L27=L28,M27=M28,N27=N28,O27=O28,P27=P28,Q27=Q28,R27=R28,S27=S28,T27=T28,U27=U28,V27=V28,W27=W28,HEX2DEC(SUBSTITUTE(AH27,"0x",""))<HEX2DEC(SUBSTITUTE(AH28,"0x",""))),"",MAX($AF$6:AF27)+1)) -> 12 | AG28: =IF(MAX(INDEX($AF:$AF,ROW($AG$6)):INDEX($AF:$AF,ROW(AG28)))+1=AF29,MAX(INDEX($AF:$AF,ROW($AG$6)):INDEX($AF:$AF,ROW(AG28))),"") -> 12 | AH28: ="0x40000"&B28 -> 0x400001EF | AI28: =HEX2DEC(RIGHT(AH28,8)) -> 1073742319 | AJ28: =IF(AF28<>"",AH28,"") -> 0x400001EF | AK28: =IF(AF28<>"",VLOOKUP(AF28,$AG$6:$AH$92,2,TRUE),"") -> 0x400001EF | AL28: =IF($AF28<>"",MIN($D28:$D28),"") -> 8
A29: ADU1S05 | B29: 1F0 | C29: 1 | D29: 32 | E29: 500 | F29: 0 | I29: R | K29: 0 | L29: 0 | M29: 0 | N29: 1 | O29: 0 | P29: 0 | Q29: 0 | R29: 0 | S29: 0 | T29: 0 | U29: 0 | V29: 0 | W29: 0 | Y29: 0 | Z29: 32768 | AF29: =IF(AF28="#",0,IF(AND(D28=D29,K28=K29,L28=L29,M28=M29,N28=N29,O28=O29,P28=P29,Q28=Q29,R28=R29,S28=S29,T28=T29,U28=U29,V28=V29,W28=W29,HEX2DEC(SUBSTITUTE(AH28,"0x",""))<HEX2DEC(SUBSTITUTE(AH29,"0x",""))),"",MAX($AF$6:AF28)+1)) -> 13 | AG29: =IF(MAX(INDEX($AF:$AF,ROW($AG$6)):INDEX($AF:$AF,ROW(AG29)))+1=AF30,MAX(INDEX($AF:$AF,ROW($AG$6)):INDEX($AF:$AF,ROW(AG29))),"") | AH29: ="0x40000"&B29 -> 0x400001F0 | AI29: =HEX2DEC(RIGHT(AH29,8)) -> 1073742320 | AJ29: =IF(AF29<>"",AH29,"") -> 0x400001F0 | AK29: =IF(AF29<>"",VLOOKUP(AF29,$AG$6:$AH$92,2,TRUE),"") -> 0x4000020A | AL29: =IF($AF29<>"",MIN($D29:$D29),"") -> 32
A30: ADC1S08 | B30: 1F1 | C30: 1 | D30: 32 | E30: 500 | F30: 0 | I30: R | K30: 0 | L30: 0 | M30: 0 | N30: 1 | O30: 0 | P30: 0 | Q30: 0 | R30: 0 | S30: 0 | T30: 0 | U30: 0 | V30: 0 | W30: 0 | Y30: 0 | Z30: 32768 | AF30: =IF(AF29="#",0,IF(AND(D29=D30,K29=K30,L29=L30,M29=M30,N29=N30,O29=O30,P29=P30,Q29=Q30,R29=R30,S29=S30,T29=T30,U29=U30,V29=V30,W29=W30,HEX2DEC(SUBSTITUTE(AH29,"0x",""))<HEX2DEC(SUBSTITUTE(AH30,"0x",""))),"",MAX($AF$6:AF29)+1)) | AG30: =IF(MAX(INDEX($AF:$AF,ROW($AG$6)):INDEX($AF:$AF,ROW(AG30)))+1=AF31,MAX(INDEX($AF:$AF,ROW($AG$6)):INDEX($AF:$AF,ROW(AG30))),"") | AH30: ="0x40000"&B30 -> 0x400001F1 | AI30: =HEX2DEC(RIGHT(AH30,8)) -> 1073742321 | AJ30: =IF(AF30<>"",AH30,"") | AK30: =IF(AF30<>"",VLOOKUP(AF30,$AG$6:$AH$92,2,TRUE),"") | AL30: =IF($AF30<>"",MIN($D30:$D30),"")
A31: ADU1S03 | B31: 1F5 | C31: 1 | D31: 32 | E31: 500 | F31: 0 | I31: R | K31: 0 | L31: 0 | M31: 0 | N31: 1 | O31: 0 | P31: 0 | Q31: 0 | R31: 0 | S31: 0 | T31: 0 | U31: 0 | V31: 0 | W31: 0 | Y31: 0 | Z31: 32768 | AF31: =IF(AF30="#",0,IF(AND(D30=D31,K30=K31,L30=L31,M30=M31,N30=N31,O30=O31,P30=P31,Q30=Q31,R30=R31,S30=S31,T30=T31,U30=U31,V30=V31,W30=W31,HEX2DEC(SUBSTITUTE(AH30,"0x",""))<HEX2DEC(SUBSTITUTE(AH31,"0x",""))),"",MAX($AF$6:AF30)+1)) | AG31: =IF(MAX(INDEX($AF:$AF,ROW($AG$6)):INDEX($AF:$AF,ROW(AG31)))+1=AF32,MAX(INDEX($AF:$AF,ROW($AG$6)):INDEX($AF:$AF,ROW(AG31))),"") | AH31: ="0x40000"&B31 -> 0x400001F5 | AI31: =HEX2DEC(RIGHT(AH31,8)) -> 1073742325 | AJ31: =IF(AF31<>"",AH31,"") | AK31: =IF(AF31<>"",VLOOKUP(AF31,$AG$6:$AH$92,2,TRUE),"") | AL31: =IF($AF31<>"",MIN($D31:$D31),"")
A32: ADC1S12 | B32: 203 | C32: 1 | D32: 32 | E32: 1000 | F32: 0 | I32: R | K32: 0 | L32: 0 | M32: 0 | N32: 1 | O32: 0 | P32: 0 | Q32: 0 | R32: 0 | S32: 0 | T32: 0 | U32: 0 | V32: 0 | W32: 0 | Y32: 0 | Z32: 32768 | AF32: =IF(AF31="#",0,IF(AND(D31=D32,K31=K32,L31=L32,M31=M32,N31=N32,O31=O32,P31=P32,Q31=Q32,R31=R32,S31=S32,T31=T32,U31=U32,V31=V32,W31=W32,HEX2DEC(SUBSTITUTE(AH31,"0x",""))<HEX2DEC(SUBSTITUTE(AH32,"0x",""))),"",MAX($AF$6:AF31)+1)) | AG32: =IF(MAX(INDEX($AF:$AF,ROW($AG$6)):INDEX($AF:$AF,ROW(AG32)))+1=AF33,MAX(INDEX($AF:$AF,ROW($AG$6)):INDEX($AF:$AF,ROW(AG32))),"") | AH32: ="0x40000"&B32 -> 0x40000203 | AI32: =HEX2DEC(RIGHT(AH32,8)) -> 1073742339 | AJ32: =IF(AF32<>"",AH32,"") | AK32: =IF(AF32<>"",VLOOKUP(AF32,$AG$6:$AH$92,2,TRUE),"") | AL32: =IF($AF32<>"",MIN($D32:$D32),"")
A33: ADC1S14 | B33: 208 | C33: 1 | D33: 32 | E33: 1000 | F33: 0 | I33: R | K33: 0 | L33: 0 | M33: 0 | N33: 1 | O33: 0 | P33: 0 | Q33: 0 | R33: 0 | S33: 0 | T33: 0 | U33: 0 | V33: 0 | W33: 0 | Y33: 0 | Z33: 32768 | AF33: =IF(AF32="#",0,IF(AND(D32=D33,K32=K33,L32=L33,M32=M33,N32=N33,O32=O33,P32=P33,Q32=Q33,R32=R33,S32=S33,T32=T33,U32=U33,V32=V33,W32=W33,HEX2DEC(SUBSTITUTE(AH32,"0x",""))<HEX2DEC(SUBSTITUTE(AH33,"0x",""))),"",MAX($AF$6:AF32)+1)) | AG33: =IF(MAX(INDEX($AF:$AF,ROW($AG$6)):INDEX($AF:$AF,ROW(AG33)))+1=AF34,MAX(INDEX($AF:$AF,ROW($AG$6)):INDEX($AF:$AF,ROW(AG33))),"") | AH33: ="0x40000"&B33 -> 0x40000208 | AI33: =HEX2DEC(RIGHT(AH33,8)) -> 1073742344 | AJ33: =IF(AF33<>"",AH33,"") | AK33: =IF(AF33<>"",VLOOKUP(AF33,$AG$6:$AH$92,2,TRUE),"") | AL33: =IF($AF33<>"",MIN($D33:$D33),"")
A34: ADC1S15 | B34: 209 | C34: 1 | D34: 32 | E34: 1000 | F34: 0 | I34: R | K34: 0 | L34: 0 | M34: 0 | N34: 1 | O34: 0 | P34: 0 | Q34: 0 | R34: 0 | S34: 0 | T34: 0 | U34: 0 | V34: 0 | W34: 0 | Y34: 0 | Z34: 32768 | AF34: =IF(AF33="#",0,IF(AND(D33=D34,K33=K34,L33=L34,M33=M34,N33=N34,O33=O34,P33=P34,Q33=Q34,R33=R34,S33=S34,T33=T34,U33=U34,V33=V34,W33=W34,HEX2DEC(SUBSTITUTE(AH33,"0x",""))<HEX2DEC(SUBSTITUTE(AH34,"0x",""))),"",MAX($AF$6:AF33)+1)) | AG34: =IF(MAX(INDEX($AF:$AF,ROW($AG$6)):INDEX($AF:$AF,ROW(AG34)))+1=AF35,MAX(INDEX($AF:$AF,ROW($AG$6)):INDEX($AF:$AF,ROW(AG34))),"") | AH34: ="0x40000"&B34 -> 0x40000209 | AI34: =HEX2DEC(RIGHT(AH34,8)) -> 1073742345 | AJ34: =IF(AF34<>"",AH34,"") | AK34: =IF(AF34<>"",VLOOKUP(AF34,$AG$6:$AH$92,2,TRUE),"") | AL34: =IF($AF34<>"",MIN($D34:$D34),"")
A35: ADC1S17 | B35: 20A | C35: 1 | D35: 32 | E35: 1000 | F35: 0 | I35: R | K35: 0 | L35: 0 | M35: 0 | N35: 1 | O35: 0 | P35: 0 | Q35: 0 | R35: 0 | S35: 0 | T35: 0 | U35: 0 | V35: 0 | W35: 0 | Y35: 0 | Z35: 32768 | AF35: =IF(AF34="#",0,IF(AND(D34=D35,K34=K35,L34=L35,M34=M35,N34=N35,O34=O35,P34=P35,Q34=Q35,R34=R35,S34=S35,T34=T35,U34=U35,V34=V35,W34=W35,HEX2DEC(SUBSTITUTE(AH34,"0x",""))<HEX2DEC(SUBSTITUTE(AH35,"0x",""))),"",MAX($AF$6:AF34)+1)) | AG35: =IF(MAX(INDEX($AF:$AF,ROW($AG$6)):INDEX($AF:$AF,ROW(AG35)))+1=AF36,MAX(INDEX($AF:$AF,ROW($AG$6)):INDEX($AF:$AF,ROW(AG35))),"") -> 13 | AH35: ="0x40000"&B35 -> 0x4000020A | AI35: =HEX2DEC(RIGHT(AH35,8)) -> 1073742346 | AJ35: =IF(AF35<>"",AH35,"") | AK35: =IF(AF35<>"",VLOOKUP(AF35,$AG$6:$AH$92,2,TRUE),"") | AL35: =IF($AF35<>"",MIN($D35:$D35),"")
A36: FCM1S88 | B36: 20F | C36: 1 | D36: 8 | E36: 1000 | F36: 0 | I36: R | K36: 0 | L36: 0 | M36: 0 | N36: 1 | O36: 0 | P36: 0 | Q36: 0 | R36: 0 | S36: 0 | T36: 0 | U36: 0 | V36: 0 | W36: 0 | Y36: 0 | Z36: 32768 | AF36: =IF(AF35="#",0,IF(AND(D35=D36,K35=K36,L35=L36,M35=M36,N35=N36,O35=O36,P35=P36,Q35=Q36,R35=R36,S35=S36,T35=T36,U35=U36,V35=V36,W35=W36,HEX2DEC(SUBSTITUTE(AH35,"0x",""))<HEX2DEC(SUBSTITUTE(AH36,"0x",""))),"",MAX($AF$6:AF35)+1)) -> 14 | AG36: =IF(MAX(INDEX($AF:$AF,ROW($AG$6)):INDEX($AF:$AF,ROW(AG36)))+1=AF37,MAX(INDEX($AF:$AF,ROW($AG$6)):INDEX($AF:$AF,ROW(AG36))),"") -> 14 | AH36: ="0x40000"&B36 -> 0x4000020F | AI36: =HEX2DEC(RIGHT(AH36,8)) -> 1073742351 | AJ36: =IF(AF36<>"",AH36,"") -> 0x4000020F | AK36: =IF(AF36<>"",VLOOKUP(AF36,$AG$6:$AH$92,2,TRUE),"") -> 0x4000020F | AL36: =IF($AF36<>"",MIN($D36:$D36),"") -> 8
... A87: FCM1C01 | B87: 5F6 | C87: 1 | D87: 8 | E87: 500 | F87: 0 | I87: R | K87: 0 | L87: 0 | M87: 0 | N87: 1 | O87: 0 | P87: 0 | Q87: 0 | R87: 0 | S87: 0 | T87: 0 | U87: 0 | V87: 0 | W87: 0 | Y87: 0 | Z87: 32768 | AF87: =IF(AF86="#",0,IF(AND(D86=D87,K86=K87,L86=L87,M86=M87,N86=N87,O86=O87,P86=P87,Q86=Q87,R86=R87,S86=S87,T86=T87,U86=U87,V86=V87,W86=W87,HEX2DEC(SUBSTITUTE(AH86,"0x",""))<HEX2DEC(SUBSTITUTE(AH87,"0x",""))),"",MAX($AF$6:AF86)+1)) | AG87: =IF(MAX(INDEX($AF:$AF,ROW($AG$6)):INDEX($AF:$AF,ROW(AG87)))+1=AF88,MAX(INDEX($AF:$AF,ROW($AG$6)):INDEX($AF:$AF,ROW(AG87))),"") -> 35 | AH87: ="0x40000"&B87 -> 0x400005F6 | AI87: =HEX2DEC(RIGHT(AH87,8)) -> 1073743350 | AJ87: =IF(AF87<>"",AH87,"") | AK87: =IF(AF87<>"",VLOOKUP(AF87,$AG$6:$AH$92,2,TRUE),"") | AL87: =IF($AF87<>"",MIN($D87:$D87),"")
A88: ADC1S19 | B88: 613 | C88: 1 | D88: 32 | E88: - | F88: 0 | I88: R | K88: 0 | L88: 0 | M88: 0 | N88: 1 | O88: 0 | P88: 0 | Q88: 0 | R88: 0 | S88: 0 | T88: 0 | U88: 0 | V88: 0 | W88: 0 | Y88: 0 | Z88: 32768 | AF88: =IF(AF87="#",0,IF(AND(D87=D88,K87=K88,L87=L88,M87=M88,N87=N88,O87=O88,P87=P88,Q87=Q88,R87=R88,S87=S88,T87=T88,U87=U88,V87=V88,W87=W88,HEX2DEC(SUBSTITUTE(AH87,"0x",""))<HEX2DEC(SUBSTITUTE(AH88,"0x",""))),"",MAX($AF$6:AF87)+1)) -> 36 | AG88: =IF(MAX(INDEX($AF:$AF,ROW($AG$6)):INDEX($AF:$AF,ROW(AG88)))+1=AF89,MAX(INDEX($AF:$AF,ROW($AG$6)):INDEX($AF:$AF,ROW(AG88))),"") -> 36 | AH88: ="0x40000"&B88 -> 0x40000613 | AI88: =HEX2DEC(RIGHT(AH88,8)) -> 1073743379 | AJ88: =IF(AF88<>"",AH88,"") -> 0x40000613 | AK88: =IF(AF88<>"",VLOOKUP(AF88,$AG$6:$AH$92,2,TRUE),"") -> 0x40000613 | AL88: =IF($AF88<>"",MIN($D88:$D88),"") -> 32
A89: CAN/QSEv | B89: 18002000 | C89: 0 | D89: 0 | F89: 0 | I89: R | K89: 0 | L89: 0 | M89: 0 | N89: 1 | O89: 0 | P89: 0 | Q89: 0 | R89: 0 | S89: 0 | T89: 0 | U89: 0 | V89: 0 | W89: 0 | Y89: 0 | Z89: 32768 | AF89: =IF(AF88="#",0,IF(AND(D88=D89,K88=K89,L88=L89,M88=M89,N88=N89,O88=O89,P88=P89,Q88=Q89,R88=R89,S88=S89,T88=T89,U88=U89,V88=V89,W88=W89,HEX2DEC(SUBSTITUTE(AH88,"0x",""))<HEX2DEC(SUBSTITUTE(AH89,"0x",""))),"",MAX($AF$6:AF88)+1)) -> 37 | AG89: =IF(MAX(INDEX($AF:$AF,ROW($AG$6)):INDEX($AF:$AF,ROW(AG89)))+1=AF90,MAX(INDEX($AF:$AF,ROW($AG$6)):INDEX($AF:$AF,ROW(AG89))),"") | AH89: ="0x9"&RIGHT(B89,7) -> 0x98002000 | AI89: =HEX2DEC(RIGHT(AH89,8)) -> 2550145024 | AJ89: =IF(AF89<>"",AH89,"") -> 0x98002000 | AK89: =IF(AF89<>"",VLOOKUP(AF89,$AG$6:$AH$92,2,TRUE),"") -> 0x980021ff | AL89: =IF($AF89<>"",MIN($D89:$D89),"") -> 0
A90: CAN/QSEv | B90: 180021ff | C90: 0 | D90: 0 | F90: 0 | I90: R | K90: 0 | L90: 0 | M90: 0 | N90: 1 | O90: 0 | P90: 0 | Q90: 0 | R90: 0 | S90: 0 | T90: 0 | U90: 0 | V90: 0 | W90: 0 | Y90: 0 | Z90: 32768 | AF90: =IF(AF89="#",0,IF(AND(D89=D90,K89=K90,L89=L90,M89=M90,N89=N90,O89=O90,P89=P90,Q89=Q90,R89=R90,S89=S90,T89=T90,U89=U90,V89=V90,W89=W90,HEX2DEC(SUBSTITUTE(AH89,"0x",""))<HEX2DEC(SUBSTITUTE(AH90,"0x",""))),"",MAX($AF$6:AF89)+1)) | AG90: 37 | AH90: ="0x9"&RIGHT(B90,7) -> 0x980021ff | AI90: =HEX2DEC(RIGHT(AH90,8)) -> 2550145535 | AJ90: =IF(AF90<>"",AH90,"") | AK90: =IF(AF90<>"",VLOOKUP(AF90,$AG$6:$AH$92,2,TRUE),"") | AL90: =IF($AF90<>"",MIN($D90:$D90),"")
A91: CAN-FD/QSEv | B91: 18002000 | C91: 1 | D91: 0 | F91: 0 | I91: R | K91: 0 | L91: 0 | M91: 0 | N91: 1 | O91: 0 | P91: 0 | Q91: 0 | R91: 0 | S91: 0 | T91: 0 | U91: 0 | V91: 0 | W91: 0 | Y91: 0 | Z91: 32768 | AF91: 38 | AG91: =IF(MAX(INDEX($AF:$AF,ROW($AG$6)):INDEX($AF:$AF,ROW(AG91)))+1=AF92,MAX(INDEX($AF:$AF,ROW($AG$6)):INDEX($AF:$AF,ROW(AG91))),"") | AH91: ="0xd"&RIGHT(B91,7) -> 0xd8002000 | AI91: =HEX2DEC(RIGHT(AH91,8)) -> 3623886848 | AJ91: =IF(AF91<>"",AH91,"") -> 0xd8002000 | AK91: =IF(AF91<>"",VLOOKUP(AF91,$AG$6:$AH$92,2,TRUE),"") -> 0xd80021ff | AL91: =IF($AF91<>"",MIN($D91:$D91),"") -> 0
A92: CAN-FD/QSEv | B92: 180021ff | C92: 1 | D92: 0 | F92: 0 | I92: R | K92: 0 | L92: 0 | M92: 0 | N92: 1 | O92: 0 | P92: 0 | Q92: 0 | R92: 0 | S92: 0 | T92: 0 | U92: 0 | V92: 0 | W92: 0 | Y92: 0 | Z92: 32768 | AF92: =IF(AF91="#",0,IF(AND(D91=D92,K91=K92,L91=L92,M91=M92,N91=N92,O91=O92,P91=P92,Q91=Q92,R91=R92,S91=S92,T91=T92,U91=U92,V91=V92,W91=W92,HEX2DEC(SUBSTITUTE(AH91,"0x",""))<HEX2DEC(SUBSTITUTE(AH92,"0x",""))),"",MAX($AF$6:AF91)+1)) | AG92: 38 | AH92: ="0xd"&RIGHT(B92,7) -> 0xd80021ff | AI92: =HEX2DEC(RIGHT(AH92,8)) -> 3623887359 | AJ92: =IF(AF92<>"",AH92,"") | AK92: =IF(AF92<>"",VLOOKUP(AF92,$AG$6:$AH$92,2,TRUE),"") | AL92: =IF($AF92<>"",MIN($D92:$D92),"")
A94: # | B94: # | C94: # | D94: # | E94: # | F94: # | G94: # | H94: # | I94: # | J94: # | K94: # | L94: # | M94: # | N94: # | O94: # | P94: # | Q94: # | R94: # | S94: # | T94: # | U94: # | V94: # | W94: # | X94: # | Y94: # | Z94: # | AA94: # | AB94: # | AC94: # | AD94: # | AE94: # | AF94: # | AG94: # | AH94: # | AI94: # | AJ94: # | AK94: # | AM94: # | AN94: #
A95: =A6 -> MGC1F13 | B95: =B6 -> 049 | C95: =C6 -> 1 | D95: =D6 -> 32 | F95: =F6 -> 0 | G95: =IF(G6<>"",G6,"") | H95: =IF(H6<>"",H6,"") | I95: =IF(I6<>"",I6,"") -> R | X95: 0 | Z95: ="(U2)0x"&IF(LOWER(DEC2HEX(VLOOKUP($X95,$Y$6:$Z$92,2,FALSE),4))="ffff",LOWER(DEC2HEX(VLOOKUP($X95,$Y$6:$Z$92,2,FALSE),4))&"U,",LOWER(DEC2HEX(VLOOKUP($X95,$Y$6:$Z$92,2,FALSE),4))&"U"&" | (U2)BSW_VCAN_CFG_VMBOX_UTXOFFSET_0,") -> (U2)0x8000U | (U2)BSW_VCAN_CFG_VMBOX_UTXOFFSET_0, | AA95: ="/* "&($X95*$X$3)&" */" -> /* 0 */ | AF95: =IF($AF6<>"",$AF6,"") -> 0 | AG95: =IF($AF6<>"","", "/* ") | AH95: =IF($AF6<>"","{(U4)0x"&LOWER(DEC2HEX($N6*$N$3,8))&"U,",AH94) -> {(U4)0x00000200U, | AI95: =IF($AF6<>"", "(U4)"&LOWER($AJ6)&"U,",AI94) -> (U4)0x40000049U, | AJ95: =IF($AF6<>"", "(U4)"&LOWER($AK6)&"U,",AJ94) -> (U4)0x40000075U, | AK95: =IF($AF6<>"", "(U2)"&$AL6&"U,",AK94) -> (U2)32U, | AL95: =IF($AF6<>"", "(U2)"&$Y6*$X$3&"U},",AL94) -> (U2)0U}, | AM95: =IF($AF6<>"","", " */") | AN95: ="/* "&IF($AF6<>"",$AF6," ")&" : "&A6&" = "&LOWER($AH6)&" */" -> /* 0 : MGC1F13 = 0x40000049 */
A96: =A7 -> ARS1S01 | B96: =B7 -> 072 | C96: =C7 -> 1 | D96: =D7 -> 32 | F96: =F7 -> 1 | G96: =IF(G7<>"",G7,"") | H96: =IF(H7<>"",H7,"") | I96: =IF(I7<>"",I7,"") -> R | AF96: =IF($AF7<>"",$AF7,"") | AG96: =IF($AF7<>"","", "/* ") -> /* | AH96: =IF($AF7<>"","{(U4)0x"&LOWER(DEC2HEX($N7*$N$3,8))&"U,",AH95) -> {(U4)0x00000200U, | AI96: =IF($AF7<>"", "(U4)"&LOWER($AJ7)&"U,",AI95) -> (U4)0x40000049U, | AJ96: =IF($AF7<>"", "(U4)"&LOWER($AK7)&"U,",AJ95) -> (U4)0x40000075U, | AK96: =IF($AF7<>"", "(U2)"&$AL7&"U,",AK95) -> (U2)32U, | AL96: =IF($AF7<>"", "(U2)"&$Y7*$X$3&"U},",AL95) -> (U2)0U}, | AM96: =IF($AF7<>"","", " */") -> */ | AN96: ="/* "&IF($AF7<>"",$AF7," ")&" : "&A7&" = "&LOWER($AH7)&" */" -> /* : ARS1S01 = 0x40000072 */
A97: =A8 -> EHV2G10 | B97: =B8 -> 075 | C97: =C8 -> 1 | D97: =D8 -> 32 | F97: =F8 -> 0 | G97: =IF(G8<>"",G8,"") | H97: =IF(H8<>"",H8,"") | I97: =IF(I8<>"",I8,"") -> R | AF97: =IF($AF8<>"",$AF8,"") | AG97: =IF($AF8<>"","", "/* ") -> /* | AH97: =IF($AF8<>"","{(U4)0x"&LOWER(DEC2HEX($N8*$N$3,8))&"U,",AH96) -> {(U4)0x00000200U, | AI97: =IF($AF8<>"", "(U4)"&LOWER($AJ8)&"U,",AI96) -> (U4)0x40000049U, | AJ97: =IF($AF8<>"", "(U4)"&LOWER($AK8)&"U,",AJ96) -> (U4)0x40000075U, | AK97: =IF($AF8<>"", "(U2)"&$AL8&"U,",AK96) -> (U2)32U, | AL97: =IF($AF8<>"", "(U2)"&$Y8*$X$3&"U},",AL96) -> (U2)0U}, | AM97: =IF($AF8<>"","", " */") -> */ | AN97: ="/* "&IF($AF8<>"",$AF8," ")&" : "&A8&" = "&LOWER($AH8)&" */" -> /* : EHV2G10 = 0x40000075 */
