Workbook
Name _1920: [1]前提書情報!#REF!
Name A: [3]!A
Name A_研究: [4]工数ｺｰﾄﾞﾘｽﾄ!$B$4:$B$5
Name A_研究0: [4]工数ｺｰﾄﾞﾘｽﾄ!$F$4
Name another: [3]!another
Name anotherB: [3]!anotherB
Name B: [3]!B
Name BODY: [3]!BODY
Name BODY_B: [3]!BODY_B
Name CACY: [3]!CACY
Name CACY_B: [3]!CACY_B
Name Calculation: [3]!Calculation
Name Calculation2: [3]!Calculation2
Name CB: [5]リソーセス算出!$B$6
Name CC: #REF!
Name ccc: #REF!
Name CON: #REF!
Name CONN: #REF!
Name DAINITTEI1: [5]リソーセス算出!$E$5:$I$14
Name DAINITTEI2: [5]リソーセス算出!$J$5:$P$14
Name DAINITTEI3: [5]定義!$H$4:$K$13
Name DAINITTEI4: [5]定義!$C$4:$F$13
Name DCU: #REF!
Name dengi: [3]!dengi
Name dengi_B: [3]!dengi_B
Name design: [3]!design
Name design_B: [3]!design_B
Name drivet: [3]!drivet
Name drivet_B: [3]!drivet_B
Name ENGINE: [3]!ENGINE
Name ENGINE_B: [3]!ENGINE_B
Name EstimateEffectImpact: OFFSET([7]ｲﾝﾊﾟｸﾄ影響台数集計表!$B$7,0,0,COUNTA([7]ｲﾝﾊﾟｸﾄ影響台数集計表!$B$7:$B$65535),COUNTA([7]ｲﾝﾊﾟｸﾄ影響台数集計表!$A$7:$IV$7))
Name EstimateEffectImpactDomest: OFFSET('[7]実勢(売上)台数表'!$B$7,0,0,COUNTIF('[7]実勢(売上)台数表'!$B$8:$B$65229,"A*")+COUNTIF('[7]実勢(売上)台数表'!$B$8:$B$65229,"B*")+1,COUNTA('[7]実勢(売上)台数表'!$A$7:$IV$7))
Name EstimateImpact: OFFSET('[7]実勢(売上)台数表'!$B$7,0,0,COUNTA('[7]実勢(売上)台数表'!$B$7:$B$65535),COUNTA('[7]実勢(売上)台数表'!$A$7:$IV$7))
Name EstimateNoImpact: OFFSET([7]月別企画台数表!$B$7,0,0,COUNTA([7]月別企画台数表!$B$7:$B$65535),COUNTA([7]月別企画台数表!$A$7:$IV$7))
Name ExistingProjectList: OFFSET('[7]プロジェクト一覧表(現行)'!$B$7,0,0,COUNTA('[7]プロジェクト一覧表(現行)'!$B$7:$B$65535),COUNTA('[7]プロジェクト一覧表(現行)'!$A$7:$IV$7))
Name FILEDATE: [5]リソーセス算出!$R$4:$T$14
Name G_0_kousu: [3]!G_0_kousu
Name G_0_kousu_B: [3]!G_0_kousu_B
Name G_0_soksu: [8]!G_0_soksu
Name G_0_soksu: [8]!G_0_soksu
Name G_n_shokig: [3]!G_n_shokig
Name G_n_shokig_B: [3]!G_n_shokig_B
Name G_基盤技術: [4]工数ｺｰﾄﾞﾘｽﾄ!$D$4:$D$38
Name G_基盤技術H: [4]工数ｺｰﾄﾞﾘｽﾄ!$N$4:$N$10
Name GenDate: [9]Data!$C$1
Name genka: [3]!genka
Name genka_B: [3]!genka_B
Name GR12.3inch_0dial: [1]前提書情報!#REF!
Name graphcopy: [3]!graphcopy
Name graphcopy_B: [3]!graphcopy_B
Name grfselect: [3]!grfselect
Name ITAKU: [5]リソーセス算出!$B$7
Name J_号口対策: [4]工数ｺｰﾄﾞﾘｽﾄ!$E$4:$E$41
Name J_号口対策部: [4]工数ｺｰﾄﾞﾘｽﾄ!$R$4:$R$7
Name JIKEN: [3]!JIKEN
Name JIKEN_B: [3]!JIKEN_B
Name katacheck: [3]!katacheck
Name katacheck_B: [3]!katacheck_B
Name LastMonthFull: [9]Data!$B$1

Sheet Revision history
A1: 標準仕様履歴/Revision history | G1: 個車仕様品番
A2: 19電子PF ver3_24MY / BEVStep3
A3: バリ品番 | B3: メジャー品番 | C3: 改訂日 | D3: 改訂内容 | E3: 改訂者 | G3: ver | H3: 改訂日 | I3: 改訂内容 | J3: 改訂者
A4: A0 | B4: 000 | C4: 44781 | D4: ePF3.0phase1向け初版発行 | E4: CSF2G浜崎
A5: A0 | B5: 001 | C5: 44812 | D5: FuelとILLOUTとILLCNTの確認用シート追加、バリ表＆制御仕様書の重複定数の表記統一（レオスタットSW,フューエルサブセンダ）、調光定数のTR1とIL2の分離。 | E5: CSF2G浜崎
A6: A0 | B6: 002 | C6: 44833 | D6: ①Fuelリッド開閉信号有無の定数追加。リッド開閉信号有無で給油判定ロジックの分かれるため、この定数は必要と判断。 ②調光制御仕様書のDR結果反映。定数追加はなし | E6: CSF2G浜崎
A7: A0 | B7: 003 | C7: 44872 | D7: リッド開閉信号有無の誤記修正（0⇔1定義逆転、11/7大部屋DN車担確認済み） | E7: CSF2G浜崎
A8: A0 | B8: 004 | C8: 44995 | D8: ①XV認証モード許可フラグ追加 →これまで仕入先での定数として切り替えていた、定数の追加。 ②航続可能距離(電子遅延方式) 学習燃費上限値,下限値の単位変更[km/l]→[%] →定数仕様上単位が[km/l]だが実際はデフォルト燃費×%で指示していた。ソフト実装でkm/l変換し、定数仕様上は[%]表記とする ③燃費最大値の定数定義変更 →燃費を直接記載するのではなく、従来の6パターンの中から、選択する方式に戻す。 ④夜間のILL_OF信号出力時入力(レオスタット位置)、夜間のILL_OF信号出力ｷｬﾝｾﾙ時入力(レオスタット位置)の定数化 →一旦定数化不要との検討をしたが、定数に定義を戻す。昼は0固定。 ⑤シートベルトINDの定数追加 →国コード標準化により新たに定数として追加された。 ⑥REVIND仕様書ドロップにより定数削除 ⑦ONOFF判定仕様書 走行可能フラグの入力切替フラグ（パワトレ判定→定数管理に変更） ⑨ブザー仕様書のブザー項目をePF3.0最新仕様に追従 ⑩データ定義Max値を物理値「LSB×データ型MAX+オフセット」に変更 | E8: CSF2G浜崎
A9: A0 | B9: 005 | C9: 45000 | D9: ①フューエル仕様書ver1.4（’22/12）修正に伴う定数仕様書の追従 ＜定数の定義変更＞ 変更前：リッド開閉信号有無 0＝無、1=有 変更後：フューエルリッド開信号種別 0＝リッドなし、1＝LSTM、2=LST1 | E9: CSF2G浜崎
A10: A0 | B10: 006 | C10: 45007 | D10: ①タコメータ制御仕様書ver1.5（’23/3E）修正に伴う定数仕様書の追従 ＜新規定数の追加＞ Revピーク設定回転数【RevSet】 Revピーク表示判断回転数UP側（rpm）【RevDispHys】 Revピーク表示判断回転数DOWN側（rpm）【RevNoiseHys】 Revピーク表示時間【RevDispTime】 | E10: CSF2G浜崎
A11: A0 | B11: 007 | C11: 45013 | D11: ①070D特殊定数の追加 ＜新規定数の追加＞ 定数名：【070D識別】 値： 1d・・・070D 0d・・・070D以外 | E11: CSF2G浜崎
A12: A0 | B12: 008 | C12: 45016 | D12: ①スポーツ車用の定数追加（制御仕様書追加のため） MET-P_GRTFOLP-A0-00-A-C1 MET-P_GRTFOLT-CSTD-A0-00-A-C1 MET-P_GRTEMP-A0-00-A-C1 MET-P_FRAMESGAGE-CSTD-A0-00-A-C1 | E12: CSF2G浜崎
A13: A0 | B13: 009 | C13: 45133 | D13: 19PFv3向けに新設 | E13: CSF2G浜崎
A14: A0 | B14: 010 | C14: 45197 | D14: ①シート「MCU定数一覧_概要説明」を追加 ②19PFver3向けに定数の追加と削除 | E14: CSF2G大石
A15: A0 | B15: 011 | C15: 45226 | D15: ①シート「MCU定数一覧_概要説明」ヘッダーの仕様書№を更新 ②定数新規追加(MCUID：647~660) ③記載レベルアップ ・MCUID00024「ブランド」：「定数適合方法欄」に追記 ・MCUID00024「ブランド」：「使用する制御仕様書名」に追記 | E15: 5DPV5G金成
... A17: A0 | B17: 013 | C17: 45287 | D17: ①「MCUCONST」 定数新規追加 １．MCUID0757~0796：”MET-M_SP-CSTD”仕様書修正に伴う定数追加 ２．MUCID0797：定数ソフト書込フラグを追加 ②「MCUCONST」 既存定数修正／削除 １．MCUID0040~0066：”MET-M_CONTBUZZ-CSTD”の一部定数を削除 ２．MCUID0187~0204：定数適合方法に文言追記 ３．MCUID0587：制御仕様書にて固定値化のため削除 ４．MCUID0615~0621：定数重複のため削除 ５．MCUID0241、MCUID0244、MCUID0245：定数のMAX値を変更 ・4294967.295 → 84.200 ６．MCUID0433~MCUID0450, MCUID0469~MCUID0486, MCUID0505~MCUID0517, MCUID0531~MCUID0543：定数のMAX値を変更 ・655.35 → 350.00 ７．MCUID0023：”定数選択肢の定義”に追加、定数のMAX値を変更 ・定数選択しの定義追加：4=8.8インチ ・定数のMAX値：4 ８．MCUID0258~0259：”MET-M_SP-CSTD”仕様書修正に伴い削除 ９．MCUID0256, MCUID0257, MCUID0260, MCUID0261：”MET-M_SP-CSTD”仕様書修正に伴い定数名変更 10．MUCID0001~0012：ソフト品番の【TMC車担用】欄の固定化 | E17: 5DPV5G 長島／金成
D18: ③「MCUCONST」 ロジックに関わらない誤記訂正 １．MCUID00430：定数名を変更（SW有無→SWタイプ） ２．MCUID0024：使用している制御仕様書Noに”MET-C_GMN-CSTD-A0”を追加 ３．MCUID0025：使用している制御仕様書Noの対象制御仕様書名を変更 ・誤）MET-M_GMN-CSTD-A0 → 正）MET-C_GMN-CSTD-A0 ４．MCUID0219：定数名を変更（G球体→Gボール） ④「MCUCONST」：フォーマット修正 １．定数ソフト列追加（B列） ２．VARI*の名称を削除、「自由記入欄」に変更 ⑤その他 １．「MCU定数一覧_概要説明」を再設置に伴う更新 ・シート名を”MCUCONST_運用ルール”に変更 ・項目及び内容を追加（使用している制御仕様書No～（定数記載欄）まで） ・項目「出荷時定数項目」に内容を一部追加
A19: A0 | B19: 014 | C19: 45322 | D19: ①「MCUCONST」 既存定数修正／削除 １．MCUID0562：出荷時定数を変更 ・10.0 → 2.0 ２．MCUID0469：Unit（単位）を変更 ・”-” → ”L” ②「MCUCONST」：フォーマット修正 １．ソフト変換ツールバージョン列追加（ACX列） | E19: 5DPV5G 長島／金成
A20: A0 | B20: 015 | C20: 45351 | D20: ①「MCUCONST」 定数新規追加 １．MCUID0798：バリエーション表の品番増に伴い一部のバリをMCUCONSTに定数として追加 ②「MCUCONST」 既存定数修正／削除 １．MCUID0216：19v3としてSLP_POS採用となる車両の予定が無いため非適用化、削除 ２．MCUID0237："Name（定数名）"を変更 ・”走行可能フラグの入力信号切替” → ”ｴﾝｼﾞﾝ回転数【NE1】、運転可能表示【RDYIND】” ３．MCUID0262、0263："定数適合方法"を変更 ・”空白” → パターン選択用の文言を新規追加 ③その他 １．”MCUCONST_変更履歴(車担用)”シートの追加 ２．”MCUCONST_運用ルール”シートのヘッダーの仕様書№を削除 | E20: 5DPV5G 長島／金成
A21: A0 | B21: 016 | C21: 45387 | D21: ①「MCUCONST」 既存定数修正／削除 １．MCUID0027~MCUID0208： 出荷時定数値、Ofs（オフセット）、Unit（単位）、Min、Max、定数適合方法を変更 ２．MCUID0139~MCUID0146、MCUID0155~MCUID0162、 MCUID0171~MCUID0178："Name（定数名）"を変更 ３．MCUID0035、MCUID0147~MCUID0154、MCUID0163~MCUID0170、 MCUID0179~MCUID0186：削除 | E21: 5DPV5G 長島／金成
A22: 0 | B22: 000 | C22: 45429 | D22: ①BEVStep3向けにブランチ バリエーション：A0 → 0 メジャー品番：016 → 000 シート「MCUCONST」：BEVStep3要否欄を追加 | E22: 5DPV2G 磯部／手塚
A23: 0 | B23: 001 | C23: 45457 | D23: ①「MCUCONST」SOCゲージ 充電口位置指示の値入力規則を修正 １．定数選択肢の定義(0=無,1=右,2=左)に対して、値入力規則のMaxが1だったため、2に修正 ２．非表示となっていた7行目を再表示 ３．メジャー品番：000 → 001 ②「改訂履歴」ファイル名の付け方を誤記訂正 | E23: 5DPV2G 杉山／手塚
A24: 0 | B24: 002 | C24: 45667 | D24: ①「MCUCONST」定数追加／修正／削除 １．MCUID0364～0385（昼輝度）、MCUID0408～0429（夜輝度）：RGB調光対応（目標輝度割合(%)→透明度へ変更） ２．MCUID0250～MCUID0255：Max、Minを変更 ３．MCUID0605：定数名を変更 ４．MCUID0256、MCUID0260：Maxを変更 MCUID0257、MCUID0261：Max、Minを変更 ５．MCUID0238：削除 ６．MCUID0652：削除 ７．MCUID0722：削除 ８．MCUID0011、MCUID0012：Minを変更 ９．MCUID0219、MCUID0221：Maxを変更 １０．MCUID0222、MCUID0223：削除 １１．MCUID0809、MCUID0810：新規追加 １２．MCUID0342~MCUID0363、MCUID0386~MCUID0407：定数適合方法を変更 １３．MCUID0592：”【TMC設計用】使用している制御仕様書No.”を変更 １４．MCUID0340：Maxを変更 １５．MCUID0001~MCUID0010、MCUID0013~MCUID0020：出荷時定数値を変更 １６．MCUID0029~MCUID0033,MCUID0067~MCUID0208,MCUID0745~MCUID0750,MCUID3002~MCUID3019：”Type(データ型)”、”LSB/Prec”を変更 １７．MCUID0235：”Max”を変更 １８．MCUID0262：”定数適合方法”を変更（スピードメータ最高車速図を更新） １９．MCUID0268：”定数選択肢の定義”、”出荷時定数値”、”Max”を変更 | E24: 5DPV6G 浜崎／手塚
D25: ２０．MCUID0757～MCUID0796：”Max”を変更 ２１．MCUCONSTを使用している制御仕様書の点検 ２２．MCUID0798：”使用している制御仕様書No.”を変更 ２３．MCUID0738：”使用している制御仕様書No.”を変更 ２４．MCUID0320：新規追加 ２５．MCUID0217～0221：”使用している制御仕様書No.”を変更 ２６．MCUID0720～0723, 0726, 0732, 0735：削除 ２７．MCUID0660：”使用している制御仕様書No.”を変更 ２８．MCUID0001～0021, MCUID0023, MCUID0430, MCUID0797：”使用している制御仕様書No.”を変更 ２９．MCUID0238：削除 ３０．MCUID0268：”使用している制御仕様書No.”を変更 ３１．MCUID0432, 0557, 0573：削除 ３２．MCUID3000,MCUID3001：削除 ３３．MCUID0023：”使用している制御仕様書No.”を変更 ３４．MCUID0592：”使用している制御仕様書No.”を変更 ３５．MCUID0590：”使用している制御仕様書No.”を変更 ３６．MCUID3002～MCUID0208(左記MCUIDに挟まれたIDすべて)：”使用している制御仕様書No.”を変更 ３７．MCUID0035～MCUID0039, MCUID0751～MCUID0753：削除 ３８．MCUID3021~3024：新規追加 ３９．MCUID0027, MCUID0744：削除 ４０．MCUID0028, MCUID0745：削除 ４１．MCUID0029, MCUID0746：定数名変更 ４２．MCUID0025：”定数選択肢の定義”およびMax値を修正
D26: ４３．MCUID0338, 0339：削除 ４４．OMUSVI判定列を追加 ②「改訂履歴」ファイル名のつけ方修正
A27: 0 | B27: 003 | C27: 45755 | D27: １．19v3追従対応 ①フォーマット変更 ・車担入力シートの名称変更 旧）MCUCONST ⇒ 新）MCUCONST(編集用 For Editing) ・MCUCONST(編集用 For Editing)シートを以下のように変更 ・従来仕様のMCUID横並びから縦並びに変更（列と行を入れ替え） ・アドレスID（A列）、入力順（B列）を追加 ・予約定数を追加（U1：570個、U2：570個、U4：60個） ・定数ソフト変換ツール用のシートとして”MCUCONST"シート新設 ・フォーマット変更に伴い、「MCUCONST_rules」シートを修正 ・バリ分け条件 Vari. split conditionsシートを新設 ・全シート：英語併記対応 ②「MCUCONST_rules」シート：”４．MCUCONSTAD 定数入力ルール【TMC車担用】”を変更 ③「MCUCONST(編集用 For Editing)」シート 定数追加/修正/削除 ・MCUID0013～MCUID0020：”適合定数方法”を変更 ・MCUID0915~MCUID0922：新規追加 ・MCUID0738：Typeを変更 ・MCUID211：定数適合方法を変更 ・MCUID0336,MCUID0337：定数適合方法にそれぞれ以下を追加 MCUID0336：（MCUID0337の1ステップ高い値を設定すること。） MCUID0337：（MCUID0336の1ステップ低い値を設定すること。） ・MCUID0269：削除 ２．MCUID3025：コンビネーションスイッチ位置 新規追加 ３．MCUID0340~0430：昼輝度、夜輝度テーブル 使用している制御仕様書名変更 ４．MCUID0798：自車意匠のターンシグナルランプ色 使用している制御仕様書名変更 ５．OMUSVIIDを全角から半角へ変更 ６．以下シートを削除 ・確認用)Fuel燃料特性(アナログ) ・確認用)Fuel燃料特性 (8セグ) ・参考)Fuel定数マニュアル ・参考)Fuel評価仕様 | E27: 5DPV6G 浜崎／手塚
A29: 0 | B29: 004 | C29: 45817 | D29: １．19v3追従対応 ①シート「MCUCONST」/Sheet "MCUCONST" 編集用シートの"A列:アドレスID","B列:入力順"を転記対象に含まないよう、数式を変更 ２．MCUID0430 出荷時定数値を"1"→"3"へ変更 ３．MCUID0592, MCUID0603：削除 MCUID1135~MCUID1138：新規追加 ４．MCUID0923~MCUID1082, MCUID1093~1112：定数新規追加 ５．MCUID0217, MCUID0218：削除 | E29: 5DPV6G 浜崎／手塚
A30: 0 | B30: 005 | C30: 45855 | D30: １．19v3追従対応 ①MCUCONST(編集用 For Editing)シート ・MCUID0336,MCUID0337：定数名欄、定数適合方法欄を修正 ・MCUID0262：定数適合方法欄を修正 ・セルM24~AP24、M25~AP25の数式をSWITCH文へ修正 ②MCUCONST_rulesシート ・フォーマット変更、法規適合欄追加に伴い、説明の指定列を修正 ２．MCUID0576~MCUID0586：新規追加 ３．MET-GRIS管理No.欄を追加 | E30: 5DPV6G 浜崎／手塚
A31: 0 | B31: 006 | C31: 45876 | D31: MCUCONST(編集用 For Editing)シート １．MCUID0023：新規追加 | E31: 5DPV6G 浜崎／手塚
A32: 0 | B32: 007 | C32: 45947 | D32: １．19v3追従 ①「MCUCONST_rules」シート ・"２．定数ソフト生成プロセスの概要"を変更 ・”４．MCUCONST 定数入力ルール【TMC車担用】 / 4. MCUCONST constants entry rules [for TMC Shatan]”の章タイトル修正 ・”5．MCUCONST 定数更新ルール【TMC標準用】 / 5. MCUCONST constants update rules [for TMC standards design]”の章タイトルを修正 ②「MCUCONST(編集用 For Editing)」シート ・MCUID0029-0033,0035-0039,0067-0146,0155-0162,0171-0178,0187-0208,0746-0753,0799-0808,0847-0913,0915-0922,1125-1132：出荷時定数値、定数適合方法を修正 ・MCUID0031,0748,0896,0897,1131,1132：定数名を修正 ・MCUID0923-0932：定数適合方法を修正 ③「Ref) Sound Pressure Limit」シート：新規追加 ２．MCUID0025：使用している制御仕様書No.追記 | E32: 5DPV6G 浜崎／手塚
B33: ファイル名の付け方：
B34: MET-M_MCUCONST（MCU個別部の定数）-CSTD_0_007（標準仕様品番）_310D_01 （個車仕様品番）
B38: 編集タイミング：
B39: 標準仕様品番： | C39: データ定義の変更、定数の追加、定数仕様書の順番変更 【※注意】定数の順番やデータ定義は、全てDNのMCUソフトに紐づいているため、DN側との許可なしに変更不可
B40: 個車仕様品番： | C40: 定数値の変更 【※注意】prjが変わると、原則リセットすること

Sheet Revision his. for Shatan
A1: MCUCONST変更履歴 / MCUCONST revision history
C2: <記載ルール/Entry rules:>
C3: ①記載を修正・削除する場合は、二重線(取り消し線)表記はしない。上書き更新とする。 (1) When revising or deleting an entry, do not use double lines to indicate a deletion. Update entries by overwriting them.
C4: ②制御仕様書ファイル名は、下記に入力する車両コード、Ver（A～W）に合わせること。 (2) The file names of control specifications must adopt the vehicle code and version (A to W) as described below.
C5: ※ファイル名の命名規則は「MET-SPCRULE-XSTD-*」に準ずる。 * Refer to MET-SPCRULE-XSTD-* for the naming rules of file names.
C7: 車両名 / Vehicle name （XXXX） | D7: Ver. （-X） | E7: 改訂日 Date of revision | F7: 変更内容 Details of changes | G7: 作成 Created | H7: 調査 Checked | I7: 承認 Approved
B8: 例 E.g. | C8: 310D | D8: -A | E8: 2024/2/29 2024/Feb/29 | F8: 変更対象：MCUID0660 対象セル：ZV10 変更内容：”1”→”0” 変更理由：X-MODE適用→非適用対応による変更 Subject of change: MCUID0660 Applicable cells: ZV10 Details of change: “1” changed to “0”. Reasons for change: Changed in response to X-mode changing from applicable to not applicable. | G8: 5PD5G*** | H8: 5PD5G*** | I8: 5PD5G***
C21: 以降は行挿入で追加ください After this row is filled, enter revisions by adding new rows.
C22: ↑ここへ挿入 Insert here ↑.

Sheet MCUCONST_rules
B1: メーターECU 制御標準仕様書 / Meter ECU standard control specifications | Q1: MCU定数一覧 / List of MCU Constants
A3: １．概要 / 1. Outline
B4: 本書では定数仕様について規定する。 仕入先様は下記２点を行う。 ①本仕様書の定数情報及びその定数を使用する制御仕様書に基づき車両跨ぎの共通ソフトを実装する。 ②定数領域(Logical Block2)における、アドレス値を指定しメータ標準仕様設計部署に提出する。 TMCメータ車担は、アドレス値が入力された本仕様書に対し定数設定を行い、そのファイルを基にソフト部品を生成する。 尚、車担が行うソフト部品生成のやり方については、別途メータ標準仕様設計から示す。 | AM4: This document describes constants specifications. Suppliers are expected to carry out the following two items. (1) Implement the common vehicle software based on the control specifications that use the constants information and constants described in this document. (2) Specify the address values in the constants domain (Logical Block 2) and submit them to the department in charge of designing the standard meter specifications. The project meter engineer at Toyota Motor Corporation (TMC) will set the constants in accordance with this document using the entered address values and generate the software part based on that file. Note that the software generation method carried out by the engineer in charge of the model (“Shatan”) will be instructed by a separate standard meter specifications design department.
A6: ２．定数ソフト生成プロセスの概要 / 2. Outline of constants software generation process
C8: TMCメータ標準設計 / TMC meter standards design dept.
C12: TMCメータ車担 / TMC project meter engineer (MET Shatan)
C17: 仕入先様 / Supplier
A21: ３．"MCUCONST(編集用 For Editing)"シートの説明 / 3. Description of "MCUCONST(編集用 For Editing)" sheet
B22: 【TMC設計用】【TMC車担用】の項目は、設計時の参考記載。仕入先様は制御／評価に使用しないこと。 / Fields marked [For TMC design dept.] and [For TMC Shatan] show reference information for the design process. This information must not be used for control or evaluation.
B24: 項目 / Item | N24: 説明 / Description
B25: アドレスID＊1 / Address ID*1 | N25: 予約分含めた全定数に対し、仕入先様の実装アドレスと1対1に対応するID。 ID that corresponds one-to-one with the supplier's implementation address for all constants, including reserved ones.
B26: 入力順＊1 / Input Order*1 | N26: TMC車担が入力しやすいように定数を並び替えるための連番。発行の度にTMC標準側で付与し直す。 A sequential number used to rearrange constants for easier input by TMC Shatan. Reassigned on the by TMC standards design with each issuance.
B27: ユニークID＊1 / Unique ID*1 | N27: 定数に付与されるID。/ ID assigned to constant.
B28: Name(定数名)＊1 / Name (of constant)*1 | N28: 定数固有の名称。 / Unique name given to the constant.
B29: 【TMC設計用】 代表的な制御仕様書名＊1 [For TMC design dept.] Typical control specifications name*1 | N29: 可読性を上げるための参考記載。 Reference information to enhance readability.
B30: 【TMC設計用】 使用している制御仕様書No.＊1 [For TMC design dept.] Typical control specifications name*1 | N30: TMC設計が、定数変更時に影響する制御仕様書を洗い出す使用するための参考記載。 仕入先様は制御／評価に使用しないこと。 Reference information used to identify the control specifications affected if the TMC design department changes the constant. This information must not be used for control or evaluation.
B31: 【TMC設計用】 定数の適用条件＊1 [For TMC design dept.] Constant applicability*1 | N31: TMC車担が、記載必要な項目を見分けるための車両適用条件の参考記載。 Reference information showing vehicle applicability so that the TMC Shatan can identify the items requiring entry.
B32: 【TMC設計用】 定数設定値のバリ分け条件＊1 [For TMC design dept.] Variation separation conditions for constant settings*1 | N32: TMC車担が、定数ソフト品番数を見積もるためのバリ分けの条件の参考記載。 Reference information showing the conditions for separating the variations so that the number of constants software part numbers can be estimated.
B33: 定数選択肢の定義＊1 / Definition of constants options*1 | N33: 値に対して定数として意味する内容を記載。 例)Fuelゲージ フューエルセンダサブ有無 0=なし、1=あり ←個車定数として0、1を選択 Enter the details describing the meaning of the constant values. E.g.) Fuel gauge: fuel sender sub presence 0 = Not present, 1 = Present ← Select 0 or 1 as a constant for individual vehicles.
B34: 【TMC車担用】 判定式の説明 [For TMC Shatan] Description of determination expression | N34: TMC車担が、判定式の根拠を記載しておくための項目。 Item for TMC Shatan to enter the basis for the formula used to make a judgment.
B35: 【TMC車担用】 1つめの品番の判定式 [For TMC Shatan] Determination expression for the first part number. | N35: TMC車担が、仕様レビューに便利に使用するための計算式表示行。 (参考)固定値の場合、"=1"と記載しなければ表示されない。 Row used to indicate the calculation formula that makes it more convenient for TMC Shatan to review the specifications. Reference: When the expression is a fixed value, no description is shown in this row unless “= 1” is entered.
B36: (定数記載欄) / (Fields for entering constants) | N36: メータ車担が設定する定数値。 e組付け時にメータソフトの「出荷時定数」をこの値に上書きする。 Constants set by the project meter engineer. For e-assembly, the meter software shipment constants are written over these values.
N37: データ処理に関する入力値の記載ルール。 ・10進数で記入すること。(除、ASCII10進数等の指定がある場合) ・LSBの整数倍とすること。 理由：整数倍でない場合、ソフト生成ツールでエラーが発生する。 ・オフセットを含めない値とすること。 理由：オフセットは定数ソフト変換ツールで計算処理される。 e.g. オフセット2000に対して2024を示す場合も、 オフセット0に対して2024を示す場合も、入力値は2024とする。 ・Minより大きい値を記述すること。 ・Maxより小さい値を記述すること。 Entry rules for input values related to data processing: - Must be entered as a decimal value (unless entry as an ASCII decimal value or the like is specified). - Least significant bits (LSB) must be whole-number multiples. Reasons: An error will be generated by the software generation tool unless a whole-number multiple is used. - Values must not include offsets. Reasons: Offsets are calculated and processed by the constants software conversion tool. E.g., the input value will be regarded as 2,024 regardless of whether 2,024 was entered incorporating an offset value of 2,000 or 0. - Entered values must be greater than the minimum value. - Entered values must be smaller than the maximum value.
B38: 出荷時定数＊1 / Shipment constants*1 | N38: サプライヤから出荷する際にソフトに書き込まれている定数。TMC標準メータ設計が指定する。 出荷時定数は、e組付けの際に個車定数に上書きされる。 設定値のルールは前述の定数記載欄に同じ。 Constants written into the software when shipped from the supplier. Specified by the TMC standard meter design dept. The shipment constants are written over the individual vehicle constants when e-assembly occurs. The rules for the settings values are the same as for the constants entry fields described above.
B39: Type(データ型)＊1 / Type (data type)*1 | N39: その定数の選択肢数/範囲を決めるデータ型、S1、S2、S4、U1、U2、U4のいずれかが設定される。 ※フラグはU1型とする。 The data type (S1, S2, S4, U1, U2, or U4) that determines the number of options or range of the constants is entered. * Flags must be type U1.
N40: <参考> / Reference:
B41: LSB＊1 | N41: 入力値の最小単位を示す。入力値はLSBの整数倍とせねばならない。 The minimum unit of the input value. Input values must be whole-number multiples of the LSB.
B42: ofs(オフセット)＊1 / ofs (offset)*1 | N42: ソフト容量を最適化するために、データ型の基準を0から変更する場合に使用する値。 e.g. ofs無しの場合、2000~2099の値を設定するためにはu2型もしくはs2型(2byte)が必要。 ofsを2000とすれば、基準が2000となりu1(1byte)となり、LB2の使用領域を1byte節約できる。 ofsについて車担は考慮不要。理由：オフセットの処理機能は定数ソフト変換ツールに織り込まれているため。 Value used when the basis of the data type is changed from 0 to optimize the software capacity. E.g., if no “ofs” is set, data types u2 or s2 must be adopted to set a value between 2,000 and 2,099. However, if an “ofs” of 2,000 is set, that offset of 2,000 becomes the basis of the data type, meaning that u1 (1-byte) can be adopted and the applicable range of LB2 can be minimized to 1-byte. Shatan does not have to factor in “ofs” values. Reasons: This is because the offset processing function is incorporated into the constants software conversion tool.
B43: unit(単位)＊1 / Unit*1 | N43: 対象定数の単位。/ Unit of the applicable constant.
B44: Min＊1 | N44: 定数設定が可能な最小値。 車担定数設定時は、この値以上を設定すること。 Lowest value constant that may be set. When Shatan sets a constant, its value must be this value or higher.
B45: Max＊1 | N45: 定数設定が可能な最大値。 車担定数設定時は、この値以下を設定をすること Highest value constant that may be set. When Shatan sets a constant, its value must be this value or lower.
B46: 【TMC車担用】定数適合方法 [For TMC Shatan] Constants calibration method | N46: 個車定数を決める際の参考情報。 Reference information used when the individual vehicle constants are determined.
B47: 【仕入先様記入欄】 アドレス値＊1 [Supplier entry fields] Address values*1 | N47: 仕入先様が記載する、定数ソフト領域におけるデータの格納先アドレス。 These fields are entered by the supplier and are the data storage addresses in the constants software domain.
AP48: *1：標準部署が設定している項目のため、車担は変更しないこと。Items defined by the dept. in charge of standards and must not be changed by Shatan.
A50: ４．MCUCONST 定数入力ルール【TMC車担用】 / 4. MCUCONST constants entry rules [for TMC Shatan]
B51: ・"バリ分け条件 Vari. split conditions"シートと"MCUCONST(編集用 For Editing)"シートで編集すること。 "MCUCONST"シートはツール読込みのための変換シートのため、編集しないこと。 ・PJTとして新規に定数を作成するときは、入力順を昇順に並び替え、入力実施すること（定数の並び順などが整理され、入力ミスが減らせるため）。 ・定数を過去のRで作成しており、その内容を引き継いで以降のRで差分箇所を編集する場合 （例：CVでR5定数仕様で定数作成しており、その内容を引き継いで1AでR6定数を作成する場合） 1.旧定数・新定数共にアドレスIDの昇順に並び替え実施 2.旧定数の定数入力部（L39~AO1997）を範囲選択しコピー、新定数側の同じ部分に貼り付け 3."バリ分け条件 Vari. split conditions"シートを記載。 4."ユニークID=空白以外"かつ"車担定数入力部（L列）=空白"でフィルタし、該当部分の定数を検討 （新規定数やソフト影響のある変更が入った定数がソート結果で出てきます。） ※その他ソフトバリ増加や車両側変更のあった内容は、編集ください。 ・バリ分けに使用する「バリ分け条件 Vari. split conditions」シートは手入力禁止。（AISAC部品表のエクスポートをコピーペーストで入力する） ・ひとつの項目(列)に対する各ソフト品番(行)の値入力は、 「車両大分類コードの値を切分条件としたSWICH文」 もしくは「すべて同じ固定値を"=固定値"」 とし、 ソフト品番(行)毎の異なる値の設定や手入力は行わないこと。 (参考) SWITCH文を使用する理由は、切分パターンの定義モレを気付きやすいようにするため ・定数設計後のチェックはチーフが次の2点を確認すること。 - L列に出力されている1品番目の判定式(M列の式)が全定数に対し、正しいか。 - 1品番目以外のソフトバリ(N～AP列)には1品番目(M列)と同じ式が設定されているか。 ※数式処理をRC形式とすれば、その列の1品番目(M列)と異なる式が入力されている行をオレンジにハイライトする条件付き書式設定あり。 但し、この条件付き書式は「"="を付けない手入力の値」のチェックはできないため注意。 | AQ51: - Edit in the "バリ分け条件 Vari. split conditions" sheet and "MCUCONST (編集用 For Editing)" sheet. The "MCUCONST" sheet is a conversion sheet for tool loading, so do not edit it. - When creating new constants as a project, rearrange the Input Order in ascending order and then proceed with the input (this helps organize the order of constants and reduces input errors). - If constants were created in a previous release and you want to carry over that information to edit the differences in a subsequent release (for example, if constants were created in R5 specifications in CV and you want to create R6 constants in 1A), follow these steps: 1. Sort both old and new MCUCONST in ascending order by address ID. 2. Select and copy the constant input section of the old constants (from L39 to AO1997) and paste it into the same section of the new constants. 3. Fill in the "バリ分け条件 Vari. split conditions" sheet. 4. Filter by "Unique ID = not blank" and "Vehicle Handling Constant Input Section (Column L) = blank" to review the relevant constants. (New constants or constants with changes that affect the software will appear in the sorted results.) *Please make necessary edits for any additional software variant increases or changes on the vehicle side. - The "バリ分け条件 Vari. split conditions" sheet that is used for separating variations must not be entered manually. (Enter by copying and pasting exports from the AISAC parts list.) - Values entered for each software part number (row) with respect to single items (columns) must have the SWITCH statement with the main vehicle category code value as the condition or all the same fixed values must be set to “= fixed value”. Different settings values or manual input are not permitted for each software part number (row). (reference)The reason for using the SWITCH statement is to make it easier to identify any missing definitions in the segmentation patterns. - The person in charge of checks after constants design must confirm the following two points. - Whether the judgment formula for the first part number outputted in column L (the formula in column M) is correct for all constants. - Whether the same formula as for the first part number (column M) is adopted in the software variations (columns N to AP) other than the first part number. * If the “Working with formulas” setting is set to the RC format, rows entered using a different formula than the first part number in that column (row 9) will be highlighted in orange by a conditional expression. However, care should be taken since that conditional expression cannot check whether the value has been entered manually without using “=”.
E53: (参考)RC形式にするにはExcelオプションの下記チェックを入れる。 / Reference: To adopt the RC format, select the following Excel option.
A71: 5．MCUCONST 定数更新ルール【TMC標準用】 / 5. MCUCONST constants update rules [for TMC standards design]
B72: ※更新時にフォーマットに記載されているアドレスID、Type(データ型)は絶対に変更しないこと ※以下変更を全て反映した後、入力順を昇順に並び替え、上から連番を付与し直すこと。 （ただし"xB-Reservation"と"EXx"には変えないように、範囲は手で行うこと） A.新規の定数を追加する場合 １．アドレスIDで昇順に並べ替え ２．Type(データ型)を決める e.g. U2 ３．決めた型とType(データ型)の予約定数（入力順が"xB-Reservation"のもの）の内一番上の行のものを、今回の追加行とする ４．追加行に標準担当で入力する各列の項目を埋める（MCUIDは既存IDの最大値+1を取得し埋める） ５．既存定数やその仕様書とのつながりを考え、入力しやすい定数の位置（入力順で昇順に並び替えた際の定数の位置）を検討し、 それに合わせて入力順の値を"Reservation"→任意の数値に変更する。 （一旦は少数を使って入れておく※例７５と76の間に入れたい定数の場合は75.1など） B.既存定数を廃止する場合 １．廃止行の入力番号／MCUIDを「廃止」に変更 C.既存定数を変更する場合 C-1. ソフトに影響する項目を変更する場合 対象項目："定数選択肢の定義","Type(データ型)","LSB/Prec","Ofs(オフセット)","Unit","Min.","Max." １．アドレスIDで昇順に並べ替え ２．変更後のType(データ型)の予約定数（入力順が"xB-Reservation"のもの）の内一番上の行のものを、今回の変更後の行とする ３．変更前の行の入力順(B列)～定数適合方法(AX列)をコピー、追加行にペースト（MCUIDも変更しない） ただし、定数のType(データ型)を変更する場合はそれ以外の項目のみコピペすること ４．変更前の行の入力順(B列)とユニークID(C列)を「廃止」に変更 ５．変更後の行に今回の変更内容を反映 C-2. ソフトに影響しない項目を変更する場合 対象項目：C-1の対象項目以外 １．対象の行に対し、変更箇所を上書きで反映する | AQ72: *Do not change the Address ID and Type (data type) specified in the format during updates. *After reflecting all the changes below, sort the input order in ascending order and reassign sequential numbers from the top. (However, do not change "xB-Reservation" and "EXx"; make sure to do this manually.) A. When add new constant 1. Sort by address ID in ascending order. 2. Determine the Type (data type), e.g., U2. 3. Use the top row of the reserved constant with the determined type and Type (data type) where the input order is "xB-Reservation" as the new addition. 4. Fill in the items for each column in the new row, entering the MCUID as the maximum existing ID + 1. 5. Consider the connection with existing constants and their specifications, and think about the position of the constants for easy input (the position of constants when sorted in ascending order). Change the input order value from "Reservation" to an arbitrary number that reflects this position. (For now, use decimals to place it; for example, if you want to insert a constant between 75 and 76, you could use 75.1.) B. When disard existing constant 1. Change the Input Order/Unique ID of the discarded row to "Discontinued". C. When change existing constant C-1. If change items that affect the software Target items: "Definition of constants options", "Type (data type)", "LSB/Prec", "Ofs (offset)", "Unit", "Min." and "Max." 1. Sort by Address ID in ascending order. 2. Use the top row of the reserved constant with the changed Type (data type) where the input order is "xB-Reservation" as the new row after the change. 3. Copy the input order (Column B) to the constant adaptation method (Column AW) from the row before the change and paste it into the new row (do not change the MCUID). However, if changing the Type (data type) of the constant, only copy and paste the other items. 4. Change the input order (Column B) and unique ID (Column C) of the row before the change to "Discontinued." 5. Reflect the change details in the new row. C-2. If change items that do not affect the software Target items: Any items other than those in C-1. 1. Overwrite the changes in the target row.

Sheet バリ分け条件 Vari. split conditions
B3: ソフト品番 分類条件
B4: ソフト品番 分類細目

Sheet MCUCONST(編集用 For Editing)
A1: アドレスID (変更禁止) Address ID (Change prohibited) | B1: 入力順 (変更禁止) Input Order (Change prohibited) | C1: ユニークID (変更禁止) Unique ID (Change prohibited) | D1: Name (定数名/Constant name) | E1: 【TMC設計用】 MET-GRIS管理No. [For TMC design dept.] MET-GRIS management No. | F1: 【TMC設計用】 代表的な制御仕様書名 [For TMC design dept.] Typical control specifications name | G1: 【TMC設計用】 使用している制御仕様書No. [For TMC design dept.] Applicable control Spec. No. | H1: OMUSVIを用いた動的切替有無 （※読み替え方法は、MET-M_OMUSVIVARI-*を参照すること） Dynamic switching with/without OMUSVI (*Refer to MET-M_OMUSVIVARI-* for the reading method) | I1: 【TMC設計用】 定数の適用条件 [For TMC design dept.] Constant applicability | J1: 定数選択肢の定義 Definition of constants options | K1: 【TMC車担用】 判定式の説明 [For TMC Shatan] Description of determination expression | L1: 【TMC車担用】 1つめの品番の判定式 [For TMC Shatan] Determination expression for the first part number. | AQ1: 出荷時定数値 | AR1: Type (データ型) (data type) | AS1: LSB/Prec | AT1: Ofs (オフセット) | AU1: Unit (単位) | AV1: Min | AW1: Max | AX1: 【TMC車担用】 定数適合方法 [For TMC engineer in charge] Constants calibration method | AY1: 【仕入先様記入欄】 アドレス値 [Supplier's entry field] Address value | AZ1: DENSO Address (Change prohibited) | BA1: XXX Address (Change prohibited) (Reserved) | BB1: YYY Address (Change prohibited) (Reserved) | BC1: DENSO 出荷時定数値 DENSO shipment target value (Change prohibited) | BD1: XXX 出荷時定数値 XXX shipment target value (Change prohibited) (Reserved) | BE1: YYY 出荷時定数値 YYY shipment target value (Change prohibited) (Reserved)
A2: A01 | B2: 0.01 | E2: - | L2: 定数ソフト品番 【注意】品番10桁を"-"無しで入力すること この行に記載された列のみソフトを出力します Constants software part number Note: Enter the 10-digit part number without using hyphens “-”. Only the columns entered for these rows will be outputted to the software.
A3: A02 | B3: 0.02 | D3: 仕入先選択※必ず選択すること Select Supplier *Please make sure to select one. | E3: - | L3: 仕向車型 Destination vehicle code | M3: A | N3: A | O3: A | P3: A | Q3: W | R3: W | S3: W | T3: W | U3: W | V3: W | W3: W | X3: W | Y3: C | Z3: C
A4: A03 | B4: 0.03 | D4: DENSO | E4: - | L4: ハンドル Steering wheel | M4: L | N4: L | O4: L | P4: L | Q4: L | R4: L | S4: L | T4: L | U4: R | V4: R | W4: R | X4: R | Y4: L | Z4: L
A5: A04 | B5: 0.04 | E5: - | L5: パワトレ Powertrain | M5: CONV | N5: HEV | O5: CONV | P5: HEV | Q5: CONV | R5: HEV | S5: CONV | T5: HEV | U5: CONV | V5: HEV | W5: CONV | X5: HEV | Y5: HEV | Z5: HEV
A6: A05 | B6: 0.05 | E6: - | L6: ボデー形状 Body shape | M6: SDN | N6: CUPE | O6: 4ドア | P6: 5ドア | Q6: 3ドア | R6: SDN | S6: CUPE | T6: 4ドア | U6: 5ドア | V6: 3ドア | W6: SDN | X6: CUPE | Y6: 4ドア | Z6: 5ドア
A7: A06 | B7: 0.06 | E7: - | L7: メータグレード Meter grade | M7: N | N7: N | O7: F | P7: F | Q7: N | R7: N | S7: F | T7: F | U7: N | V7: N | W7: F | X7: F | Y7: N | Z7: F
A8: A07 | B8: 0.07 | E8: - | L8: {=IF(INDEX('バリ分け条件 Vari. split conditions'!$C$3:'バリ分け条件 Vari. split conditions'!$R$33, COLUMNS('バリ分け条件 Vari. split conditions'!$C$3:'バリ分け条件 Vari. split conditions'!C3), ROWS('バリ分け条件 Vari. split conditions'!$C$3:'バリ分け条件 Vari. split conditions'!C3))="", "", INDEX('バリ分け条件 Vari. split conditions'!$C$3:'バリ分け条件 Vari. split conditions'!$R$33, COLUMNS('バリ分け条件 Vari. split conditions'!$C$3:'バリ分け条件 Vari. split conditions'!C3), ROWS('バリ分け条件 Vari. split conditions'!$C$3:'バリ分け条件 Vari. split conditions'!C3)))} | M8: {=IF(INDEX('バリ分け条件 Vari. split conditions'!$C$3:'バリ分け条件 Vari. split conditions'!$R$33, COLUMNS('バリ分け条件 Vari. split conditions'!$C$3:'バリ分け条件 Vari. split conditions'!D3), ROWS('バリ分け条件 Vari. split conditions'!$C$3:'バリ分け条件 Vari. split conditions'!D3))="", "", INDEX('バリ分け条件 Vari. split conditions'!$C$3:'バリ分け条件 Vari. split conditions'!$R$33, COLUMNS('バリ分け条件 Vari. split conditions'!$C$3:'バリ分け条件 Vari. split conditions'!D3), ROWS('バリ分け条件 Vari. split conditions'!$C$3:'バリ分け条件 Vari. split conditions'!D3)))} | N8: {=IF(INDEX('バリ分け条件 Vari. split conditions'!$C$3:'バリ分け条件 Vari. split conditions'!$R$33, COLUMNS('バリ分け条件 Vari. split conditions'!$C$3:'バリ分け条件 Vari. split conditions'!E3), ROWS('バリ分け条件 Vari. split conditions'!$C$3:'バリ分け条件 Vari. split conditions'!E3))="", "", INDEX('バリ分け条件 Vari. split conditions'!$C$3:'バリ分け条件 Vari. split conditions'!$R$33, COLUMNS('バリ分け条件 Vari. split conditions'!$C$3:'バリ分け条件 Vari. split conditions'!E3), ROWS('バリ分け条件 Vari. split conditions'!$C$3:'バリ分け条件 Vari. split conditions'!E3)))} | O8: {=IF(INDEX('バリ分け条件 Vari. split conditions'!$C$3:'バリ分け条件 Vari. split conditions'!$R$33, COLUMNS('バリ分け条件 Vari. split conditions'!$C$3:'バリ分け条件 Vari. split conditions'!F3), ROWS('バリ分け条件 Vari. split conditions'!$C$3:'バリ分け条件 Vari. split conditions'!F3))="", "", INDEX('バリ分け条件 Vari. split conditions'!$C$3:'バリ分け条件 Vari. split conditions'!$R$33, COLUMNS('バリ分け条件 Vari. split conditions'!$C$3:'バリ分け条件 Vari. split conditions'!F3), ROWS('バリ分け条件 Vari. split conditions'!$C$3:'バリ分け条件 Vari. split conditions'!F3)))} | P8: {=IF(INDEX('バリ分け条件 Vari. split conditions'!$C$3:'バリ分け条件 Vari. split conditions'!$R$33, COLUMNS('バリ分け条件 Vari. split conditions'!$C$3:'バリ分け条件 Vari. split conditions'!G3), ROWS('バリ分け条件 Vari. split conditions'!$C$3:'バリ分け条件 Vari. split conditions'!G3))="", "", INDEX('バリ分け条件 Vari. split conditions'!$C$3:'バリ分け条件 Vari. split conditions'!$R$33, COLUMNS('バリ分け条件 Vari. split conditions'!$C$3:'バリ分け条件 Vari. split conditions'!G3), ROWS('バリ分け条件 Vari. split conditions'!$C$3:'バリ分け条件 Vari. split conditions'!G3)))} | Q8: {=IF(INDEX('バリ分け条件 Vari. split conditions'!$C$3:'バリ分け条件 Vari. split conditions'!$R$33, COLUMNS('バリ分け条件 Vari. split conditions'!$C$3:'バリ分け条件 Vari. split conditions'!H3), ROWS('バリ分け条件 Vari. split conditions'!$C$3:'バリ分け条件 Vari. split conditions'!H3))="", "", INDEX('バリ分け条件 Vari. split conditions'!$C$3:'バリ分け条件 Vari. split conditions'!$R$33, COLUMNS('バリ分け条件 Vari. split conditions'!$C$3:'バリ分け条件 Vari. split conditions'!H3), ROWS('バリ分け条件 Vari. split conditions'!$C$3:'バリ分け条件 Vari. split conditions'!H3)))} | R8: {=IF(INDEX('バリ分け条件 Vari. split conditions'!$C$3:'バリ分け条件 Vari. split conditions'!$R$33, COLUMNS('バリ分け条件 Vari. split conditions'!$C$3:'バリ分け条件 Vari. split conditions'!I3), ROWS('バリ分け条件 Vari. split conditions'!$C$3:'バリ分け条件 Vari. split conditions'!I3))="", "", INDEX('バリ分け条件 Vari. split conditions'!$C$3:'バリ分け条件 Vari. split conditions'!$R$33, COLUMNS('バリ分け条件 Vari. split conditions'!$C$3:'バリ分け条件 Vari. split conditions'!I3), ROWS('バリ分け条件 Vari. split conditions'!$C$3:'バリ分け条件 Vari. split conditions'!I3)))} | S8: {=IF(INDEX('バリ分け条件 Vari. split conditions'!$C$3:'バリ分け条件 Vari. split conditions'!$R$33, COLUMNS('バリ分け条件 Vari. split conditions'!$C$3:'バリ分け条件 Vari. split conditions'!J3), ROWS('バリ分け条件 Vari. split conditions'!$C$3:'バリ分け条件 Vari. split conditions'!J3))="", "", INDEX('バリ分け条件 Vari. split conditions'!$C$3:'バリ分け条件 Vari. split conditions'!$R$33, COLUMNS('バリ分け条件 Vari. split conditions'!$C$3:'バリ分け条件 Vari. split conditions'!J3), ROWS('バリ分け条件 Vari. split conditions'!$C$3:'バリ分け条件 Vari. split conditions'!J3)))} | ... AP8: {=IF(INDEX('バリ分け条件 Vari. split conditions'!$C$3:'バリ分け条件 Vari. split conditions'!$R$33, COLUMNS('バリ分け条件 Vari. split conditions'!$C$3:'バリ分け条件 Vari. split conditions'!AG3), ROWS('バリ分け条件 Vari. split conditions'!$C$3:'バリ分け条件 Vari. split conditions'!AG3))="", "", INDEX('バリ分け条件 Vari. split conditions'!$C$3:'バリ分け条件 Vari. split conditions'!$R$33, COLUMNS('バリ分け条件 Vari. split conditions'!$C$3:'バリ分け条件 Vari. split conditions'!AG3), ROWS('バリ分け条件 Vari. split conditions'!$C$3:'バリ分け条件 Vari. split conditions'!AG3)))}
A9: A08 | B9: 0.08 | E9: - | L9: {=IF(INDEX('バリ分け条件 Vari. split conditions'!$C$3:'バリ分け条件 Vari. split conditions'!$R$33, COLUMNS('バリ分け条件 Vari. split conditions'!$C$3:'バリ分け条件 Vari. split conditions'!C4), ROWS('バリ分け条件 Vari. split conditions'!$C$3:'バリ分け条件 Vari. split conditions'!C4))="", "", INDEX('バリ分け条件 Vari. split conditions'!$C$3:'バリ分け条件 Vari. split conditions'!$R$33, COLUMNS('バリ分け条件 Vari. split conditions'!$C$3:'バリ分け条件 Vari. split conditions'!C4), ROWS('バリ分け条件 Vari. split conditions'!$C$3:'バリ分け条件 Vari. split conditions'!C4)))} | M9: {=IF(INDEX('バリ分け条件 Vari. split conditions'!$C$3:'バリ分け条件 Vari. split conditions'!$R$33, COLUMNS('バリ分け条件 Vari. split conditions'!$C$3:'バリ分け条件 Vari. split conditions'!D4), ROWS('バリ分け条件 Vari. split conditions'!$C$3:'バリ分け条件 Vari. split conditions'!D4))="", "", INDEX('バリ分け条件 Vari. split conditions'!$C$3:'バリ分け条件 Vari. split conditions'!$R$33, COLUMNS('バリ分け条件 Vari. split conditions'!$C$3:'バリ分け条件 Vari. split conditions'!D4), ROWS('バリ分け条件 Vari. split conditions'!$C$3:'バリ分け条件 Vari. split conditions'!D4)))} | N9: {=IF(INDEX('バリ分け条件 Vari. split conditions'!$C$3:'バリ分け条件 Vari. split conditions'!$R$33, COLUMNS('バリ分け条件 Vari. split conditions'!$C$3:'バリ分け条件 Vari. split conditions'!E4), ROWS('バリ分け条件 Vari. split conditions'!$C$3:'バリ分け条件 Vari. split conditions'!E4))="", "", INDEX('バリ分け条件 Vari. split conditions'!$C$3:'バリ分け条件 Vari. split conditions'!$R$33, COLUMNS('バリ分け条件 Vari. split conditions'!$C$3:'バリ分け条件 Vari. split conditions'!E4), ROWS('バリ分け条件 Vari. split conditions'!$C$3:'バリ分け条件 Vari. split conditions'!E4)))} | O9: {=IF(INDEX('バリ分け条件 Vari. split conditions'!$C$3:'バリ分け条件 Vari. split conditions'!$R$33, COLUMNS('バリ分け条件 Vari. split conditions'!$C$3:'バリ分け条件 Vari. split conditions'!F4), ROWS('バリ分け条件 Vari. split conditions'!$C$3:'バリ分け条件 Vari. split conditions'!F4))="", "", INDEX('バリ分け条件 Vari. split conditions'!$C$3:'バリ分け条件 Vari. split conditions'!$R$33, COLUMNS('バリ分け条件 Vari. split conditions'!$C$3:'バリ分け条件 Vari. split conditions'!F4), ROWS('バリ分け条件 Vari. split conditions'!$C$3:'バリ分け条件 Vari. split conditions'!F4)))} | P9: {=IF(INDEX('バリ分け条件 Vari. split conditions'!$C$3:'バリ分け条件 Vari. split conditions'!$R$33, COLUMNS('バリ分け条件 Vari. split conditions'!$C$3:'バリ分け条件 Vari. split conditions'!G4), ROWS('バリ分け条件 Vari. split conditions'!$C$3:'バリ分け条件 Vari. split conditions'!G4))="", "", INDEX('バリ分け条件 Vari. split conditions'!$C$3:'バリ分け条件 Vari. split conditions'!$R$33, COLUMNS('バリ分け条件 Vari. split conditions'!$C$3:'バリ分け条件 Vari. split conditions'!G4), ROWS('バリ分け条件 Vari. split conditions'!$C$3:'バリ分け条件 Vari. split conditions'!G4)))} | Q9: {=IF(INDEX('バリ分け条件 Vari. split conditions'!$C$3:'バリ分け条件 Vari. split conditions'!$R$33, COLUMNS('バリ分け条件 Vari. split conditions'!$C$3:'バリ分け条件 Vari. split conditions'!H4), ROWS('バリ分け条件 Vari. split conditions'!$C$3:'バリ分け条件 Vari. split conditions'!H4))="", "", INDEX('バリ分け条件 Vari. split conditions'!$C$3:'バリ分け条件 Vari. split conditions'!$R$33, COLUMNS('バリ分け条件 Vari. split conditions'!$C$3:'バリ分け条件 Vari. split conditions'!H4), ROWS('バリ分け条件 Vari. split conditions'!$C$3:'バリ分け条件 Vari. split conditions'!H4)))} | R9: {=IF(INDEX('バリ分け条件 Vari. split conditions'!$C$3:'バリ分け条件 Vari. split conditions'!$R$33, COLUMNS('バリ分け条件 Vari. split conditions'!$C$3:'バリ分け条件 Vari. split conditions'!I4), ROWS('バリ分け条件 Vari. split conditions'!$C$3:'バリ分け条件 Vari. split conditions'!I4))="", "", INDEX('バリ分け条件 Vari. split conditions'!$C$3:'バリ分け条件 Vari. split conditions'!$R$33, COLUMNS('バリ分け条件 Vari. split conditions'!$C$3:'バリ分け条件 Vari. split conditions'!I4), ROWS('バリ分け条件 Vari. split conditions'!$C$3:'バリ分け条件 Vari. split conditions'!I4)))} | S9: {=IF(INDEX('バリ分け条件 Vari. split conditions'!$C$3:'バリ分け条件 Vari. split conditions'!$R$33, COLUMNS('バリ分け条件 Vari. split conditions'!$C$3:'バリ分け条件 Vari. split conditions'!J4), ROWS('バリ分け条件 Vari. split conditions'!$C$3:'バリ分け条件 Vari. split conditions'!J4))="", "", INDEX('バリ分け条件 Vari. split conditions'!$C$3:'バリ分け条件 Vari. split conditions'!$R$33, COLUMNS('バリ分け条件 Vari. split conditions'!$C$3:'バリ分け条件 Vari. split conditions'!J4), ROWS('バリ分け条件 Vari. split conditions'!$C$3:'バリ分け条件 Vari. split conditions'!J4)))} | ... AP9: {=IF(INDEX('バリ分け条件 Vari. split conditions'!$C$3:'バリ分け条件 Vari. split conditions'!$R$33, COLUMNS('バリ分け条件 Vari. split conditions'!$C$3:'バリ分け条件 Vari. split conditions'!AG4), ROWS('バリ分け条件 Vari. split conditions'!$C$3:'バリ分け条件 Vari. split conditions'!AG4))="", "", INDEX('バリ分け条件 Vari. split conditions'!$C$3:'バリ分け条件 Vari. split conditions'!$R$33, COLUMNS('バリ分け条件 Vari. split conditions'!$C$3:'バリ分け条件 Vari. split conditions'!AG4), ROWS('バリ分け条件 Vari. split conditions'!$C$3:'バリ分け条件 Vari. split conditions'!AG4)))}
A10: A09 | B10: 0.09 | E10: - | L10: {=IF(INDEX('バリ分け条件 Vari. split conditions'!$C$3:'バリ分け条件 Vari. split conditions'!$R$33, COLUMNS('バリ分け条件 Vari. split conditions'!$C$3:'バリ分け条件 Vari. split conditions'!C5), ROWS('バリ分け条件 Vari. split conditions'!$C$3:'バリ分け条件 Vari. split conditions'!C5))="", "", INDEX('バリ分け条件 Vari. split conditions'!$C$3:'バリ分け条件 Vari. split conditions'!$R$33, COLUMNS('バリ分け条件 Vari. split conditions'!$C$3:'バリ分け条件 Vari. split conditions'!C5), ROWS('バリ分け条件 Vari. split conditions'!$C$3:'バリ分け条件 Vari. split conditions'!C5)))} | M10: {=IF(INDEX('バリ分け条件 Vari. split conditions'!$C$3:'バリ分け条件 Vari. split conditions'!$R$33, COLUMNS('バリ分け条件 Vari. split conditions'!$C$3:'バリ分け条件 Vari. split conditions'!D5), ROWS('バリ分け条件 Vari. split conditions'!$C$3:'バリ分け条件 Vari. split conditions'!D5))="", "", INDEX('バリ分け条件 Vari. split conditions'!$C$3:'バリ分け条件 Vari. split conditions'!$R$33, COLUMNS('バリ分け条件 Vari. split conditions'!$C$3:'バリ分け条件 Vari. split conditions'!D5), ROWS('バリ分け条件 Vari. split conditions'!$C$3:'バリ分け条件 Vari. split conditions'!D5)))} | N10: {=IF(INDEX('バリ分け条件 Vari. split conditions'!$C$3:'バリ分け条件 Vari. split conditions'!$R$33, COLUMNS('バリ分け条件 Vari. split conditions'!$C$3:'バリ分け条件 Vari. split conditions'!E5), ROWS('バリ分け条件 Vari. split conditions'!$C$3:'バリ分け条件 Vari. split conditions'!E5))="", "", INDEX('バリ分け条件 Vari. split conditions'!$C$3:'バリ分け条件 Vari. split conditions'!$R$33, COLUMNS('バリ分け条件 Vari. split conditions'!$C$3:'バリ分け条件 Vari. split conditions'!E5), ROWS('バリ分け条件 Vari. split conditions'!$C$3:'バリ分け条件 Vari. split conditions'!E5)))} | O10: {=IF(INDEX('バリ分け条件 Vari. split conditions'!$C$3:'バリ分け条件 Vari. split conditions'!$R$33, COLUMNS('バリ分け条件 Vari. split conditions'!$C$3:'バリ分け条件 Vari. split conditions'!F5), ROWS('バリ分け条件 Vari. split conditions'!$C$3:'バリ分け条件 Vari. split conditions'!F5))="", "", INDEX('バリ分け条件 Vari. split conditions'!$C$3:'バリ分け条件 Vari. split conditions'!$R$33, COLUMNS('バリ分け条件 Vari. split conditions'!$C$3:'バリ分け条件 Vari. split conditions'!F5), ROWS('バリ分け条件 Vari. split conditions'!$C$3:'バリ分け条件 Vari. split conditions'!F5)))} | P10: {=IF(INDEX('バリ分け条件 Vari. split conditions'!$C$3:'バリ分け条件 Vari. split conditions'!$R$33, COLUMNS('バリ分け条件 Vari. split conditions'!$C$3:'バリ分け条件 Vari. split conditions'!G5), ROWS('バリ分け条件 Vari. split conditions'!$C$3:'バリ分け条件 Vari. split conditions'!G5))="", "", INDEX('バリ分け条件 Vari. split conditions'!$C$3:'バリ分け条件 Vari. split conditions'!$R$33, COLUMNS('バリ分け条件 Vari. split conditions'!$C$3:'バリ分け条件 Vari. split conditions'!G5), ROWS('バリ分け条件 Vari. split conditions'!$C$3:'バリ分け条件 Vari. split conditions'!G5)))} | Q10: {=IF(INDEX('バリ分け条件 Vari. split conditions'!$C$3:'バリ分け条件 Vari. split conditions'!$R$33, COLUMNS('バリ分け条件 Vari. split conditions'!$C$3:'バリ分け条件 Vari. split conditions'!H5), ROWS('バリ分け条件 Vari. split conditions'!$C$3:'バリ分け条件 Vari. split conditions'!H5))="", "", INDEX('バリ分け条件 Vari. split conditions'!$C$3:'バリ分け条件 Vari. split conditions'!$R$33, COLUMNS('バリ分け条件 Vari. split conditions'!$C$3:'バリ分け条件 Vari. split conditions'!H5), ROWS('バリ分け条件 Vari. split conditions'!$C$3:'バリ分け条件 Vari. split conditions'!H5)))} | R10: {=IF(INDEX('バリ分け条件 Vari. split conditions'!$C$3:'バリ分け条件 Vari. split conditions'!$R$33, COLUMNS('バリ分け条件 Vari. split conditions'!$C$3:'バリ分け条件 Vari. split conditions'!I5), ROWS('バリ分け条件 Vari. split conditions'!$C$3:'バリ分け条件 Vari. split conditions'!I5))="", "", INDEX('バリ分け条件 Vari. split conditions'!$C$3:'バリ分け条件 Vari. split conditions'!$R$33, COLUMNS('バリ分け条件 Vari. split conditions'!$C$3:'バリ分け条件 Vari. split conditions'!I5), ROWS('バリ分け条件 Vari. split conditions'!$C$3:'バリ分け条件 Vari. split conditions'!I5)))} | S10: {=IF(INDEX('バリ分け条件 Vari. split conditions'!$C$3:'バリ分け条件 Vari. split conditions'!$R$33, COLUMNS('バリ分け条件 Vari. split conditions'!$C$3:'バリ分け条件 Vari. split conditions'!J5), ROWS('バリ分け条件 Vari. split conditions'!$C$3:'バリ分け条件 Vari. split conditions'!J5))="", "", INDEX('バリ分け条件 Vari. split conditions'!$C$3:'バリ分け条件 Vari. split conditions'!$R$33, COLUMNS('バリ分け条件 Vari. split conditions'!$C$3:'バリ分け条件 Vari. split conditions'!J5), ROWS('バリ分け条件 Vari. split conditions'!$C$3:'バリ分け条件 Vari. split conditions'!J5)))} | ... AP10: {=IF(INDEX('バリ分け条件 Vari. split conditions'!$C$3:'バリ分け条件 Vari. split conditions'!$R$33, COLUMNS('バリ分け条件 Vari. split conditions'!$C$3:'バリ分け条件 Vari. split conditions'!AG5), ROWS('バリ分け条件 Vari. split conditions'!$C$3:'バリ分け条件 Vari. split conditions'!AG5))="", "", INDEX('バリ分け条件 Vari. split conditions'!$C$3:'バリ分け条件 Vari. split conditions'!$R$33, COLUMNS('バリ分け条件 Vari. split conditions'!$C$3:'バリ分け条件 Vari. split conditions'!AG5), ROWS('バリ分け条件 Vari. split conditions'!$C$3:'バリ分け条件 Vari. split conditions'!AG5)))}
A11: A10 | B11: 0.1 | E11: - | L11: {=IF(INDEX('バリ分け条件 Vari. split conditions'!$C$3:'バリ分け条件 Vari. split conditions'!$R$33, COLUMNS('バリ分け条件 Vari. split conditions'!$C$3:'バリ分け条件 Vari. split conditions'!C6), ROWS('バリ分け条件 Vari. split conditions'!$C$3:'バリ分け条件 Vari. split conditions'!C6))="", "", INDEX('バリ分け条件 Vari. split conditions'!$C$3:'バリ分け条件 Vari. split conditions'!$R$33, COLUMNS('バリ分け条件 Vari. split conditions'!$C$3:'バリ分け条件 Vari. split conditions'!C6), ROWS('バリ分け条件 Vari. split conditions'!$C$3:'バリ分け条件 Vari. split conditions'!C6)))} | M11: {=IF(INDEX('バリ分け条件 Vari. split conditions'!$C$3:'バリ分け条件 Vari. split conditions'!$R$33, COLUMNS('バリ分け条件 Vari. split conditions'!$C$3:'バリ分け条件 Vari. split conditions'!D6), ROWS('バリ分け条件 Vari. split conditions'!$C$3:'バリ分け条件 Vari. split conditions'!D6))="", "", INDEX('バリ分け条件 Vari. split conditions'!$C$3:'バリ分け条件 Vari. split conditions'!$R$33, COLUMNS('バリ分け条件 Vari. split conditions'!$C$3:'バリ分け条件 Vari. split conditions'!D6), ROWS('バリ分け条件 Vari. split conditions'!$C$3:'バリ分け条件 Vari. split conditions'!D6)))} | N11: {=IF(INDEX('バリ分け条件 Vari. split conditions'!$C$3:'バリ分け条件 Vari. split conditions'!$R$33, COLUMNS('バリ分け条件 Vari. split conditions'!$C$3:'バリ分け条件 Vari. split conditions'!E6), ROWS('バリ分け条件 Vari. split conditions'!$C$3:'バリ分け条件 Vari. split conditions'!E6))="", "", INDEX('バリ分け条件 Vari. split conditions'!$C$3:'バリ分け条件 Vari. split conditions'!$R$33, COLUMNS('バリ分け条件 Vari. split conditions'!$C$3:'バリ分け条件 Vari. split conditions'!E6), ROWS('バリ分け条件 Vari. split conditions'!$C$3:'バリ分け条件 Vari. split conditions'!E6)))} | O11: {=IF(INDEX('バリ分け条件 Vari. split conditions'!$C$3:'バリ分け条件 Vari. split conditions'!$R$33, COLUMNS('バリ分け条件 Vari. split conditions'!$C$3:'バリ分け条件 Vari. split conditions'!F6), ROWS('バリ分け条件 Vari. split conditions'!$C$3:'バリ分け条件 Vari. split conditions'!F6))="", "", INDEX('バリ分け条件 Vari. split conditions'!$C$3:'バリ分け条件 Vari. split conditions'!$R$33, COLUMNS('バリ分け条件 Vari. split conditions'!$C$3:'バリ分け条件 Vari. split conditions'!F6), ROWS('バリ分け条件 Vari. split conditions'!$C$3:'バリ分け条件 Vari. split conditions'!F6)))} | P11: {=IF(INDEX('バリ分け条件 Vari. split conditions'!$C$3:'バリ分け条件 Vari. split conditions'!$R$33, COLUMNS('バリ分け条件 Vari. split conditions'!$C$3:'バリ分け条件 Vari. split conditions'!G6), ROWS('バリ分け条件 Vari. split conditions'!$C$3:'バリ分け条件 Vari. split conditions'!G6))="", "", INDEX('バリ分け条件 Vari. split conditions'!$C$3:'バリ分け条件 Vari. split conditions'!$R$33, COLUMNS('バリ分け条件 Vari. split conditions'!$C$3:'バリ分け条件 Vari. split conditions'!G6), ROWS('バリ分け条件 Vari. split conditions'!$C$3:'バリ分け条件 Vari. split conditions'!G6)))} | Q11: {=IF(INDEX('バリ分け条件 Vari. split conditions'!$C$3:'バリ分け条件 Vari. split conditions'!$R$33, COLUMNS('バリ分け条件 Vari. split conditions'!$C$3:'バリ分け条件 Vari. split conditions'!H6), ROWS('バリ分け条件 Vari. split conditions'!$C$3:'バリ分け条件 Vari. split conditions'!H6))="", "", INDEX('バリ分け条件 Vari. split conditions'!$C$3:'バリ分け条件 Vari. split conditions'!$R$33, COLUMNS('バリ分け条件 Vari. split conditions'!$C$3:'バリ分け条件 Vari. split conditions'!H6), ROWS('バリ分け条件 Vari. split conditions'!$C$3:'バリ分け条件 Vari. split conditions'!H6)))} | R11: {=IF(INDEX('バリ分け条件 Vari. split conditions'!$C$3:'バリ分け条件 Vari. split conditions'!$R$33, COLUMNS('バリ分け条件 Vari. split conditions'!$C$3:'バリ分け条件 Vari. split conditions'!I6), ROWS('バリ分け条件 Vari. split conditions'!$C$3:'バリ分け条件 Vari. split conditions'!I6))="", "", INDEX('バリ分け条件 Vari. split conditions'!$C$3:'バリ分け条件 Vari. split conditions'!$R$33, COLUMNS('バリ分け条件 Vari. split conditions'!$C$3:'バリ分け条件 Vari. split conditions'!I6), ROWS('バリ分け条件 Vari. split conditions'!$C$3:'バリ分け条件 Vari. split conditions'!I6)))} | S11: {=IF(INDEX('バリ分け条件 Vari. split conditions'!$C$3:'バリ分け条件 Vari. split conditions'!$R$33, COLUMNS('バリ分け条件 Vari. split conditions'!$C$3:'バリ分け条件 Vari. split conditions'!J6), ROWS('バリ分け条件 Vari. split conditions'!$C$3:'バリ分け条件 Vari. split conditions'!J6))="", "", INDEX('バリ分け条件 Vari. split conditions'!$C$3:'バリ分け条件 Vari. split conditions'!$R$33, COLUMNS('バリ分け条件 Vari. split conditions'!$C$3:'バリ分け条件 Vari. split conditions'!J6), ROWS('バリ分け条件 Vari. split conditions'!$C$3:'バリ分け条件 Vari. split conditions'!J6)))} | ... AP11: {=IF(INDEX('バリ分け条件 Vari. split conditions'!$C$3:'バリ分け条件 Vari. split conditions'!$R$33, COLUMNS('バリ分け条件 Vari. split conditions'!$C$3:'バリ分け条件 Vari. split conditions'!AG6), ROWS('バリ分け条件 Vari. split conditions'!$C$3:'バリ分け条件 Vari. split conditions'!AG6))="", "", INDEX('バリ分け条件 Vari. split conditions'!$C$3:'バリ分け条件 Vari. split conditions'!$R$33, COLUMNS('バリ分け条件 Vari. split conditions'!$C$3:'バリ分け条件 Vari. split conditions'!AG6), ROWS('バリ分け条件 Vari. split conditions'!$C$3:'バリ分け条件 Vari. split conditions'!AG6)))}
A12: A11 | B12: 0.11 | E12: - | L12: {=IF(INDEX('バリ分け条件 Vari. split conditions'!$C$3:'バリ分け条件 Vari. split conditions'!$R$33, COLUMNS('バリ分け条件 Vari. split conditions'!$C$3:'バリ分け条件 Vari. split conditions'!C7), ROWS('バリ分け条件 Vari. split conditions'!$C$3:'バリ分け条件 Vari. split conditions'!C7))="", "", INDEX('バリ分け条件 Vari. split conditions'!$C$3:'バリ分け条件 Vari. split conditions'!$R$33, COLUMNS('バリ分け条件 Vari. split conditions'!$C$3:'バリ分け条件 Vari. split conditions'!C7), ROWS('バリ分け条件 Vari. split conditions'!$C$3:'バリ分け条件 Vari. split conditions'!C7)))} | M12: {=IF(INDEX('バリ分け条件 Vari. split conditions'!$C$3:'バリ分け条件 Vari. split conditions'!$R$33, COLUMNS('バリ分け条件 Vari. split conditions'!$C$3:'バリ分け条件 Vari. split conditions'!D7), ROWS('バリ分け条件 Vari. split conditions'!$C$3:'バリ分け条件 Vari. split conditions'!D7))="", "", INDEX('バリ分け条件 Vari. split conditions'!$C$3:'バリ分け条件 Vari. split conditions'!$R$33, COLUMNS('バリ分け条件 Vari. split conditions'!$C$3:'バリ分け条件 Vari. split conditions'!D7), ROWS('バリ分け条件 Vari. split conditions'!$C$3:'バリ分け条件 Vari. split conditions'!D7)))} | N12: {=IF(INDEX('バリ分け条件 Vari. split conditions'!$C$3:'バリ分け条件 Vari. split conditions'!$R$33, COLUMNS('バリ分け条件 Vari. split conditions'!$C$3:'バリ分け条件 Vari. split conditions'!E7), ROWS('バリ分け条件 Vari. split conditions'!$C$3:'バリ分け条件 Vari. split conditions'!E7))="", "", INDEX('バリ分け条件 Vari. split conditions'!$C$3:'バリ分け条件 Vari. split conditions'!$R$33, COLUMNS('バリ分け条件 Vari. split conditions'!$C$3:'バリ分け条件 Vari. split conditions'!E7), ROWS('バリ分け条件 Vari. split conditions'!$C$3:'バリ分け条件 Vari. split conditions'!E7)))} | O12: {=IF(INDEX('バリ分け条件 Vari. split conditions'!$C$3:'バリ分け条件 Vari. split conditions'!$R$33, COLUMNS('バリ分け条件 Vari. split conditions'!$C$3:'バリ分け条件 Vari. split conditions'!F7), ROWS('バリ分け条件 Vari. split conditions'!$C$3:'バリ分け条件 Vari. split conditions'!F7))="", "", INDEX('バリ分け条件 Vari. split conditions'!$C$3:'バリ分け条件 Vari. split conditions'!$R$33, COLUMNS('バリ分け条件 Vari. split conditions'!$C$3:'バリ分け条件 Vari. split conditions'!F7), ROWS('バリ分け条件 Vari. split conditions'!$C$3:'バリ分け条件 Vari. split conditions'!F7)))} | P12: {=IF(INDEX('バリ分け条件 Vari. split conditions'!$C$3:'バリ分け条件 Vari. split conditions'!$R$33, COLUMNS('バリ分け条件 Vari. split conditions'!$C$3:'バリ分け条件 Vari. split conditions'!G7), ROWS('バリ分け条件 Vari. split conditions'!$C$3:'バリ分け条件 Vari. split conditions'!G7))="", "", INDEX('バリ分け条件 Vari. split conditions'!$C$3:'バリ分け条件 Vari. split conditions'!$R$33, COLUMNS('バリ分け条件 Vari. split conditions'!$C$3:'バリ分け条件 Vari. split conditions'!G7), ROWS('バリ分け条件 Vari. split conditions'!$C$3:'バリ分け条件 Vari. split conditions'!G7)))} | Q12: {=IF(INDEX('バリ分け条件 Vari. split conditions'!$C$3:'バリ分け条件 Vari. split conditions'!$R$33, COLUMNS('バリ分け条件 Vari. split conditions'!$C$3:'バリ分け条件 Vari. split conditions'!H7), ROWS('バリ分け条件 Vari. split conditions'!$C$3:'バリ分け条件 Vari. split conditions'!H7))="", "", INDEX('バリ分け条件 Vari. split conditions'!$C$3:'バリ分け条件 Vari. split conditions'!$R$33, COLUMNS('バリ分け条件 Vari. split conditions'!$C$3:'バリ分け条件 Vari. split conditions'!H7), ROWS('バリ分け条件 Vari. split conditions'!$C$3:'バリ分け条件 Vari. split conditions'!H7)))} | R12: {=IF(INDEX('バリ分け条件 Vari. split conditions'!$C$3:'バリ分け条件 Vari. split conditions'!$R$33, COLUMNS('バリ分け条件 Vari. split conditions'!$C$3:'バリ分け条件 Vari. split conditions'!I7), ROWS('バリ分け条件 Vari. split conditions'!$C$3:'バリ分け条件 Vari. split conditions'!I7))="", "", INDEX('バリ分け条件 Vari. split conditions'!$C$3:'バリ分け条件 Vari. split conditions'!$R$33, COLUMNS('バリ分け条件 Vari. split conditions'!$C$3:'バリ分け条件 Vari. split conditions'!I7), ROWS('バリ分け条件 Vari. split conditions'!$C$3:'バリ分け条件 Vari. split conditions'!I7)))} | S12: {=IF(INDEX('バリ分け条件 Vari. split conditions'!$C$3:'バリ分け条件 Vari. split conditions'!$R$33, COLUMNS('バリ分け条件 Vari. split conditions'!$C$3:'バリ分け条件 Vari. split conditions'!J7), ROWS('バリ分け条件 Vari. split conditions'!$C$3:'バリ分け条件 Vari. split conditions'!J7))="", "", INDEX('バリ分け条件 Vari. split conditions'!$C$3:'バリ分け条件 Vari. split conditions'!$R$33, COLUMNS('バリ分け条件 Vari. split conditions'!$C$3:'バリ分け条件 Vari. split conditions'!J7), ROWS('バリ分け条件 Vari. split conditions'!$C$3:'バリ分け条件 Vari. split conditions'!J7)))} | ... AP12: {=IF(INDEX('バリ分け条件 Vari. split conditions'!$C$3:'バリ分け条件 Vari. split conditions'!$R$33, COLUMNS('バリ分け条件 Vari. split conditions'!$C$3:'バリ分け条件 Vari. split conditions'!AG7), ROWS('バリ分け条件 Vari. split conditions'!$C$3:'バリ分け条件 Vari. split conditions'!AG7))="", "", INDEX('バリ分け条件 Vari. split conditions'!$C$3:'バリ分け条件 Vari. split conditions'!$R$33, COLUMNS('バリ分け条件 Vari. split conditions'!$C$3:'バリ分け条件 Vari. split conditions'!AG7), ROWS('バリ分け条件 Vari. split conditions'!$C$3:'バリ分け条件 Vari. split conditions'!AG7)))}
A13: A12 | B13: 0.12 | E13: - | L13: {=IF(INDEX('バリ分け条件 Vari. split conditions'!$C$3:'バリ分け条件 Vari. split conditions'!$R$33, COLUMNS('バリ分け条件 Vari. split conditions'!$C$3:'バリ分け条件 Vari. split conditions'!C8), ROWS('バリ分け条件 Vari. split conditions'!$C$3:'バリ分け条件 Vari. split conditions'!C8))="", "", INDEX('バリ分け条件 Vari. split conditions'!$C$3:'バリ分け条件 Vari. split conditions'!$R$33, COLUMNS('バリ分け条件 Vari. split conditions'!$C$3:'バリ分け条件 Vari. split conditions'!C8), ROWS('バリ分け条件 Vari. split conditions'!$C$3:'バリ分け条件 Vari. split conditions'!C8)))} | M13: {=IF(INDEX('バリ分け条件 Vari. split conditions'!$C$3:'バリ分け条件 Vari. split conditions'!$R$33, COLUMNS('バリ分け条件 Vari. split conditions'!$C$3:'バリ分け条件 Vari. split conditions'!D8), ROWS('バリ分け条件 Vari. split conditions'!$C$3:'バリ分け条件 Vari. split conditions'!D8))="", "", INDEX('バリ分け条件 Vari. split conditions'!$C$3:'バリ分け条件 Vari. split conditions'!$R$33, COLUMNS('バリ分け条件 Vari. split conditions'!$C$3:'バリ分け条件 Vari. split conditions'!D8), ROWS('バリ分け条件 Vari. split conditions'!$C$3:'バリ分け条件 Vari. split conditions'!D8)))} | N13: {=IF(INDEX('バリ分け条件 Vari. split conditions'!$C$3:'バリ分け条件 Vari. split conditions'!$R$33, COLUMNS('バリ分け条件 Vari. split conditions'!$C$3:'バリ分け条件 Vari. split conditions'!E8), ROWS('バリ分け条件 Vari. split conditions'!$C$3:'バリ分け条件 Vari. split conditions'!E8))="", "", INDEX('バリ分け条件 Vari. split conditions'!$C$3:'バリ分け条件 Vari. split conditions'!$R$33, COLUMNS('バリ分け条件 Vari. split conditions'!$C$3:'バリ分け条件 Vari. split conditions'!E8), ROWS('バリ分け条件 Vari. split conditions'!$C$3:'バリ分け条件 Vari. split conditions'!E8)))} | O13: {=IF(INDEX('バリ分け条件 Vari. split conditions'!$C$3:'バリ分け条件 Vari. split conditions'!$R$33, COLUMNS('バリ分け条件 Vari. split conditions'!$C$3:'バリ分け条件 Vari. split conditions'!F8), ROWS('バリ分け条件 Vari. split conditions'!$C$3:'バリ分け条件 Vari. split conditions'!F8))="", "", INDEX('バリ分け条件 Vari. split conditions'!$C$3:'バリ分け条件 Vari. split conditions'!$R$33, COLUMNS('バリ分け条件 Vari. split conditions'!$C$3:'バリ分け条件 Vari. split conditions'!F8), ROWS('バリ分け条件 Vari. split conditions'!$C$3:'バリ分け条件 Vari. split conditions'!F8)))} | P13: {=IF(INDEX('バリ分け条件 Vari. split conditions'!$C$3:'バリ分け条件 Vari. split conditions'!$R$33, COLUMNS('バリ分け条件 Vari. split conditions'!$C$3:'バリ分け条件 Vari. split conditions'!G8), ROWS('バリ分け条件 Vari. split conditions'!$C$3:'バリ分け条件 Vari. split conditions'!G8))="", "", INDEX('バリ分け条件 Vari. split conditions'!$C$3:'バリ分け条件 Vari. split conditions'!$R$33, COLUMNS('バリ分け条件 Vari. split conditions'!$C$3:'バリ分け条件 Vari. split conditions'!G8), ROWS('バリ分け条件 Vari. split conditions'!$C$3:'バリ分け条件 Vari. split conditions'!G8)))} | Q13: {=IF(INDEX('バリ分け条件 Vari. split conditions'!$C$3:'バリ分け条件 Vari. split conditions'!$R$33, COLUMNS('バリ分け条件 Vari. split conditions'!$C$3:'バリ分け条件 Vari. split conditions'!H8), ROWS('バリ分け条件 Vari. split conditions'!$C$3:'バリ分け条件 Vari. split conditions'!H8))="", "", INDEX('バリ分け条件 Vari. split conditions'!$C$3:'バリ分け条件 Vari. split conditions'!$R$33, COLUMNS('バリ分け条件 Vari. split conditions'!$C$3:'バリ分け条件 Vari. split conditions'!H8), ROWS('バリ分け条件 Vari. split conditions'!$C$3:'バリ分け条件 Vari. split conditions'!H8)))} | R13: {=IF(INDEX('バリ分け条件 Vari. split conditions'!$C$3:'バリ分け条件 Vari. split conditions'!$R$33, COLUMNS('バリ分け条件 Vari. split conditions'!$C$3:'バリ分け条件 Vari. split conditions'!I8), ROWS('バリ分け条件 Vari. split conditions'!$C$3:'バリ分け条件 Vari. split conditions'!I8))="", "", INDEX('バリ分け条件 Vari. split conditions'!$C$3:'バリ分け条件 Vari. split conditions'!$R$33, COLUMNS('バリ分け条件 Vari. split conditions'!$C$3:'バリ分け条件 Vari. split conditions'!I8), ROWS('バリ分け条件 Vari. split conditions'!$C$3:'バリ分け条件 Vari. split conditions'!I8)))} | S13: {=IF(INDEX('バリ分け条件 Vari. split conditions'!$C$3:'バリ分け条件 Vari. split conditions'!$R$33, COLUMNS('バリ分け条件 Vari. split conditions'!$C$3:'バリ分け条件 Vari. split conditions'!J8), ROWS('バリ分け条件 Vari. split conditions'!$C$3:'バリ分け条件 Vari. split conditions'!J8))="", "", INDEX('バリ分け条件 Vari. split conditions'!$C$3:'バリ分け条件 Vari. split conditions'!$R$33, COLUMNS('バリ分け条件 Vari. split conditions'!$C$3:'バリ分け条件 Vari. split conditions'!J8), ROWS('バリ分け条件 Vari. split conditions'!$C$3:'バリ分け条件 Vari. split conditions'!J8)))} | ... AP13: {=IF(INDEX('バリ分け条件 Vari. split conditions'!$C$3:'バリ分け条件 Vari. split conditions'!$R$33, COLUMNS('バリ分け条件 Vari. split conditions'!$C$3:'バリ分け条件 Vari. split conditions'!AG8), ROWS('バリ分け条件 Vari. split conditions'!$C$3:'バリ分け条件 Vari. split conditions'!AG8))="", "", INDEX('バリ分け条件 Vari. split conditions'!$C$3:'バリ分け条件 Vari. split conditions'!$R$33, COLUMNS('バリ分け条件 Vari. split conditions'!$C$3:'バリ分け条件 Vari. split conditions'!AG8), ROWS('バリ分け条件 Vari. split conditions'!$C$3:'バリ分け条件 Vari. split conditions'!AG8)))}
A14: A13 | B14: 0.13 | E14: - | L14: {=IF(INDEX('バリ分け条件 Vari. split conditions'!$C$3:'バリ分け条件 Vari. split conditions'!$R$33, COLUMNS('バリ分け条件 Vari. split conditions'!$C$3:'バリ分け条件 Vari. split conditions'!C9), ROWS('バリ分け条件 Vari. split conditions'!$C$3:'バリ分け条件 Vari. split conditions'!C9))="", "", INDEX('バリ分け条件 Vari. split conditions'!$C$3:'バリ分け条件 Vari. split conditions'!$R$33, COLUMNS('バリ分け条件 Vari. split conditions'!$C$3:'バリ分け条件 Vari. split conditions'!C9), ROWS('バリ分け条件 Vari. split conditions'!$C$3:'バリ分け条件 Vari. split conditions'!C9)))} | M14: {=IF(INDEX('バリ分け条件 Vari. split conditions'!$C$3:'バリ分け条件 Vari. split conditions'!$R$33, COLUMNS('バリ分け条件 Vari. split conditions'!$C$3:'バリ分け条件 Vari. split conditions'!D9), ROWS('バリ分け条件 Vari. split conditions'!$C$3:'バリ分け条件 Vari. split conditions'!D9))="", "", INDEX('バリ分け条件 Vari. split conditions'!$C$3:'バリ分け条件 Vari. split conditions'!$R$33, COLUMNS('バリ分け条件 Vari. split conditions'!$C$3:'バリ分け条件 Vari. split conditions'!D9), ROWS('バリ分け条件 Vari. split conditions'!$C$3:'バリ分け条件 Vari. split conditions'!D9)))} | N14: {=IF(INDEX('バリ分け条件 Vari. split conditions'!$C$3:'バリ分け条件 Vari. split conditions'!$R$33, COLUMNS('バリ分け条件 Vari. split conditions'!$C$3:'バリ分け条件 Vari. split conditions'!E9), ROWS('バリ分け条件 Vari. split conditions'!$C$3:'バリ分け条件 Vari. split conditions'!E9))="", "", INDEX('バリ分け条件 Vari. split conditions'!$C$3:'バリ分け条件 Vari. split conditions'!$R$33, COLUMNS('バリ分け条件 Vari. split conditions'!$C$3:'バリ分け条件 Vari. split conditions'!E9), ROWS('バリ分け条件 Vari. split conditions'!$C$3:'バリ分け条件 Vari. split conditions'!E9)))} | O14: {=IF(INDEX('バリ分け条件 Vari. split conditions'!$C$3:'バリ分け条件 Vari. split conditions'!$R$33, COLUMNS('バリ分け条件 Vari. split conditions'!$C$3:'バリ分け条件 Vari. split conditions'!F9), ROWS('バリ分け条件 Vari. split conditions'!$C$3:'バリ分け条件 Vari. split conditions'!F9))="", "", INDEX('バリ分け条件 Vari. split conditions'!$C$3:'バリ分け条件 Vari. split conditions'!$R$33, COLUMNS('バリ分け条件 Vari. split conditions'!$C$3:'バリ分け条件 Vari. split conditions'!F9), ROWS('バリ分け条件 Vari. split conditions'!$C$3:'バリ分け条件 Vari. split conditions'!F9)))} | P14: {=IF(INDEX('バリ分け条件 Vari. split conditions'!$C$3:'バリ分け条件 Vari. split conditions'!$R$33, COLUMNS('バリ分け条件 Vari. split conditions'!$C$3:'バリ分け条件 Vari. split conditions'!G9), ROWS('バリ分け条件 Vari. split conditions'!$C$3:'バリ分け条件 Vari. split conditions'!G9))="", "", INDEX('バリ分け条件 Vari. split conditions'!$C$3:'バリ分け条件 Vari. split conditions'!$R$33, COLUMNS('バリ分け条件 Vari. split conditions'!$C$3:'バリ分け条件 Vari. split conditions'!G9), ROWS('バリ分け条件 Vari. split conditions'!$C$3:'バリ分け条件 Vari. split conditions'!G9)))} | Q14: {=IF(INDEX('バリ分け条件 Vari. split conditions'!$C$3:'バリ分け条件 Vari. split conditions'!$R$33, COLUMNS('バリ分け条件 Vari. split conditions'!$C$3:'バリ分け条件 Vari. split conditions'!H9), ROWS('バリ分け条件 Vari. split conditions'!$C$3:'バリ分け条件 Vari. split conditions'!H9))="", "", INDEX('バリ分け条件 Vari. split conditions'!$C$3:'バリ分け条件 Vari. split conditions'!$R$33, COLUMNS('バリ分け条件 Vari. split conditions'!$C$3:'バリ分け条件 Vari. split conditions'!H9), ROWS('バリ分け条件 Vari. split conditions'!$C$3:'バリ分け条件 Vari. split conditions'!H9)))} | R14: {=IF(INDEX('バリ分け条件 Vari. split conditions'!$C$3:'バリ分け条件 Vari. split conditions'!$R$33, COLUMNS('バリ分け条件 Vari. split conditions'!$C$3:'バリ分け条件 Vari. split conditions'!I9), ROWS('バリ分け条件 Vari. split conditions'!$C$3:'バリ分け条件 Vari. split conditions'!I9))="", "", INDEX('バリ分け条件 Vari. split conditions'!$C$3:'バリ分け条件 Vari. split conditions'!$R$33, COLUMNS('バリ分け条件 Vari. split conditions'!$C$3:'バリ分け条件 Vari. split conditions'!I9), ROWS('バリ分け条件 Vari. split conditions'!$C$3:'バリ分け条件 Vari. split conditions'!I9)))} | S14: {=IF(INDEX('バリ分け条件 Vari. split conditions'!$C$3:'バリ分け条件 Vari. split conditions'!$R$33, COLUMNS('バリ分け条件 Vari. split conditions'!$C$3:'バリ分け条件 Vari. split conditions'!J9), ROWS('バリ分け条件 Vari. split conditions'!$C$3:'バリ分け条件 Vari. split conditions'!J9))="", "", INDEX('バリ分け条件 Vari. split conditions'!$C$3:'バリ分け条件 Vari. split conditions'!$R$33, COLUMNS('バリ分け条件 Vari. split conditions'!$C$3:'バリ分け条件 Vari. split conditions'!J9), ROWS('バリ分け条件 Vari. split conditions'!$C$3:'バリ分け条件 Vari. split conditions'!J9)))} | ... AP14: {=IF(INDEX('バリ分け条件 Vari. split conditions'!$C$3:'バリ分け条件 Vari. split conditions'!$R$33, COLUMNS('バリ分け条件 Vari. split conditions'!$C$3:'バリ分け条件 Vari. split conditions'!AG9), ROWS('バリ分け条件 Vari. split conditions'!$C$3:'バリ分け条件 Vari. split conditions'!AG9))="", "", INDEX('バリ分け条件 Vari. split conditions'!$C$3:'バリ分け条件 Vari. split conditions'!$R$33, COLUMNS('バリ分け条件 Vari. split conditions'!$C$3:'バリ分け条件 Vari. split conditions'!AG9), ROWS('バリ分け条件 Vari. split conditions'!$C$3:'バリ分け条件 Vari. split conditions'!AG9)))}
A15: A14 | B15: 0.14 | E15: - | L15: {=IF(INDEX('バリ分け条件 Vari. split conditions'!$C$3:'バリ分け条件 Vari. split conditions'!$R$33, COLUMNS('バリ分け条件 Vari. split conditions'!$C$3:'バリ分け条件 Vari. split conditions'!C10), ROWS('バリ分け条件 Vari. split conditions'!$C$3:'バリ分け条件 Vari. split conditions'!C10))="", "", INDEX('バリ分け条件 Vari. split conditions'!$C$3:'バリ分け条件 Vari. split conditions'!$R$33, COLUMNS('バリ分け条件 Vari. split conditions'!$C$3:'バリ分け条件 Vari. split conditions'!C10), ROWS('バリ分け条件 Vari. split conditions'!$C$3:'バリ分け条件 Vari. split conditions'!C10)))} | M15: {=IF(INDEX('バリ分け条件 Vari. split conditions'!$C$3:'バリ分け条件 Vari. split conditions'!$R$33, COLUMNS('バリ分け条件 Vari. split conditions'!$C$3:'バリ分け条件 Vari. split conditions'!D10), ROWS('バリ分け条件 Vari. split conditions'!$C$3:'バリ分け条件 Vari. split conditions'!D10))="", "", INDEX('バリ分け条件 Vari. split conditions'!$C$3:'バリ分け条件 Vari. split conditions'!$R$33, COLUMNS('バリ分け条件 Vari. split conditions'!$C$3:'バリ分け条件 Vari. split conditions'!D10), ROWS('バリ分け条件 Vari. split conditions'!$C$3:'バリ分け条件 Vari. split conditions'!D10)))} | N15: {=IF(INDEX('バリ分け条件 Vari. split conditions'!$C$3:'バリ分け条件 Vari. split conditions'!$R$33, COLUMNS('バリ分け条件 Vari. split conditions'!$C$3:'バリ分け条件 Vari. split conditions'!E10), ROWS('バリ分け条件 Vari. split conditions'!$C$3:'バリ分け条件 Vari. split conditions'!E10))="", "", INDEX('バリ分け条件 Vari. split conditions'!$C$3:'バリ分け条件 Vari. split conditions'!$R$33, COLUMNS('バリ分け条件 Vari. split conditions'!$C$3:'バリ分け条件 Vari. split conditions'!E10), ROWS('バリ分け条件 Vari. split conditions'!$C$3:'バリ分け条件 Vari. split conditions'!E10)))} | O15: {=IF(INDEX('バリ分け条件 Vari. split conditions'!$C$3:'バリ分け条件 Vari. split conditions'!$R$33, COLUMNS('バリ分け条件 Vari. split conditions'!$C$3:'バリ分け条件 Vari. split conditions'!F10), ROWS('バリ分け条件 Vari. split conditions'!$C$3:'バリ分け条件 Vari. split conditions'!F10))="", "", INDEX('バリ分け条件 Vari. split conditions'!$C$3:'バリ分け条件 Vari. split conditions'!$R$33, COLUMNS('バリ分け条件 Vari. split conditions'!$C$3:'バリ分け条件 Vari. split conditions'!F10), ROWS('バリ分け条件 Vari. split conditions'!$C$3:'バリ分け条件 Vari. split conditions'!F10)))} | P15: {=IF(INDEX('バリ分け条件 Vari. split conditions'!$C$3:'バリ分け条件 Vari. split conditions'!$R$33, COLUMNS('バリ分け条件 Vari. split conditions'!$C$3:'バリ分け条件 Vari. split conditions'!G10), ROWS('バリ分け条件 Vari. split conditions'!$C$3:'バリ分け条件 Vari. split conditions'!G10))="", "", INDEX('バリ分け条件 Vari. split conditions'!$C$3:'バリ分け条件 Vari. split conditions'!$R$33, COLUMNS('バリ分け条件 Vari. split conditions'!$C$3:'バリ分け条件 Vari. split conditions'!G10), ROWS('バリ分け条件 Vari. split conditions'!$C$3:'バリ分け条件 Vari. split conditions'!G10)))} | Q15: {=IF(INDEX('バリ分け条件 Vari. split conditions'!$C$3:'バリ分け条件 Vari. split conditions'!$R$33, COLUMNS('バリ分け条件 Vari. split conditions'!$C$3:'バリ分け条件 Vari. split conditions'!H10), ROWS('バリ分け条件 Vari. split conditions'!$C$3:'バリ分け条件 Vari. split conditions'!H10))="", "", INDEX('バリ分け条件 Vari. split conditions'!$C$3:'バリ分け条件 Vari. split conditions'!$R$33, COLUMNS('バリ分け条件 Vari. split conditions'!$C$3:'バリ分け条件 Vari. split conditions'!H10), ROWS('バリ分け条件 Vari. split conditions'!$C$3:'バリ分け条件 Vari. split conditions'!H10)))} | R15: {=IF(INDEX('バリ分け条件 Vari. split conditions'!$C$3:'バリ分け条件 Vari. split conditions'!$R$33, COLUMNS('バリ分け条件 Vari. split conditions'!$C$3:'バリ分け条件 Vari. split conditions'!I10), ROWS('バリ分け条件 Vari. split conditions'!$C$3:'バリ分け条件 Vari. split conditions'!I10))="", "", INDEX('バリ分け条件 Vari. split conditions'!$C$3:'バリ分け条件 Vari. split conditions'!$R$33, COLUMNS('バリ分け条件 Vari. split conditions'!$C$3:'バリ分け条件 Vari. split conditions'!I10), ROWS('バリ分け条件 Vari. split conditions'!$C$3:'バリ分け条件 Vari. split conditions'!I10)))} | S15: {=IF(INDEX('バリ分け条件 Vari. split conditions'!$C$3:'バリ分け条件 Vari. split conditions'!$R$33, COLUMNS('バリ分け条件 Vari. split conditions'!$C$3:'バリ分け条件 Vari. split conditions'!J10), ROWS('バリ分け条件 Vari. split conditions'!$C$3:'バリ分け条件 Vari. split conditions'!J10))="", "", INDEX('バリ分け条件 Vari. split conditions'!$C$3:'バリ分け条件 Vari. split conditions'!$R$33, COLUMNS('バリ分け条件 Vari. split conditions'!$C$3:'バリ分け条件 Vari. split conditions'!J10), ROWS('バリ分け条件 Vari. split conditions'!$C$3:'バリ分け条件 Vari. split conditions'!J10)))} | ... AP15: {=IF(INDEX('バリ分け条件 Vari. split conditions'!$C$3:'バリ分け条件 Vari. split conditions'!$R$33, COLUMNS('バリ分け条件 Vari. split conditions'!$C$3:'バリ分け条件 Vari. split conditions'!AG10), ROWS('バリ分け条件 Vari. split conditions'!$C$3:'バリ分け条件 Vari. split conditions'!AG10))="", "", INDEX('バリ分け条件 Vari. split conditions'!$C$3:'バリ分け条件 Vari. split conditions'!$R$33, COLUMNS('バリ分け条件 Vari. split conditions'!$C$3:'バリ分け条件 Vari. split conditions'!AG10), ROWS('バリ分け条件 Vari. split conditions'!$C$3:'バリ分け条件 Vari. split conditions'!AG10)))}
A16: A15 | B16: 0.15 | E16: - | L16: {=IF(INDEX('バリ分け条件 Vari. split conditions'!$C$3:'バリ分け条件 Vari. split conditions'!$R$33, COLUMNS('バリ分け条件 Vari. split conditions'!$C$3:'バリ分け条件 Vari. split conditions'!C11), ROWS('バリ分け条件 Vari. split conditions'!$C$3:'バリ分け条件 Vari. split conditions'!C11))="", "", INDEX('バリ分け条件 Vari. split conditions'!$C$3:'バリ分け条件 Vari. split conditions'!$R$33, COLUMNS('バリ分け条件 Vari. split conditions'!$C$3:'バリ分け条件 Vari. split conditions'!C11), ROWS('バリ分け条件 Vari. split conditions'!$C$3:'バリ分け条件 Vari. split conditions'!C11)))} | M16: {=IF(INDEX('バリ分け条件 Vari. split conditions'!$C$3:'バリ分け条件 Vari. split conditions'!$R$33, COLUMNS('バリ分け条件 Vari. split conditions'!$C$3:'バリ分け条件 Vari. split conditions'!D11), ROWS('バリ分け条件 Vari. split conditions'!$C$3:'バリ分け条件 Vari. split conditions'!D11))="", "", INDEX('バリ分け条件 Vari. split conditions'!$C$3:'バリ分け条件 Vari. split conditions'!$R$33, COLUMNS('バリ分け条件 Vari. split conditions'!$C$3:'バリ分け条件 Vari. split conditions'!D11), ROWS('バリ分け条件 Vari. split conditions'!$C$3:'バリ分け条件 Vari. split conditions'!D11)))} | N16: {=IF(INDEX('バリ分け条件 Vari. split conditions'!$C$3:'バリ分け条件 Vari. split conditions'!$R$33, COLUMNS('バリ分け条件 Vari. split conditions'!$C$3:'バリ分け条件 Vari. split conditions'!E11), ROWS('バリ分け条件 Vari. split conditions'!$C$3:'バリ分け条件 Vari. split conditions'!E11))="", "", INDEX('バリ分け条件 Vari. split conditions'!$C$3:'バリ分け条件 Vari. split conditions'!$R$33, COLUMNS('バリ分け条件 Vari. split conditions'!$C$3:'バリ分け条件 Vari. split conditions'!E11), ROWS('バリ分け条件 Vari. split conditions'!$C$3:'バリ分け条件 Vari. split conditions'!E11)))} | O16: {=IF(INDEX('バリ分け条件 Vari. split conditions'!$C$3:'バリ分け条件 Vari. split conditions'!$R$33, COLUMNS('バリ分け条件 Vari. split conditions'!$C$3:'バリ分け条件 Vari. split conditions'!F11), ROWS('バリ分け条件 Vari. split conditions'!$C$3:'バリ分け条件 Vari. split conditions'!F11))="", "", INDEX('バリ分け条件 Vari. split conditions'!$C$3:'バリ分け条件 Vari. split conditions'!$R$33, COLUMNS('バリ分け条件 Vari. split conditions'!$C$3:'バリ分け条件 Vari. split conditions'!F11), ROWS('バリ分け条件 Vari. split conditions'!$C$3:'バリ分け条件 Vari. split conditions'!F11)))} | P16: {=IF(INDEX('バリ分け条件 Vari. split conditions'!$C$3:'バリ分け条件 Vari. split conditions'!$R$33, COLUMNS('バリ分け条件 Vari. split conditions'!$C$3:'バリ分け条件 Vari. split conditions'!G11), ROWS('バリ分け条件 Vari. split conditions'!$C$3:'バリ分け条件 Vari. split conditions'!G11))="", "", INDEX('バリ分け条件 Vari. split conditions'!$C$3:'バリ分け条件 Vari. split conditions'!$R$33, COLUMNS('バリ分け条件 Vari. split conditions'!$C$3:'バリ分け条件 Vari. split conditions'!G11), ROWS('バリ分け条件 Vari. split conditions'!$C$3:'バリ分け条件 Vari. split conditions'!G11)))} | Q16: {=IF(INDEX('バリ分け条件 Vari. split conditions'!$C$3:'バリ分け条件 Vari. split conditions'!$R$33, COLUMNS('バリ分け条件 Vari. split conditions'!$C$3:'バリ分け条件 Vari. split conditions'!H11), ROWS('バリ分け条件 Vari. split conditions'!$C$3:'バリ分け条件 Vari. split conditions'!H11))="", "", INDEX('バリ分け条件 Vari. split conditions'!$C$3:'バリ分け条件 Vari. split conditions'!$R$33, COLUMNS('バリ分け条件 Vari. split conditions'!$C$3:'バリ分け条件 Vari. split conditions'!H11), ROWS('バリ分け条件 Vari. split conditions'!$C$3:'バリ分け条件 Vari. split conditions'!H11)))} | R16: {=IF(INDEX('バリ分け条件 Vari. split conditions'!$C$3:'バリ分け条件 Vari. split conditions'!$R$33, COLUMNS('バリ分け条件 Vari. split conditions'!$C$3:'バリ分け条件 Vari. split conditions'!I11), ROWS('バリ分け条件 Vari. split conditions'!$C$3:'バリ分け条件 Vari. split conditions'!I11))="", "", INDEX('バリ分け条件 Vari. split conditions'!$C$3:'バリ分け条件 Vari. split conditions'!$R$33, COLUMNS('バリ分け条件 Vari. split conditions'!$C$3:'バリ分け条件 Vari. split conditions'!I11), ROWS('バリ分け条件 Vari. split conditions'!$C$3:'バリ分け条件 Vari. split conditions'!I11)))} | S16: {=IF(INDEX('バリ分け条件 Vari. split conditions'!$C$3:'バリ分け条件 Vari. split conditions'!$R$33, COLUMNS('バリ分け条件 Vari. split conditions'!$C$3:'バリ分け条件 Vari. split conditions'!J11), ROWS('バリ分け条件 Vari. split conditions'!$C$3:'バリ分け条件 Vari. split conditions'!J11))="", "", INDEX('バリ分け条件 Vari. split conditions'!$C$3:'バリ分け条件 Vari. split conditions'!$R$33, COLUMNS('バリ分け条件 Vari. split conditions'!$C$3:'バリ分け条件 Vari. split conditions'!J11), ROWS('バリ分け条件 Vari. split conditions'!$C$3:'バリ分け条件 Vari. split conditions'!J11)))} | ... AP16: {=IF(INDEX('バリ分け条件 Vari. split conditions'!$C$3:'バリ分け条件 Vari. split conditions'!$R$33, COLUMNS('バリ分け条件 Vari. split conditions'!$C$3:'バリ分け条件 Vari. split conditions'!AG11), ROWS('バリ分け条件 Vari. split conditions'!$C$3:'バリ分け条件 Vari. split conditions'!AG11))="", "", INDEX('バリ分け条件 Vari. split conditions'!$C$3:'バリ分け条件 Vari. split conditions'!$R$33, COLUMNS('バリ分け条件 Vari. split conditions'!$C$3:'バリ分け条件 Vari. split conditions'!AG11), ROWS('バリ分け条件 Vari. split conditions'!$C$3:'バリ分け条件 Vari. split conditions'!AG11)))}
A17: A16 | B17: 0.16 | E17: - | L17: {=IF(INDEX('バリ分け条件 Vari. split conditions'!$C$3:'バリ分け条件 Vari. split conditions'!$R$33, COLUMNS('バリ分け条件 Vari. split conditions'!$C$3:'バリ分け条件 Vari. split conditions'!C12), ROWS('バリ分け条件 Vari. split conditions'!$C$3:'バリ分け条件 Vari. split conditions'!C12))="", "", INDEX('バリ分け条件 Vari. split conditions'!$C$3:'バリ分け条件 Vari. split conditions'!$R$33, COLUMNS('バリ分け条件 Vari. split conditions'!$C$3:'バリ分け条件 Vari. split conditions'!C12), ROWS('バリ分け条件 Vari. split conditions'!$C$3:'バリ分け条件 Vari. split conditions'!C12)))} | M17: {=IF(INDEX('バリ分け条件 Vari. split conditions'!$C$3:'バリ分け条件 Vari. split conditions'!$R$33, COLUMNS('バリ分け条件 Vari. split conditions'!$C$3:'バリ分け条件 Vari. split conditions'!D12), ROWS('バリ分け条件 Vari. split conditions'!$C$3:'バリ分け条件 Vari. split conditions'!D12))="", "", INDEX('バリ分け条件 Vari. split conditions'!$C$3:'バリ分け条件 Vari. split conditions'!$R$33, COLUMNS('バリ分け条件 Vari. split conditions'!$C$3:'バリ分け条件 Vari. split conditions'!D12), ROWS('バリ分け条件 Vari. split conditions'!$C$3:'バリ分け条件 Vari. split conditions'!D12)))} | N17: {=IF(INDEX('バリ分け条件 Vari. split conditions'!$C$3:'バリ分け条件 Vari. split conditions'!$R$33, COLUMNS('バリ分け条件 Vari. split conditions'!$C$3:'バリ分け条件 Vari. split conditions'!E12), ROWS('バリ分け条件 Vari. split conditions'!$C$3:'バリ分け条件 Vari. split conditions'!E12))="", "", INDEX('バリ分け条件 Vari. split conditions'!$C$3:'バリ分け条件 Vari. split conditions'!$R$33, COLUMNS('バリ分け条件 Vari. split conditions'!$C$3:'バリ分け条件 Vari. split conditions'!E12), ROWS('バリ分け条件 Vari. split conditions'!$C$3:'バリ分け条件 Vari. split conditions'!E12)))} | O17: {=IF(INDEX('バリ分け条件 Vari. split conditions'!$C$3:'バリ分け条件 Vari. split conditions'!$R$33, COLUMNS('バリ分け条件 Vari. split conditions'!$C$3:'バリ分け条件 Vari. split conditions'!F12), ROWS('バリ分け条件 Vari. split conditions'!$C$3:'バリ分け条件 Vari. split conditions'!F12))="", "", INDEX('バリ分け条件 Vari. split conditions'!$C$3:'バリ分け条件 Vari. split conditions'!$R$33, COLUMNS('バリ分け条件 Vari. split conditions'!$C$3:'バリ分け条件 Vari. split conditions'!F12), ROWS('バリ分け条件 Vari. split conditions'!$C$3:'バリ分け条件 Vari. split conditions'!F12)))} | P17: {=IF(INDEX('バリ分け条件 Vari. split conditions'!$C$3:'バリ分け条件 Vari. split conditions'!$R$33, COLUMNS('バリ分け条件 Vari. split conditions'!$C$3:'バリ分け条件 Vari. split conditions'!G12), ROWS('バリ分け条件 Vari. split conditions'!$C$3:'バリ分け条件 Vari. split conditions'!G12))="", "", INDEX('バリ分け条件 Vari. split conditions'!$C$3:'バリ分け条件 Vari. split conditions'!$R$33, COLUMNS('バリ分け条件 Vari. split conditions'!$C$3:'バリ分け条件 Vari. split conditions'!G12), ROWS('バリ分け条件 Vari. split conditions'!$C$3:'バリ分け条件 Vari. split conditions'!G12)))} | Q17: {=IF(INDEX('バリ分け条件 Vari. split conditions'!$C$3:'バリ分け条件 Vari. split conditions'!$R$33, COLUMNS('バリ分け条件 Vari. split conditions'!$C$3:'バリ分け条件 Vari. split conditions'!H12), ROWS('バリ分け条件 Vari. split conditions'!$C$3:'バリ分け条件 Vari. split conditions'!H12))="", "", INDEX('バリ分け条件 Vari. split conditions'!$C$3:'バリ分け条件 Vari. split conditions'!$R$33, COLUMNS('バリ分け条件 Vari. split conditions'!$C$3:'バリ分け条件 Vari. split conditions'!H12), ROWS('バリ分け条件 Vari. split conditions'!$C$3:'バリ分け条件 Vari. split conditions'!H12)))} | R17: {=IF(INDEX('バリ分け条件 Vari. split conditions'!$C$3:'バリ分け条件 Vari. split conditions'!$R$33, COLUMNS('バリ分け条件 Vari. split conditions'!$C$3:'バリ分け条件 Vari. split conditions'!I12), ROWS('バリ分け条件 Vari. split conditions'!$C$3:'バリ分け条件 Vari. split conditions'!I12))="", "", INDEX('バリ分け条件 Vari. split conditions'!$C$3:'バリ分け条件 Vari. split conditions'!$R$33, COLUMNS('バリ分け条件 Vari. split conditions'!$C$3:'バリ分け条件 Vari. split conditions'!I12), ROWS('バリ分け条件 Vari. split conditions'!$C$3:'バリ分け条件 Vari. split conditions'!I12)))} | S17: {=IF(INDEX('バリ分け条件 Vari. split conditions'!$C$3:'バリ分け条件 Vari. split conditions'!$R$33, COLUMNS('バリ分け条件 Vari. split conditions'!$C$3:'バリ分け条件 Vari. split conditions'!J12), ROWS('バリ分け条件 Vari. split conditions'!$C$3:'バリ分け条件 Vari. split conditions'!J12))="", "", INDEX('バリ分け条件 Vari. split conditions'!$C$3:'バリ分け条件 Vari. split conditions'!$R$33, COLUMNS('バリ分け条件 Vari. split conditions'!$C$3:'バリ分け条件 Vari. split conditions'!J12), ROWS('バリ分け条件 Vari. split conditions'!$C$3:'バリ分け条件 Vari. split conditions'!J12)))} | ... AP17: {=IF(INDEX('バリ分け条件 Vari. split conditions'!$C$3:'バリ分け条件 Vari. split conditions'!$R$33, COLUMNS('バリ分け条件 Vari. split conditions'!$C$3:'バリ分け条件 Vari. split conditions'!AG12), ROWS('バリ分け条件 Vari. split conditions'!$C$3:'バリ分け条件 Vari. split conditions'!AG12))="", "", INDEX('バリ分け条件 Vari. split conditions'!$C$3:'バリ分け条件 Vari. split conditions'!$R$33, COLUMNS('バリ分け条件 Vari. split conditions'!$C$3:'バリ分け条件 Vari. split conditions'!AG12), ROWS('バリ分け条件 Vari. split conditions'!$C$3:'バリ分け条件 Vari. split conditions'!AG12)))}
A18: A17 | B18: 0.17 | E18: - | L18: {=IF(INDEX('バリ分け条件 Vari. split conditions'!$C$3:'バリ分け条件 Vari. split conditions'!$R$33, COLUMNS('バリ分け条件 Vari. split conditions'!$C$3:'バリ分け条件 Vari. split conditions'!C13), ROWS('バリ分け条件 Vari. split conditions'!$C$3:'バリ分け条件 Vari. split conditions'!C13))="", "", INDEX('バリ分け条件 Vari. split conditions'!$C$3:'バリ分け条件 Vari. split conditions'!$R$33, COLUMNS('バリ分け条件 Vari. split conditions'!$C$3:'バリ分け条件 Vari. split conditions'!C13), ROWS('バリ分け条件 Vari. split conditions'!$C$3:'バリ分け条件 Vari. split conditions'!C13)))} | M18: {=IF(INDEX('バリ分け条件 Vari. split conditions'!$C$3:'バリ分け条件 Vari. split conditions'!$R$33, COLUMNS('バリ分け条件 Vari. split conditions'!$C$3:'バリ分け条件 Vari. split conditions'!D13), ROWS('バリ分け条件 Vari. split conditions'!$C$3:'バリ分け条件 Vari. split conditions'!D13))="", "", INDEX('バリ分け条件 Vari. split conditions'!$C$3:'バリ分け条件 Vari. split conditions'!$R$33, COLUMNS('バリ分け条件 Vari. split conditions'!$C$3:'バリ分け条件 Vari. split conditions'!D13), ROWS('バリ分け条件 Vari. split conditions'!$C$3:'バリ分け条件 Vari. split conditions'!D13)))} | N18: {=IF(INDEX('バリ分け条件 Vari. split conditions'!$C$3:'バリ分け条件 Vari. split conditions'!$R$33, COLUMNS('バリ分け条件 Vari. split conditions'!$C$3:'バリ分け条件 Vari. split conditions'!E13), ROWS('バリ分け条件 Vari. split conditions'!$C$3:'バリ分け条件 Vari. split conditions'!E13))="", "", INDEX('バリ分け条件 Vari. split conditions'!$C$3:'バリ分け条件 Vari. split conditions'!$R$33, COLUMNS('バリ分け条件 Vari. split conditions'!$C$3:'バリ分け条件 Vari. split conditions'!E13), ROWS('バリ分け条件 Vari. split conditions'!$C$3:'バリ分け条件 Vari. split conditions'!E13)))} | O18: {=IF(INDEX('バリ分け条件 Vari. split conditions'!$C$3:'バリ分け条件 Vari. split conditions'!$R$33, COLUMNS('バリ分け条件 Vari. split conditions'!$C$3:'バリ分け条件 Vari. split conditions'!F13), ROWS('バリ分け条件 Vari. split conditions'!$C$3:'バリ分け条件 Vari. split conditions'!F13))="", "", INDEX('バリ分け条件 Vari. split conditions'!$C$3:'バリ分け条件 Vari. split conditions'!$R$33, COLUMNS('バリ分け条件 Vari. split conditions'!$C$3:'バリ分け条件 Vari. split conditions'!F13), ROWS('バリ分け条件 Vari. split conditions'!$C$3:'バリ分け条件 Vari. split conditions'!F13)))} | P18: {=IF(INDEX('バリ分け条件 Vari. split conditions'!$C$3:'バリ分け条件 Vari. split conditions'!$R$33, COLUMNS('バリ分け条件 Vari. split conditions'!$C$3:'バリ分け条件 Vari. split conditions'!G13), ROWS('バリ分け条件 Vari. split conditions'!$C$3:'バリ分け条件 Vari. split conditions'!G13))="", "", INDEX('バリ分け条件 Vari. split conditions'!$C$3:'バリ分け条件 Vari. split conditions'!$R$33, COLUMNS('バリ分け条件 Vari. split conditions'!$C$3:'バリ分け条件 Vari. split conditions'!G13), ROWS('バリ分け条件 Vari. split conditions'!$C$3:'バリ分け条件 Vari. split conditions'!G13)))} | Q18: {=IF(INDEX('バリ分け条件 Vari. split conditions'!$C$3:'バリ分け条件 Vari. split conditions'!$R$33, COLUMNS('バリ分け条件 Vari. split conditions'!$C$3:'バリ分け条件 Vari. split conditions'!H13), ROWS('バリ分け条件 Vari. split conditions'!$C$3:'バリ分け条件 Vari. split conditions'!H13))="", "", INDEX('バリ分け条件 Vari. split conditions'!$C$3:'バリ分け条件 Vari. split conditions'!$R$33, COLUMNS('バリ分け条件 Vari. split conditions'!$C$3:'バリ分け条件 Vari. split conditions'!H13), ROWS('バリ分け条件 Vari. split conditions'!$C$3:'バリ分け条件 Vari. split conditions'!H13)))} | R18: {=IF(INDEX('バリ分け条件 Vari. split conditions'!$C$3:'バリ分け条件 Vari. split conditions'!$R$33, COLUMNS('バリ分け条件 Vari. split conditions'!$C$3:'バリ分け条件 Vari. split conditions'!I13), ROWS('バリ分け条件 Vari. split conditions'!$C$3:'バリ分け条件 Vari. split conditions'!I13))="", "", INDEX('バリ分け条件 Vari. split conditions'!$C$3:'バリ分け条件 Vari. split conditions'!$R$33, COLUMNS('バリ分け条件 Vari. split conditions'!$C$3:'バリ分け条件 Vari. split conditions'!I13), ROWS('バリ分け条件 Vari. split conditions'!$C$3:'バリ分け条件 Vari. split conditions'!I13)))} | S18: {=IF(INDEX('バリ分け条件 Vari. split conditions'!$C$3:'バリ分け条件 Vari. split conditions'!$R$33, COLUMNS('バリ分け条件 Vari. split conditions'!$C$3:'バリ分け条件 Vari. split conditions'!J13), ROWS('バリ分け条件 Vari. split conditions'!$C$3:'バリ分け条件 Vari. split conditions'!J13))="", "", INDEX('バリ分け条件 Vari. split conditions'!$C$3:'バリ分け条件 Vari. split conditions'!$R$33, COLUMNS('バリ分け条件 Vari. split conditions'!$C$3:'バリ分け条件 Vari. split conditions'!J13), ROWS('バリ分け条件 Vari. split conditions'!$C$3:'バリ分け条件 Vari. split conditions'!J13)))} | ... AP18: {=IF(INDEX('バリ分け条件 Vari. split conditions'!$C$3:'バリ分け条件 Vari. split conditions'!$R$33, COLUMNS('バリ分け条件 Vari. split conditions'!$C$3:'バリ分け条件 Vari. split conditions'!AG13), ROWS('バリ分け条件 Vari. split conditions'!$C$3:'バリ分け条件 Vari. split conditions'!AG13))="", "", INDEX('バリ分け条件 Vari. split conditions'!$C$3:'バリ分け条件 Vari. split conditions'!$R$33, COLUMNS('バリ分け条件 Vari. split conditions'!$C$3:'バリ分け条件 Vari. split conditions'!AG13), ROWS('バリ分け条件 Vari. split conditions'!$C$3:'バリ分け条件 Vari. split conditions'!AG13)))}
A19: A18 | B19: 0.18 | E19: - | L19: {=IF(INDEX('バリ分け条件 Vari. split conditions'!$C$3:'バリ分け条件 Vari. split conditions'!$R$33, COLUMNS('バリ分け条件 Vari. split conditions'!$C$3:'バリ分け条件 Vari. split conditions'!C14), ROWS('バリ分け条件 Vari. split conditions'!$C$3:'バリ分け条件 Vari. split conditions'!C14))="", "", INDEX('バリ分け条件 Vari. split conditions'!$C$3:'バリ分け条件 Vari. split conditions'!$R$33, COLUMNS('バリ分け条件 Vari. split conditions'!$C$3:'バリ分け条件 Vari. split conditions'!C14), ROWS('バリ分け条件 Vari. split conditions'!$C$3:'バリ分け条件 Vari. split conditions'!C14)))} | M19: {=IF(INDEX('バリ分け条件 Vari. split conditions'!$C$3:'バリ分け条件 Vari. split conditions'!$R$33, COLUMNS('バリ分け条件 Vari. split conditions'!$C$3:'バリ分け条件 Vari. split conditions'!D14), ROWS('バリ分け条件 Vari. split conditions'!$C$3:'バリ分け条件 Vari. split conditions'!D14))="", "", INDEX('バリ分け条件 Vari. split conditions'!$C$3:'バリ分け条件 Vari. split conditions'!$R$33, COLUMNS('バリ分け条件 Vari. split conditions'!$C$3:'バリ分け条件 Vari. split conditions'!D14), ROWS('バリ分け条件 Vari. split conditions'!$C$3:'バリ分け条件 Vari. split conditions'!D14)))} | N19: {=IF(INDEX('バリ分け条件 Vari. split conditions'!$C$3:'バリ分け条件 Vari. split conditions'!$R$33, COLUMNS('バリ分け条件 Vari. split conditions'!$C$3:'バリ分け条件 Vari. split conditions'!E14), ROWS('バリ分け条件 Vari. split conditions'!$C$3:'バリ分け条件 Vari. split conditions'!E14))="", "", INDEX('バリ分け条件 Vari. split conditions'!$C$3:'バリ分け条件 Vari. split conditions'!$R$33, COLUMNS('バリ分け条件 Vari. split conditions'!$C$3:'バリ分け条件 Vari. split conditions'!E14), ROWS('バリ分け条件 Vari. split conditions'!$C$3:'バリ分け条件 Vari. split conditions'!E14)))} | O19: {=IF(INDEX('バリ分け条件 Vari. split conditions'!$C$3:'バリ分け条件 Vari. split conditions'!$R$33, COLUMNS('バリ分け条件 Vari. split conditions'!$C$3:'バリ分け条件 Vari. split conditions'!F14), ROWS('バリ分け条件 Vari. split conditions'!$C$3:'バリ分け条件 Vari. split conditions'!F14))="", "", INDEX('バリ分け条件 Vari. split conditions'!$C$3:'バリ分け条件 Vari. split conditions'!$R$33, COLUMNS('バリ分け条件 Vari. split conditions'!$C$3:'バリ分け条件 Vari. split conditions'!F14), ROWS('バリ分け条件 Vari. split conditions'!$C$3:'バリ分け条件 Vari. split conditions'!F14)))} | P19: {=IF(INDEX('バリ分け条件 Vari. split conditions'!$C$3:'バリ分け条件 Vari. split conditions'!$R$33, COLUMNS('バリ分け条件 Vari. split conditions'!$C$3:'バリ分け条件 Vari. split conditions'!G14), ROWS('バリ分け条件 Vari. split conditions'!$C$3:'バリ分け条件 Vari. split conditions'!G14))="", "", INDEX('バリ分け条件 Vari. split conditions'!$C$3:'バリ分け条件 Vari. split conditions'!$R$33, COLUMNS('バリ分け条件 Vari. split conditions'!$C$3:'バリ分け条件 Vari. split conditions'!G14), ROWS('バリ分け条件 Vari. split conditions'!$C$3:'バリ分け条件 Vari. split conditions'!G14)))} | Q19: {=IF(INDEX('バリ分け条件 Vari. split conditions'!$C$3:'バリ分け条件 Vari. split conditions'!$R$33, COLUMNS('バリ分け条件 Vari. split conditions'!$C$3:'バリ分け条件 Vari. split conditions'!H14), ROWS('バリ分け条件 Vari. split conditions'!$C$3:'バリ分け条件 Vari. split conditions'!H14))="", "", INDEX('バリ分け条件 Vari. split conditions'!$C$3:'バリ分け条件 Vari. split conditions'!$R$33, COLUMNS('バリ分け条件 Vari. split conditions'!$C$3:'バリ分け条件 Vari. split conditions'!H14), ROWS('バリ分け条件 Vari. split conditions'!$C$3:'バリ分け条件 Vari. split conditions'!H14)))} | R19: {=IF(INDEX('バリ分け条件 Vari. split conditions'!$C$3:'バリ分け条件 Vari. split conditions'!$R$33, COLUMNS('バリ分け条件 Vari. split conditions'!$C$3:'バリ分け条件 Vari. split conditions'!I14), ROWS('バリ分け条件 Vari. split conditions'!$C$3:'バリ分け条件 Vari. split conditions'!I14))="", "", INDEX('バリ分け条件 Vari. split conditions'!$C$3:'バリ分け条件 Vari. split conditions'!$R$33, COLUMNS('バリ分け条件 Vari. split conditions'!$C$3:'バリ分け条件 Vari. split conditions'!I14), ROWS('バリ分け条件 Vari. split conditions'!$C$3:'バリ分け条件 Vari. split conditions'!I14)))} | S19: {=IF(INDEX('バリ分け条件 Vari. split conditions'!$C$3:'バリ分け条件 Vari. split conditions'!$R$33, COLUMNS('バリ分け条件 Vari. split conditions'!$C$3:'バリ分け条件 Vari. split conditions'!J14), ROWS('バリ分け条件 Vari. split conditions'!$C$3:'バリ分け条件 Vari. split conditions'!J14))="", "", INDEX('バリ分け条件 Vari. split conditions'!$C$3:'バリ分け条件 Vari. split conditions'!$R$33, COLUMNS('バリ分け条件 Vari. split conditions'!$C$3:'バリ分け条件 Vari. split conditions'!J14), ROWS('バリ分け条件 Vari. split conditions'!$C$3:'バリ分け条件 Vari. split conditions'!J14)))} | ... AP19: {=IF(INDEX('バリ分け条件 Vari. split conditions'!$C$3:'バリ分け条件 Vari. split conditions'!$R$33, COLUMNS('バリ分け条件 Vari. split conditions'!$C$3:'バリ分け条件 Vari. split conditions'!AG14), ROWS('バリ分け条件 Vari. split conditions'!$C$3:'バリ分け条件 Vari. split conditions'!AG14))="", "", INDEX('バリ分け条件 Vari. split conditions'!$C$3:'バリ分け条件 Vari. split conditions'!$R$33, COLUMNS('バリ分け条件 Vari. split conditions'!$C$3:'バリ分け条件 Vari. split conditions'!AG14), ROWS('バリ分け条件 Vari. split conditions'!$C$3:'バリ分け条件 Vari. split conditions'!AG14)))}
... A23: A22 | B23: 0.22 | E23: - | L23: {=IF(INDEX('バリ分け条件 Vari. split conditions'!$C$3:'バリ分け条件 Vari. split conditions'!$R$33, COLUMNS('バリ分け条件 Vari. split conditions'!$C$3:'バリ分け条件 Vari. split conditions'!C18), ROWS('バリ分け条件 Vari. split conditions'!$C$3:'バリ分け条件 Vari. split conditions'!C18))="", "", INDEX('バリ分け条件 Vari. split conditions'!$C$3:'バリ分け条件 Vari. split conditions'!$R$33, COLUMNS('バリ分け条件 Vari. split conditions'!$C$3:'バリ分け条件 Vari. split conditions'!C18), ROWS('バリ分け条件 Vari. split conditions'!$C$3:'バリ分け条件 Vari. split conditions'!C18)))} | M23: {=IF(INDEX('バリ分け条件 Vari. split conditions'!$C$3:'バリ分け条件 Vari. split conditions'!$R$33, COLUMNS('バリ分け条件 Vari. split conditions'!$C$3:'バリ分け条件 Vari. split conditions'!D18), ROWS('バリ分け条件 Vari. split conditions'!$C$3:'バリ分け条件 Vari. split conditions'!D18))="", "", INDEX('バリ分け条件 Vari. split conditions'!$C$3:'バリ分け条件 Vari. split conditions'!$R$33, COLUMNS('バリ分け条件 Vari. split conditions'!$C$3:'バリ分け条件 Vari. split conditions'!D18), ROWS('バリ分け条件 Vari. split conditions'!$C$3:'バリ分け条件 Vari. split conditions'!D18)))} | N23: {=IF(INDEX('バリ分け条件 Vari. split conditions'!$C$3:'バリ分け条件 Vari. split conditions'!$R$33, COLUMNS('バリ分け条件 Vari. split conditions'!$C$3:'バリ分け条件 Vari. split conditions'!E18), ROWS('バリ分け条件 Vari. split conditions'!$C$3:'バリ分け条件 Vari. split conditions'!E18))="", "", INDEX('バリ分け条件 Vari. split conditions'!$C$3:'バリ分け条件 Vari. split conditions'!$R$33, COLUMNS('バリ分け条件 Vari. split conditions'!$C$3:'バリ分け条件 Vari. split conditions'!E18), ROWS('バリ分け条件 Vari. split conditions'!$C$3:'バリ分け条件 Vari. split conditions'!E18)))} | O23: {=IF(INDEX('バリ分け条件 Vari. split conditions'!$C$3:'バリ分け条件 Vari. split conditions'!$R$33, COLUMNS('バリ分け条件 Vari. split conditions'!$C$3:'バリ分け条件 Vari. split conditions'!F18), ROWS('バリ分け条件 Vari. split conditions'!$C$3:'バリ分け条件 Vari. split conditions'!F18))="", "", INDEX('バリ分け条件 Vari. split conditions'!$C$3:'バリ分け条件 Vari. split conditions'!$R$33, COLUMNS('バリ分け条件 Vari. split conditions'!$C$3:'バリ分け条件 Vari. split conditions'!F18), ROWS('バリ分け条件 Vari. split conditions'!$C$3:'バリ分け条件 Vari. split conditions'!F18)))} | P23: {=IF(INDEX('バリ分け条件 Vari. split conditions'!$C$3:'バリ分け条件 Vari. split conditions'!$R$33, COLUMNS('バリ分け条件 Vari. split conditions'!$C$3:'バリ分け条件 Vari. split conditions'!G18), ROWS('バリ分け条件 Vari. split conditions'!$C$3:'バリ分け条件 Vari. split conditions'!G18))="", "", INDEX('バリ分け条件 Vari. split conditions'!$C$3:'バリ分け条件 Vari. split conditions'!$R$33, COLUMNS('バリ分け条件 Vari. split conditions'!$C$3:'バリ分け条件 Vari. split conditions'!G18), ROWS('バリ分け条件 Vari. split conditions'!$C$3:'バリ分け条件 Vari. split conditions'!G18)))} | Q23: {=IF(INDEX('バリ分け条件 Vari. split conditions'!$C$3:'バリ分け条件 Vari. split conditions'!$R$33, COLUMNS('バリ分け条件 Vari. split conditions'!$C$3:'バリ分け条件 Vari. split conditions'!H18), ROWS('バリ分け条件 Vari. split conditions'!$C$3:'バリ分け条件 Vari. split conditions'!H18))="", "", INDEX('バリ分け条件 Vari. split conditions'!$C$3:'バリ分け条件 Vari. split conditions'!$R$33, COLUMNS('バリ分け条件 Vari. split conditions'!$C$3:'バリ分け条件 Vari. split conditions'!H18), ROWS('バリ分け条件 Vari. split conditions'!$C$3:'バリ分け条件 Vari. split conditions'!H18)))} | R23: {=IF(INDEX('バリ分け条件 Vari. split conditions'!$C$3:'バリ分け条件 Vari. split conditions'!$R$33, COLUMNS('バリ分け条件 Vari. split conditions'!$C$3:'バリ分け条件 Vari. split conditions'!I18), ROWS('バリ分け条件 Vari. split conditions'!$C$3:'バリ分け条件 Vari. split conditions'!I18))="", "", INDEX('バリ分け条件 Vari. split conditions'!$C$3:'バリ分け条件 Vari. split conditions'!$R$33, COLUMNS('バリ分け条件 Vari. split conditions'!$C$3:'バリ分け条件 Vari. split conditions'!I18), ROWS('バリ分け条件 Vari. split conditions'!$C$3:'バリ分け条件 Vari. split conditions'!I18)))} | S23: {=IF(INDEX('バリ分け条件 Vari. split conditions'!$C$3:'バリ分け条件 Vari. split conditions'!$R$33, COLUMNS('バリ分け条件 Vari. split conditions'!$C$3:'バリ分け条件 Vari. split conditions'!J18), ROWS('バリ分け条件 Vari. split conditions'!$C$3:'バリ分け条件 Vari. split conditions'!J18))="", "", INDEX('バリ分け条件 Vari. split conditions'!$C$3:'バリ分け条件 Vari. split conditions'!$R$33, COLUMNS('バリ分け条件 Vari. split conditions'!$C$3:'バリ分け条件 Vari. split conditions'!J18), ROWS('バリ分け条件 Vari. split conditions'!$C$3:'バリ分け条件 Vari. split conditions'!J18)))} | ... AP23: {=IF(INDEX('バリ分け条件 Vari. split conditions'!$C$3:'バリ分け条件 Vari. split conditions'!$R$33, COLUMNS('バリ分け条件 Vari. split conditions'!$C$3:'バリ分け条件 Vari. split conditions'!AG18), ROWS('バリ分け条件 Vari. split conditions'!$C$3:'バリ分け条件 Vari. split conditions'!AG18))="", "", INDEX('バリ分け条件 Vari. split conditions'!$C$3:'バリ分け条件 Vari. split conditions'!$R$33, COLUMNS('バリ分け条件 Vari. split conditions'!$C$3:'バリ分け条件 Vari. split conditions'!AG18), ROWS('バリ分け条件 Vari. split conditions'!$C$3:'バリ分け条件 Vari. split conditions'!AG18)))}
A24: A23 | B24: 0.23 | E24: - | K24: 仕向地により切り分け、A車系あり、それ以外無し Separate by destination, type A vehicles/other/none | L24: =_xlfn.FORMULATEXT(M24) -> =SWITCH(M3,"A",1,"W",0,"C",0) | M24: {=_xlfn.SWITCH(M3,"A",1,"W",0,"C",0)} -> 1 | N24: {=_xlfn.SWITCH(N3,"A",1,"W",0,"C",0)} -> 1 | O24: {=_xlfn.SWITCH(O3,"A",1,"W",0,"C",0)} -> 1 | P24: {=_xlfn.SWITCH(P3,"A",1,"W",0,"C",0)} -> 1 | Q24: {=_xlfn.SWITCH(Q3,"A",1,"W",0,"C",0)} -> 0 | R24: {=_xlfn.SWITCH(R3,"A",1,"W",0,"C",0)} -> 0 | S24: {=_xlfn.SWITCH(S3,"A",1,"W",0,"C",0)} -> 0 | T24: {=_xlfn.SWITCH(T3,"A",1,"W",0,"C",0)} -> 0 | ... Z24: {=_xlfn.SWITCH(Z3,"A",1,"W",0,"C",0)} -> 0
A25: A24 | B25: 0.24 | E25: - | K25: パワトレにコンベ以外もあるため、コンベあり／それ以外なし Since powertrains include non-conventional vehicles, conventional vehicles/other/none | L25: =_xlfn.FORMULATEXT(M25) -> =SWITCH(M5,"CONV",1,"HEV",0) | M25: {=_xlfn.SWITCH(M5,"CONV",1,"HEV",0)} -> 1 | N25: {=_xlfn.SWITCH(N5,"CONV",1,"HEV",0)} -> 0 | O25: {=_xlfn.SWITCH(O5,"CONV",1,"HEV",0)} -> 1 | P25: {=_xlfn.SWITCH(P5,"CONV",1,"HEV",0)} -> 0 | Q25: {=_xlfn.SWITCH(Q5,"CONV",1,"HEV",0)} -> 1 | R25: {=_xlfn.SWITCH(R5,"CONV",1,"HEV",0)} -> 0 | S25: {=_xlfn.SWITCH(S5,"CONV",1,"HEV",0)} -> 1 | T25: {=_xlfn.SWITCH(T5,"CONV",1,"HEV",0)} -> 0 | ... Z25: {=_xlfn.SWITCH(Z5,"CONV",1,"HEV",0)} -> 0
A26: A25 | B26: 0.25 | E26: - | K26: バリ分け無し、あり固定 Fixed to with/without variation separation | L26: =_xlfn.FORMULATEXT(M26) -> =1 | M26: =1 -> 1 | N26: =1 -> 1 | O26: =1 -> 1 | P26: =1 -> 1 | Q26: =1 -> 1 | R26: =1 -> 1 | S26: =1 -> 1 | T26: =1 -> 1 | ... Z26: =1 -> 1
A27: ADDID-C-1B-0001 | B27: 1 | C27: MCUID0001 | D27: 【自動入力】 MCU個別部ソフト品番(左から1桁目) [Automatic entry] Individual MCU part software part number (1st digit from left) | E27: - | F27: メータPhase6ダイアグシステム標準仕様書 Meter phase 6 diagnostics system standard specifications | G27: MET-M_MMPHA6DI-CSTD-A1 | H27: - | I27: 全車両 All vehicles | J27: ASCIIコード10進数で記載 Enter as ASCII code decimal value | K27: A列1文字目をASCII変換し転記 Convert 1st character of column A into ASCII and transcribe. | L27: =_xlfn.FORMULATEXT(M27) -> =CODE(MID(M$2,1,1)) | M27: =CODE(MID(M$2,1,1)) -> #VALUE! | N27: =CODE(MID(N$2,1,1)) -> #VALUE! | O27: =CODE(MID(O$2,1,1)) -> #VALUE! | P27: =CODE(MID(P$2,1,1)) -> #VALUE! | Q27: =CODE(MID(Q$2,1,1)) -> #VALUE! | R27: =CODE(MID(R$2,1,1)) -> #VALUE! | S27: =CODE(MID(S$2,1,1)) -> #VALUE! | T27: =CODE(MID(T$2,1,1)) -> #VALUE! | ... AP27: =CODE(MID(AP$2,1,1)) -> #VALUE! | AQ27: 48 | AR27: U1 | AS27: 1 | AT27: 0 | AU27: - | AV27: 48 | AW27: 90 | AX27: - | AY27: {=_xlfn.SWITCH($D$4,"DENSO",AZ27,"XXX",BA27,"YYY",BB27,"")} -> 0x0001C760 | AZ27: =_xlfn.LET(_xlpm.M,_xlfn.XLOOKUP(C27,Sheet1!$B$2:$B$629,Sheet1!$C$2:$C$629),_xlpm.R1B,_xlfn.XLOOKUP('MCUCONST(編集用 For Editing)'!A27,Sheet1!$D$2:$D$390,Sheet1!$E$2:$E$390),_xlpm.R2B,_xlfn.XLOOKUP(A27,Sheet1!$F$2:$F$561,Sheet1!$G$2:$G$561),_xlpm.R4B,_xlfn.XLOOKUP('MCUCONST(編集用 For Editing)'!A27,Sheet1!$H$2:$H$61,Sheet1!$I$2:$I$61),_xlfn.IFNA(_xlpm.M,_xlfn.IFNA(_xlpm.R1B,_xlfn.IFNA(_xlpm.R2B,_xlpm.R4B)))) -> 0x0001C760
A28: ADDID-C-1B-0002 | B28: 2 | C28: MCUID0002 | D28: 【自動入力】 MCU個別部ソフト品番(左から2桁目) [Automatic entry] Individual MCU part software part number (2nd digit from left) | E28: - | F28: メータPhase6ダイアグシステム標準仕様書 Meter phase 6 diagnostics system standard specifications | G28: MET-M_MMPHA6DI-CSTD-A1 | H28: - | I28: 全車両 All vehicles | J28: ASCIIコード10進数で記載 Enter as ASCII code decimal value | K28: A列2文字目をASCII変換し転記 Convert 2nd character of column A into ASCII and transcribe. | L28: =_xlfn.FORMULATEXT(M28) -> =CODE(MID(M$2,2,1)) | M28: =CODE(MID(M$2,2,1)) -> #VALUE! | N28: =CODE(MID(N$2,2,1)) -> #VALUE! | O28: =CODE(MID(O$2,2,1)) -> #VALUE! | P28: =CODE(MID(P$2,2,1)) -> #VALUE! | Q28: =CODE(MID(Q$2,2,1)) -> #VALUE! | R28: =CODE(MID(R$2,2,1)) -> #VALUE! | S28: =CODE(MID(S$2,2,1)) -> #VALUE! | T28: =CODE(MID(T$2,2,1)) -> #VALUE! | ... AP28: =CODE(MID(AP$2,2,1)) -> #VALUE! | AQ28: 48 | AR28: U1 | AS28: 1 | AT28: 0 | AU28: - | AV28: 48 | AW28: 90 | AX28: - | AY28: {=_xlfn.SWITCH($D$4,"DENSO",AZ28,"XXX",BA28,"YYY",BB28,"")} -> 0x0001C761 | AZ28: =_xlfn.LET(_xlpm.M,_xlfn.XLOOKUP(C28,Sheet1!$B$2:$B$629,Sheet1!$C$2:$C$629),_xlpm.R1B,_xlfn.XLOOKUP('MCUCONST(編集用 For Editing)'!A28,Sheet1!$D$2:$D$390,Sheet1!$E$2:$E$390),_xlpm.R2B,_xlfn.XLOOKUP(A28,Sheet1!$F$2:$F$561,Sheet1!$G$2:$G$561),_xlpm.R4B,_xlfn.XLOOKUP('MCUCONST(編集用 For Editing)'!A28,Sheet1!$H$2:$H$61,Sheet1!$I$2:$I$61),_xlfn.IFNA(_xlpm.M,_xlfn.IFNA(_xlpm.R1B,_xlfn.IFNA(_xlpm.R2B,_xlpm.R4B)))) -> 0x0001C761
A29: ADDID-C-1B-0003 | B29: 3 | C29: MCUID0003 | D29: 【自動入力】 MCU個別部ソフト品番(左から3桁目) [Automatic entry] Individual MCU part software part number (3rd digit from left) | E29: - | F29: メータPhase6ダイアグシステム標準仕様書 Meter phase 6 diagnostics system standard specifications | G29: MET-M_MMPHA6DI-CSTD-A1 | H29: - | I29: 全車両 All vehicles | J29: ASCIIコード10進数で記載 Enter as ASCII code decimal value | K29: A列3文字目をASCII変換し転記 Convert 3rd character of column A into ASCII and transcribe. | L29: =_xlfn.FORMULATEXT(M29) -> =CODE(MID(M$2,3,1)) | M29: =CODE(MID(M$2,3,1)) -> #VALUE! | N29: =CODE(MID(N$2,3,1)) -> #VALUE! | O29: =CODE(MID(O$2,3,1)) -> #VALUE! | P29: =CODE(MID(P$2,3,1)) -> #VALUE! | Q29: =CODE(MID(Q$2,3,1)) -> #VALUE! | R29: =CODE(MID(R$2,3,1)) -> #VALUE! | S29: =CODE(MID(S$2,3,1)) -> #VALUE! | T29: =CODE(MID(T$2,3,1)) -> #VALUE! | ... AP29: =CODE(MID(AP$2,3,1)) -> #VALUE! | AQ29: 48 | AR29: U1 | AS29: 1 | AT29: 0 | AU29: - | AV29: 48 | AW29: 90 | AX29: - | AY29: {=_xlfn.SWITCH($D$4,"DENSO",AZ29,"XXX",BA29,"YYY",BB29,"")} -> 0x0001C762 | AZ29: =_xlfn.LET(_xlpm.M,_xlfn.XLOOKUP(C29,Sheet1!$B$2:$B$629,Sheet1!$C$2:$C$629),_xlpm.R1B,_xlfn.XLOOKUP('MCUCONST(編集用 For Editing)'!A29,Sheet1!$D$2:$D$390,Sheet1!$E$2:$E$390),_xlpm.R2B,_xlfn.XLOOKUP(A29,Sheet1!$F$2:$F$561,Sheet1!$G$2:$G$561),_xlpm.R4B,_xlfn.XLOOKUP('MCUCONST(編集用 For Editing)'!A29,Sheet1!$H$2:$H$61,Sheet1!$I$2:$I$61),_xlfn.IFNA(_xlpm.M,_xlfn.IFNA(_xlpm.R1B,_xlfn.IFNA(_xlpm.R2B,_xlpm.R4B)))) -> 0x0001C762
A30: ADDID-C-1B-0004 | B30: 4 | C30: MCUID0004 | D30: 【自動入力】 MCU個別部ソフト品番(左から4桁目) [Automatic entry] Individual MCU part software part number (4th digit from left) | E30: - | F30: メータPhase6ダイアグシステム標準仕様書 Meter phase 6 diagnostics system standard specifications | G30: MET-M_MMPHA6DI-CSTD-A1 | H30: - | I30: 全車両 All vehicles | J30: ASCIIコード10進数で記載 Enter as ASCII code decimal value | K30: A列の4文字目をASCII変換し転記 Convert 4th character of column A into ASCII and transcribe. | L30: =_xlfn.FORMULATEXT(M30) -> =CODE(MID(M$2,4,1)) | M30: =CODE(MID(M$2,4,1)) -> #VALUE! | N30: =CODE(MID(N$2,4,1)) -> #VALUE! | O30: =CODE(MID(O$2,4,1)) -> #VALUE! | P30: =CODE(MID(P$2,4,1)) -> #VALUE! | Q30: =CODE(MID(Q$2,4,1)) -> #VALUE! | R30: =CODE(MID(R$2,4,1)) -> #VALUE! | S30: =CODE(MID(S$2,4,1)) -> #VALUE! | T30: =CODE(MID(T$2,4,1)) -> #VALUE! | ... AP30: =CODE(MID(AP$2,4,1)) -> #VALUE! | AQ30: 48 | AR30: U1 | AS30: 1 | AT30: 0 | AU30: - | AV30: 48 | AW30: 90 | AX30: - | AY30: {=_xlfn.SWITCH($D$4,"DENSO",AZ30,"XXX",BA30,"YYY",BB30,"")} -> 0x0001C763 | AZ30: =_xlfn.LET(_xlpm.M,_xlfn.XLOOKUP(C30,Sheet1!$B$2:$B$629,Sheet1!$C$2:$C$629),_xlpm.R1B,_xlfn.XLOOKUP('MCUCONST(編集用 For Editing)'!A30,Sheet1!$D$2:$D$390,Sheet1!$E$2:$E$390),_xlpm.R2B,_xlfn.XLOOKUP(A30,Sheet1!$F$2:$F$561,Sheet1!$G$2:$G$561),_xlpm.R4B,_xlfn.XLOOKUP('MCUCONST(編集用 For Editing)'!A30,Sheet1!$H$2:$H$61,Sheet1!$I$2:$I$61),_xlfn.IFNA(_xlpm.M,_xlfn.IFNA(_xlpm.R1B,_xlfn.IFNA(_xlpm.R2B,_xlpm.R4B)))) -> 0x0001C763
A31: ADDID-C-1B-0005 | B31: 5 | C31: MCUID0005 | D31: 【自動入力】 MCU個別部ソフト品番(左から5桁目) [Automatic entry] Individual MCU part software part number (5th digit from left) | E31: - | F31: メータPhase6ダイアグシステム標準仕様書 Meter phase 6 diagnostics system standard specifications | G31: MET-M_MMPHA6DI-CSTD-A1 | H31: - | I31: 全車両 All vehicles | J31: ASCIIコード10進数で記載 Enter as ASCII code decimal value | K31: A列の5文字目をASCII変換し転記 Convert 5th character of column A into ASCII and transcribe. | L31: =_xlfn.FORMULATEXT(M31) -> =CODE(MID(M$2,5,1)) | M31: =CODE(MID(M$2,5,1)) -> #VALUE! | N31: =CODE(MID(N$2,5,1)) -> #VALUE! | O31: =CODE(MID(O$2,5,1)) -> #VALUE! | P31: =CODE(MID(P$2,5,1)) -> #VALUE! | Q31: =CODE(MID(Q$2,5,1)) -> #VALUE! | R31: =CODE(MID(R$2,5,1)) -> #VALUE! | S31: =CODE(MID(S$2,5,1)) -> #VALUE! | T31: =CODE(MID(T$2,5,1)) -> #VALUE! | ... AP31: =CODE(MID(AP$2,5,1)) -> #VALUE! | AQ31: 48 | AR31: U1 | AS31: 1 | AT31: 0 | AU31: - | AV31: 48 | AW31: 90 | AX31: - | AY31: {=_xlfn.SWITCH($D$4,"DENSO",AZ31,"XXX",BA31,"YYY",BB31,"")} -> 0x0001C764 | AZ31: =_xlfn.LET(_xlpm.M,_xlfn.XLOOKUP(C31,Sheet1!$B$2:$B$629,Sheet1!$C$2:$C$629),_xlpm.R1B,_xlfn.XLOOKUP('MCUCONST(編集用 For Editing)'!A31,Sheet1!$D$2:$D$390,Sheet1!$E$2:$E$390),_xlpm.R2B,_xlfn.XLOOKUP(A31,Sheet1!$F$2:$F$561,Sheet1!$G$2:$G$561),_xlpm.R4B,_xlfn.XLOOKUP('MCUCONST(編集用 For Editing)'!A31,Sheet1!$H$2:$H$61,Sheet1!$I$2:$I$61),_xlfn.IFNA(_xlpm.M,_xlfn.IFNA(_xlpm.R1B,_xlfn.IFNA(_xlpm.R2B,_xlpm.R4B)))) -> 0x0001C764
A32: ADDID-C-1B-0006 | B32: 6 | C32: MCUID0006 | D32: 【自動入力】 MCU個別部ソフト品番(左から6桁目) [Automatic entry] Individual MCU part software part number (6th digit from left) | E32: - | F32: メータPhase6ダイアグシステム標準仕様書 Meter phase 6 diagnostics system standard specifications | G32: MET-M_MMPHA6DI-CSTD-A1 | H32: - | I32: 全車両 All vehicles | J32: ASCIIコード10進数で記載 Enter as ASCII code decimal value | K32: A列の6文字目をASCII変換し転記 Convert 6th character of column A into ASCII and transcribe. | L32: =_xlfn.FORMULATEXT(M32) -> =CODE(MID(M$2,6,1)) | M32: =CODE(MID(M$2,6,1)) -> #VALUE! | N32: =CODE(MID(N$2,6,1)) -> #VALUE! | O32: =CODE(MID(O$2,6,1)) -> #VALUE! | P32: =CODE(MID(P$2,6,1)) -> #VALUE! | Q32: =CODE(MID(Q$2,6,1)) -> #VALUE! | R32: =CODE(MID(R$2,6,1)) -> #VALUE! | S32: =CODE(MID(S$2,6,1)) -> #VALUE! | T32: =CODE(MID(T$2,6,1)) -> #VALUE! | ... AP32: =CODE(MID(AP$2,6,1)) -> #VALUE! | AQ32: 48 | AR32: U1 | AS32: 1 | AT32: 0 | AU32: - | AV32: 48 | AW32: 90 | AX32: - | AY32: {=_xlfn.SWITCH($D$4,"DENSO",AZ32,"XXX",BA32,"YYY",BB32,"")} -> 0x0001C765 | AZ32: =_xlfn.LET(_xlpm.M,_xlfn.XLOOKUP(C32,Sheet1!$B$2:$B$629,Sheet1!$C$2:$C$629),_xlpm.R1B,_xlfn.XLOOKUP('MCUCONST(編集用 For Editing)'!A32,Sheet1!$D$2:$D$390,Sheet1!$E$2:$E$390),_xlpm.R2B,_xlfn.XLOOKUP(A32,Sheet1!$F$2:$F$561,Sheet1!$G$2:$G$561),_xlpm.R4B,_xlfn.XLOOKUP('MCUCONST(編集用 For Editing)'!A32,Sheet1!$H$2:$H$61,Sheet1!$I$2:$I$61),_xlfn.IFNA(_xlpm.M,_xlfn.IFNA(_xlpm.R1B,_xlfn.IFNA(_xlpm.R2B,_xlpm.R4B)))) -> 0x0001C765
A33: ADDID-C-1B-0007 | B33: 7 | C33: MCUID0007 | D33: 【自動入力】 MCU個別部ソフト品番(左から7桁目) [Automatic entry] Individual MCU part software part number (7th digit from left) | E33: - | F33: メータPhase6ダイアグシステム標準仕様書 Meter phase 6 diagnostics system standard specifications | G33: MET-M_MMPHA6DI-CSTD-A1 | H33: - | I33: 全車両 All vehicles | J33: ASCIIコード10進数で記載 Enter as ASCII code decimal value | K33: A列の7文字目をASCII変換し転記 Convert 7th character of column A into ASCII and transcribe. | L33: =_xlfn.FORMULATEXT(M33) -> =CODE(MID(M$2,7,1)) | M33: =CODE(MID(M$2,7,1)) -> #VALUE! | N33: =CODE(MID(N$2,7,1)) -> #VALUE! | O33: =CODE(MID(O$2,7,1)) -> #VALUE! | P33: =CODE(MID(P$2,7,1)) -> #VALUE! | Q33: =CODE(MID(Q$2,7,1)) -> #VALUE! | R33: =CODE(MID(R$2,7,1)) -> #VALUE! | S33: =CODE(MID(S$2,7,1)) -> #VALUE! | T33: =CODE(MID(T$2,7,1)) -> #VALUE! | ... AP33: =CODE(MID(AP$2,7,1)) -> #VALUE! | AQ33: 48 | AR33: U1 | AS33: 1 | AT33: 0 | AU33: - | AV33: 48 | AW33: 90 | AX33: - | AY33: {=_xlfn.SWITCH($D$4,"DENSO",AZ33,"XXX",BA33,"YYY",BB33,"")} -> 0x0001C766 | AZ33: =_xlfn.LET(_xlpm.M,_xlfn.XLOOKUP(C33,Sheet1!$B$2:$B$629,Sheet1!$C$2:$C$629),_xlpm.R1B,_xlfn.XLOOKUP('MCUCONST(編集用 For Editing)'!A33,Sheet1!$D$2:$D$390,Sheet1!$E$2:$E$390),_xlpm.R2B,_xlfn.XLOOKUP(A33,Sheet1!$F$2:$F$561,Sheet1!$G$2:$G$561),_xlpm.R4B,_xlfn.XLOOKUP('MCUCONST(編集用 For Editing)'!A33,Sheet1!$H$2:$H$61,Sheet1!$I$2:$I$61),_xlfn.IFNA(_xlpm.M,_xlfn.IFNA(_xlpm.R1B,_xlfn.IFNA(_xlpm.R2B,_xlpm.R4B)))) -> 0x0001C766
A34: ADDID-C-1B-0008 | B34: 8 | C34: MCUID0008 | D34: 【自動入力】 MCU個別部ソフト品番(左から8桁目) [Automatic entry] Individual MCU part software part number (8th digit from left) | E34: - | F34: メータPhase6ダイアグシステム標準仕様書 Meter phase 6 diagnostics system standard specifications | G34: MET-M_MMPHA6DI-CSTD-A1 | H34: - | I34: 全車両 All vehicles | J34: ASCIIコード10進数で記載 Enter as ASCII code decimal value | K34: A列の8文字目をASCII変換し転記 Convert 8th character of column A into ASCII and transcribe. | L34: =_xlfn.FORMULATEXT(M34) -> =CODE(MID(M$2,8,1)) | M34: =CODE(MID(M$2,8,1)) -> #VALUE! | N34: =CODE(MID(N$2,8,1)) -> #VALUE! | O34: =CODE(MID(O$2,8,1)) -> #VALUE! | P34: =CODE(MID(P$2,8,1)) -> #VALUE! | Q34: =CODE(MID(Q$2,8,1)) -> #VALUE! | R34: =CODE(MID(R$2,8,1)) -> #VALUE! | S34: =CODE(MID(S$2,8,1)) -> #VALUE! | T34: =CODE(MID(T$2,8,1)) -> #VALUE! | ... AP34: =CODE(MID(AP$2,8,1)) -> #VALUE! | AQ34: 48 | AR34: U1 | AS34: 1 | AT34: 0 | AU34: - | AV34: 48 | AW34: 90 | AX34: - | AY34: {=_xlfn.SWITCH($D$4,"DENSO",AZ34,"XXX",BA34,"YYY",BB34,"")} -> 0x0001C767 | AZ34: =_xlfn.LET(_xlpm.M,_xlfn.XLOOKUP(C34,Sheet1!$B$2:$B$629,Sheet1!$C$2:$C$629),_xlpm.R1B,_xlfn.XLOOKUP('MCUCONST(編集用 For Editing)'!A34,Sheet1!$D$2:$D$390,Sheet1!$E$2:$E$390),_xlpm.R2B,_xlfn.XLOOKUP(A34,Sheet1!$F$2:$F$561,Sheet1!$G$2:$G$561),_xlpm.R4B,_xlfn.XLOOKUP('MCUCONST(編集用 For Editing)'!A34,Sheet1!$H$2:$H$61,Sheet1!$I$2:$I$61),_xlfn.IFNA(_xlpm.M,_xlfn.IFNA(_xlpm.R1B,_xlfn.IFNA(_xlpm.R2B,_xlpm.R4B)))) -> 0x0001C767
A35: ADDID-C-1B-0009 | B35: 9 | C35: MCUID0009 | D35: 【自動入力】 MCU個別部ソフト品番(左から9桁目) [Automatic entry] Individual MCU part software part number (9th digit from left) | E35: - | F35: メータPhase6ダイアグシステム標準仕様書 Meter phase 6 diagnostics system standard specifications | G35: MET-M_MMPHA6DI-CSTD-A1 | H35: - | I35: 全車両 All vehicles | J35: ASCIIコード10進数で記載 Enter as ASCII code decimal value | K35: A列の9文字目をASCII変換し転記 Convert 9th character of column A into ASCII and transcribe. | L35: =_xlfn.FORMULATEXT(M35) -> =CODE(MID(M$2,9,1)) | M35: =CODE(MID(M$2,9,1)) -> #VALUE! | N35: =CODE(MID(N$2,9,1)) -> #VALUE! | O35: =CODE(MID(O$2,9,1)) -> #VALUE! | P35: =CODE(MID(P$2,9,1)) -> #VALUE! | Q35: =CODE(MID(Q$2,9,1)) -> #VALUE! | R35: =CODE(MID(R$2,9,1)) -> #VALUE! | S35: =CODE(MID(S$2,9,1)) -> #VALUE! | T35: =CODE(MID(T$2,9,1)) -> #VALUE! | ... AP35: =CODE(MID(AP$2,9,1)) -> #VALUE! | AQ35: 48 | AR35: U1 | AS35: 1 | AT35: 0 | AU35: - | AV35: 48 | AW35: 90 | AX35: - | AY35: {=_xlfn.SWITCH($D$4,"DENSO",AZ35,"XXX",BA35,"YYY",BB35,"")} -> 0x0001C768 | AZ35: =_xlfn.LET(_xlpm.M,_xlfn.XLOOKUP(C35,Sheet1!$B$2:$B$629,Sheet1!$C$2:$C$629),_xlpm.R1B,_xlfn.XLOOKUP('MCUCONST(編集用 For Editing)'!A35,Sheet1!$D$2:$D$390,Sheet1!$E$2:$E$390),_xlpm.R2B,_xlfn.XLOOKUP(A35,Sheet1!$F$2:$F$561,Sheet1!$G$2:$G$561),_xlpm.R4B,_xlfn.XLOOKUP('MCUCONST(編集用 For Editing)'!A35,Sheet1!$H$2:$H$61,Sheet1!$I$2:$I$61),_xlfn.IFNA(_xlpm.M,_xlfn.IFNA(_xlpm.R1B,_xlfn.IFNA(_xlpm.R2B,_xlpm.R4B)))) -> 0x0001C768
A36: ADDID-C-1B-0010 | B36: 10 | C36: MCUID0010 | D36: 【自動入力】 MCU個別部ソフト品番(左から10桁目) [Automatic entry] Individual MCU part software part number (10th digit from left) | E36: - | F36: メータPhase6ダイアグシステム標準仕様書 Meter phase 6 diagnostics system standard specifications | G36: MET-M_MMPHA6DI-CSTD-A1 | H36: - | I36: 全車両 All vehicles | J36: ASCIIコード10進数で記載 Enter as ASCII code decimal value | K36: A列の10文字目をASCII変換し転記 Convert 10th character of column A into ASCII and transcribe. | L36: =_xlfn.FORMULATEXT(M36) -> =CODE(MID(M$2,10,1)) | M36: =CODE(MID(M$2,10,1)) -> #VALUE! | N36: =CODE(MID(N$2,10,1)) -> #VALUE! | O36: =CODE(MID(O$2,10,1)) -> #VALUE! | P36: =CODE(MID(P$2,10,1)) -> #VALUE! | Q36: =CODE(MID(Q$2,10,1)) -> #VALUE! | R36: =CODE(MID(R$2,10,1)) -> #VALUE! | S36: =CODE(MID(S$2,10,1)) -> #VALUE! | T36: =CODE(MID(T$2,10,1)) -> #VALUE! | ... AP36: =CODE(MID(AP$2,10,1)) -> #VALUE! | AQ36: 48 | AR36: U1 | AS36: 1 | AT36: 0 | AU36: - | AV36: 48 | AW36: 90 | AX36: - | AY36: {=_xlfn.SWITCH($D$4,"DENSO",AZ36,"XXX",BA36,"YYY",BB36,"")} -> 0x0001C769 | AZ36: =_xlfn.LET(_xlpm.M,_xlfn.XLOOKUP(C36,Sheet1!$B$2:$B$629,Sheet1!$C$2:$C$629),_xlpm.R1B,_xlfn.XLOOKUP('MCUCONST(編集用 For Editing)'!A36,Sheet1!$D$2:$D$390,Sheet1!$E$2:$E$390),_xlpm.R2B,_xlfn.XLOOKUP(A36,Sheet1!$F$2:$F$561,Sheet1!$G$2:$G$561),_xlpm.R4B,_xlfn.XLOOKUP('MCUCONST(編集用 For Editing)'!A36,Sheet1!$H$2:$H$61,Sheet1!$I$2:$I$61),_xlfn.IFNA(_xlpm.M,_xlfn.IFNA(_xlpm.R1B,_xlfn.IFNA(_xlpm.R2B,_xlpm.R4B)))) -> 0x0001C769
A37: ADDID-C-1B-0011 | B37: 11 | C37: MCUID0011 | D37: 【自動入力】 MCU個別部ソフト品番(左から11桁目) [Automatic entry] Individual MCU part software part number (11th digit from left) | E37: - | F37: メータPhase6ダイアグシステム標準仕様書 Meter phase 6 diagnostics system standard specifications | G37: MET-M_MMPHA6DI-CSTD-A1 | H37: - | I37: 全車両 All vehicles | J37: ASCIIコード10進数で記載 Enter as ASCII code decimal value | K37: ダイアグ上位仕様[REQ]TRS_UDS-DA.5.1.9に従い、マイナ符号未使用は0を出力 When minor E/C symbol is not used, output 0 in accordance with the diagnostics upper level specifications [REQ]TRS_UDS-DA.5.1.9. | L37: =_xlfn.FORMULATEXT(M37) -> =CODE(0) | M37: =CODE(0) -> 48 | N37: =CODE(0) -> 48 | O37: =CODE(0) -> 48 | P37: =CODE(0) -> 48 | Q37: =CODE(0) -> 48 | R37: =CODE(0) -> 48 | S37: =CODE(0) -> 48 | T37: =CODE(0) -> 48 | ... AP37: =CODE(0) -> 48 | AQ37: 35 | AR37: U1 | AS37: 1 | AT37: 0 | AU37: - | AV37: 35 | AW37: 90 | AX37: - | AY37: {=_xlfn.SWITCH($D$4,"DENSO",AZ37,"XXX",BA37,"YYY",BB37,"")} -> 0x0001C76A | AZ37: =_xlfn.LET(_xlpm.M,_xlfn.XLOOKUP(C37,Sheet1!$B$2:$B$629,Sheet1!$C$2:$C$629),_xlpm.R1B,_xlfn.XLOOKUP('MCUCONST(編集用 For Editing)'!A37,Sheet1!$D$2:$D$390,Sheet1!$E$2:$E$390),_xlpm.R2B,_xlfn.XLOOKUP(A37,Sheet1!$F$2:$F$561,Sheet1!$G$2:$G$561),_xlpm.R4B,_xlfn.XLOOKUP('MCUCONST(編集用 For Editing)'!A37,Sheet1!$H$2:$H$61,Sheet1!$I$2:$I$61),_xlfn.IFNA(_xlpm.M,_xlfn.IFNA(_xlpm.R1B,_xlfn.IFNA(_xlpm.R2B,_xlpm.R4B)))) -> 0x0001C76A
A38: ADDID-C-1B-0012 | B38: 12 | C38: MCUID0012 | D38: 【自動入力】 MCU個別部ソフト品番(左から12桁目) [Automatic entry] Individual MCU part software part number (12th digit from left) | E38: - | F38: メータPhase6ダイアグシステム標準仕様書 Meter phase 6 diagnostics system standard specifications | G38: MET-M_MMPHA6DI-CSTD-A1 | H38: - | I38: 全車両 All vehicles | J38: ASCIIコード10進数で記載 Enter as ASCII code decimal value | K38: ダイアグ上位仕様[REQ]TRS_UDS-DA.5.1.9に従い、マイナ符号未使用は0を出力 When minor E/C symbol is not used, output 0 in accordance with the diagnostics upper level specifications [REQ]TRS_UDS-DA.5.1.9. | L38: =_xlfn.FORMULATEXT(M38) -> =CODE(0) | M38: =CODE(0) -> 48 | N38: =CODE(0) -> 48 | O38: =CODE(0) -> 48 | P38: =CODE(0) -> 48 | Q38: =CODE(0) -> 48 | R38: =CODE(0) -> 48 | S38: =CODE(0) -> 48 | T38: =CODE(0) -> 48 | ... AP38: =CODE(0) -> 48 | AQ38: 48 | AR38: U1 | AS38: 1 | AT38: 0 | AU38: - | AV38: 33 | AW38: 90 | AX38: - | AY38: {=_xlfn.SWITCH($D$4,"DENSO",AZ38,"XXX",BA38,"YYY",BB38,"")} -> 0x0001C76B | AZ38: =_xlfn.LET(_xlpm.M,_xlfn.XLOOKUP(C38,Sheet1!$B$2:$B$629,Sheet1!$C$2:$C$629),_xlpm.R1B,_xlfn.XLOOKUP('MCUCONST(編集用 For Editing)'!A38,Sheet1!$D$2:$D$390,Sheet1!$E$2:$E$390),_xlpm.R2B,_xlfn.XLOOKUP(A38,Sheet1!$F$2:$F$561,Sheet1!$G$2:$G$561),_xlpm.R4B,_xlfn.XLOOKUP('MCUCONST(編集用 For Editing)'!A38,Sheet1!$H$2:$H$61,Sheet1!$I$2:$I$61),_xlfn.IFNA(_xlpm.M,_xlfn.IFNA(_xlpm.R1B,_xlfn.IFNA(_xlpm.R2B,_xlpm.R4B)))) -> 0x0001C76B
A39: ADDID-C-1B-0013 | B39: 13 | C39: MCUID0013 | D39: スピードメータID(左から1桁目) Speedometer ID (1st digit from left) | E39: - | F39: メータPhase6ダイアグシステム標準仕様書 Meter phase 6 diagnostics system standard specifications | G39: MET-M_MMPHA6DI-CSTD-A1 | H39: - | I39: 全車両 All vehicles | J39: ASCIIコード10進数で記載 Enter as ASCII code decimal value | L39: =_xlfn.FORMULATEXT(M39) -> #N/A | AQ39: 32 | AR39: U1 | AS39: 1 | AT39: 0 | AU39: - | AV39: 32 | AW39: 90 | AX39: ・スピードメータIDは先頭文字からMCUID0013以降に格納する ・文字はASCIIコードを10進数表記で記入 ・桁が余る場合はスペース（10進数で32）で埋めること ・Store the speed meter ID starting from the first character after MCUID0013. ・Write characters in decimal ASCII code. ・If there are extra digits, fill them with spaces (decimal 32). | AY39: {=_xlfn.SWITCH($D$4,"DENSO",AZ39,"XXX",BA39,"YYY",BB39,"")} -> 0x0001C76C | AZ39: =_xlfn.LET(_xlpm.M,_xlfn.XLOOKUP(C39,Sheet1!$B$2:$B$629,Sheet1!$C$2:$C$629),_xlpm.R1B,_xlfn.XLOOKUP('MCUCONST(編集用 For Editing)'!A39,Sheet1!$D$2:$D$390,Sheet1!$E$2:$E$390),_xlpm.R2B,_xlfn.XLOOKUP(A39,Sheet1!$F$2:$F$561,Sheet1!$G$2:$G$561),_xlpm.R4B,_xlfn.XLOOKUP('MCUCONST(編集用 For Editing)'!A39,Sheet1!$H$2:$H$61,Sheet1!$I$2:$I$61),_xlfn.IFNA(_xlpm.M,_xlfn.IFNA(_xlpm.R1B,_xlfn.IFNA(_xlpm.R2B,_xlpm.R4B)))) -> 0x0001C76C
A40: ADDID-C-1B-0014 | B40: 14 | C40: MCUID0014 | D40: スピードメータID(左から2桁目) Speedometer ID (2nd digit from left) | E40: - | F40: メータPhase6ダイアグシステム標準仕様書 Meter phase 6 diagnostics system standard specifications | G40: MET-M_MMPHA6DI-CSTD-A1 | H40: - | I40: 全車両 All vehicles | J40: ASCIIコード10進数で記載 Enter as ASCII code decimal value | L40: =_xlfn.FORMULATEXT(M40) -> #N/A | AQ40: 32 | AR40: U1 | AS40: 1 | AT40: 0 | AU40: - | AV40: 32 | AW40: 90 | AX40: ・スピードメータIDは先頭文字からMCUID0013以降に格納する ・文字はASCIIコードを10進数表記で記入 ・桁が余る場合はスペース（10進数で32）で埋めること ・Store the speed meter ID starting from the first character after MCUID0013. ・Write characters in decimal ASCII code. ・If there are extra digits, fill them with spaces (decimal 32). | AY40: {=_xlfn.SWITCH($D$4,"DENSO",AZ40,"XXX",BA40,"YYY",BB40,"")} -> 0x0001C76D | AZ40: =_xlfn.LET(_xlpm.M,_xlfn.XLOOKUP(C40,Sheet1!$B$2:$B$629,Sheet1!$C$2:$C$629),_xlpm.R1B,_xlfn.XLOOKUP('MCUCONST(編集用 For Editing)'!A40,Sheet1!$D$2:$D$390,Sheet1!$E$2:$E$390),_xlpm.R2B,_xlfn.XLOOKUP(A40,Sheet1!$F$2:$F$561,Sheet1!$G$2:$G$561),_xlpm.R4B,_xlfn.XLOOKUP('MCUCONST(編集用 For Editing)'!A40,Sheet1!$H$2:$H$61,Sheet1!$I$2:$I$61),_xlfn.IFNA(_xlpm.M,_xlfn.IFNA(_xlpm.R1B,_xlfn.IFNA(_xlpm.R2B,_xlpm.R4B)))) -> 0x0001C76D
A41: ADDID-C-1B-0015 | B41: 15 | C41: MCUID0015 | D41: スピードメータID(左から3桁目) Speedometer ID (3rd digit from left) | E41: - | F41: メータPhase6ダイアグシステム標準仕様書 Meter phase 6 diagnostics system standard specifications | G41: MET-M_MMPHA6DI-CSTD-A1 | H41: - | I41: 全車両 All vehicles | J41: ASCIIコード10進数で記載 Enter as ASCII code decimal value | L41: =_xlfn.FORMULATEXT(M41) -> #N/A | AQ41: 32 | AR41: U1 | AS41: 1 | AT41: 0 | AU41: - | AV41: 32 | AW41: 90 | AX41: ・スピードメータIDは先頭文字からMCUID0013以降に格納する ・文字はASCIIコードを10進数表記で記入 ・桁が余る場合はスペース（10進数で32）で埋めること ・Store the speed meter ID starting from the first character after MCUID0013. ・Write characters in decimal ASCII code. ・If there are extra digits, fill them with spaces (decimal 32). | AY41: {=_xlfn.SWITCH($D$4,"DENSO",AZ41,"XXX",BA41,"YYY",BB41,"")} -> 0x0001C76E | AZ41: =_xlfn.LET(_xlpm.M,_xlfn.XLOOKUP(C41,Sheet1!$B$2:$B$629,Sheet1!$C$2:$C$629),_xlpm.R1B,_xlfn.XLOOKUP('MCUCONST(編集用 For Editing)'!A41,Sheet1!$D$2:$D$390,Sheet1!$E$2:$E$390),_xlpm.R2B,_xlfn.XLOOKUP(A41,Sheet1!$F$2:$F$561,Sheet1!$G$2:$G$561),_xlpm.R4B,_xlfn.XLOOKUP('MCUCONST(編集用 For Editing)'!A41,Sheet1!$H$2:$H$61,Sheet1!$I$2:$I$61),_xlfn.IFNA(_xlpm.M,_xlfn.IFNA(_xlpm.R1B,_xlfn.IFNA(_xlpm.R2B,_xlpm.R4B)))) -> 0x0001C76E
A42: ADDID-C-1B-0016 | B42: 16 | C42: MCUID0016 | D42: スピードメータID(左から4桁目) Speedometer ID (4th digit from left) | E42: - | F42: メータPhase6ダイアグシステム標準仕様書 Meter phase 6 diagnostics system standard specifications | G42: MET-M_MMPHA6DI-CSTD-A1 | H42: - | I42: 全車両 All vehicles | J42: ASCIIコード10進数で記載 Enter as ASCII code decimal value | L42: =_xlfn.FORMULATEXT(M42) -> #N/A | AQ42: 32 | AR42: U1 | AS42: 1 | AT42: 0 | AU42: - | AV42: 32 | AW42: 90 | AX42: ・スピードメータIDは先頭文字からMCUID0013以降に格納する ・文字はASCIIコードを10進数表記で記入 ・桁が余る場合はスペース（10進数で32）で埋めること ・Store the speed meter ID starting from the first character after MCUID0013. ・Write characters in decimal ASCII code. ・If there are extra digits, fill them with spaces (decimal 32). | AY42: {=_xlfn.SWITCH($D$4,"DENSO",AZ42,"XXX",BA42,"YYY",BB42,"")} -> 0x0001C76F | AZ42: =_xlfn.LET(_xlpm.M,_xlfn.XLOOKUP(C42,Sheet1!$B$2:$B$629,Sheet1!$C$2:$C$629),_xlpm.R1B,_xlfn.XLOOKUP('MCUCONST(編集用 For Editing)'!A42,Sheet1!$D$2:$D$390,Sheet1!$E$2:$E$390),_xlpm.R2B,_xlfn.XLOOKUP(A42,Sheet1!$F$2:$F$561,Sheet1!$G$2:$G$561),_xlpm.R4B,_xlfn.XLOOKUP('MCUCONST(編集用 For Editing)'!A42,Sheet1!$H$2:$H$61,Sheet1!$I$2:$I$61),_xlfn.IFNA(_xlpm.M,_xlfn.IFNA(_xlpm.R1B,_xlfn.IFNA(_xlpm.R2B,_xlpm.R4B)))) -> 0x0001C76F
A43: ADDID-C-1B-0017 | B43: 17 | C43: MCUID0017 | D43: スピードメータID(左から5桁目) Speedometer ID (5th digit from left) | E43: - | F43: メータPhase6ダイアグシステム標準仕様書 Meter phase 6 diagnostics system standard specifications | G43: MET-M_MMPHA6DI-CSTD-A1 | H43: - | I43: 5桁目を使用する場合のみ Only when 5th digit is used | J43: ASCIIコード10進数で記載 Enter as ASCII code decimal value | L43: =_xlfn.FORMULATEXT(M43) -> #N/A | AQ43: 32 | AR43: U1 | AS43: 1 | AT43: 0 | AU43: - | AV43: 32 | AW43: 90 | AX43: ・スピードメータIDは先頭文字からMCUID0013以降に格納する ・文字はASCIIコードを10進数表記で記入 ・桁が余る場合はスペース（10進数で32）で埋めること ・Store the speed meter ID starting from the first character after MCUID0013. ・Write characters in decimal ASCII code. ・If there are extra digits, fill them with spaces (decimal 32). | AY43: {=_xlfn.SWITCH($D$4,"DENSO",AZ43,"XXX",BA43,"YYY",BB43,"")} -> 0x0001C770 | AZ43: =_xlfn.LET(_xlpm.M,_xlfn.XLOOKUP(C43,Sheet1!$B$2:$B$629,Sheet1!$C$2:$C$629),_xlpm.R1B,_xlfn.XLOOKUP('MCUCONST(編集用 For Editing)'!A43,Sheet1!$D$2:$D$390,Sheet1!$E$2:$E$390),_xlpm.R2B,_xlfn.XLOOKUP(A43,Sheet1!$F$2:$F$561,Sheet1!$G$2:$G$561),_xlpm.R4B,_xlfn.XLOOKUP('MCUCONST(編集用 For Editing)'!A43,Sheet1!$H$2:$H$61,Sheet1!$I$2:$I$61),_xlfn.IFNA(_xlpm.M,_xlfn.IFNA(_xlpm.R1B,_xlfn.IFNA(_xlpm.R2B,_xlpm.R4B)))) -> 0x0001C770
A44: ADDID-C-1B-0018 | B44: 18 | C44: MCUID0018 | D44: スピードメータID(左から6桁目) Speedometer ID (6th digit from left) | E44: - | F44: メータPhase6ダイアグシステム標準仕様書 Meter phase 6 diagnostics system standard specifications | G44: MET-M_MMPHA6DI-CSTD-A1 | H44: - | I44: 6桁目を使用する場合のみ Only when 6th digit is used | J44: ASCIIコード10進数で記載 Enter as ASCII code decimal value | L44: =_xlfn.FORMULATEXT(M44) -> #N/A | AQ44: 32 | AR44: U1 | AS44: 1 | AT44: 0 | AU44: - | AV44: 32 | AW44: 90 | AX44: ・スピードメータIDは先頭文字からMCUID0013以降に格納する ・文字はASCIIコードを10進数表記で記入 ・桁が余る場合はスペース（10進数で32）で埋めること ・Store the speed meter ID starting from the first character after MCUID0013. ・Write characters in decimal ASCII code. ・If there are extra digits, fill them with spaces (decimal 32). | AY44: {=_xlfn.SWITCH($D$4,"DENSO",AZ44,"XXX",BA44,"YYY",BB44,"")} -> 0x0001C771 | AZ44: =_xlfn.LET(_xlpm.M,_xlfn.XLOOKUP(C44,Sheet1!$B$2:$B$629,Sheet1!$C$2:$C$629),_xlpm.R1B,_xlfn.XLOOKUP('MCUCONST(編集用 For Editing)'!A44,Sheet1!$D$2:$D$390,Sheet1!$E$2:$E$390),_xlpm.R2B,_xlfn.XLOOKUP(A44,Sheet1!$F$2:$F$561,Sheet1!$G$2:$G$561),_xlpm.R4B,_xlfn.XLOOKUP('MCUCONST(編集用 For Editing)'!A44,Sheet1!$H$2:$H$61,Sheet1!$I$2:$I$61),_xlfn.IFNA(_xlpm.M,_xlfn.IFNA(_xlpm.R1B,_xlfn.IFNA(_xlpm.R2B,_xlpm.R4B)))) -> 0x0001C771
A45: ADDID-C-1B-0019 | B45: 19 | C45: MCUID0019 | D45: スピードメータID(左から7桁目) Speedometer ID (7th digit from left) | E45: - | F45: メータPhase6ダイアグシステム標準仕様書 Meter phase 6 diagnostics system standard specifications | G45: MET-M_MMPHA6DI-CSTD-A1 | H45: - | I45: 7桁目を使用する場合のみ Only when 7th digit is used | J45: ASCIIコード10進数で記載 Enter as ASCII code decimal value | L45: =_xlfn.FORMULATEXT(M45) -> #N/A | AQ45: 32 | AR45: U1 | AS45: 1 | AT45: 0 | AU45: - | AV45: 32 | AW45: 90 | AX45: ・スピードメータIDは先頭文字からMCUID0013以降に格納する ・文字はASCIIコードを10進数表記で記入 ・桁が余る場合はスペース（10進数で32）で埋めること ・Store the speed meter ID starting from the first character after MCUID0013. ・Write characters in decimal ASCII code. ・If there are extra digits, fill them with spaces (decimal 32). | AY45: {=_xlfn.SWITCH($D$4,"DENSO",AZ45,"XXX",BA45,"YYY",BB45,"")} -> 0x0001C772 | AZ45: =_xlfn.LET(_xlpm.M,_xlfn.XLOOKUP(C45,Sheet1!$B$2:$B$629,Sheet1!$C$2:$C$629),_xlpm.R1B,_xlfn.XLOOKUP('MCUCONST(編集用 For Editing)'!A45,Sheet1!$D$2:$D$390,Sheet1!$E$2:$E$390),_xlpm.R2B,_xlfn.XLOOKUP(A45,Sheet1!$F$2:$F$561,Sheet1!$G$2:$G$561),_xlpm.R4B,_xlfn.XLOOKUP('MCUCONST(編集用 For Editing)'!A45,Sheet1!$H$2:$H$61,Sheet1!$I$2:$I$61),_xlfn.IFNA(_xlpm.M,_xlfn.IFNA(_xlpm.R1B,_xlfn.IFNA(_xlpm.R2B,_xlpm.R4B)))) -> 0x0001C772
A46: ADDID-C-1B-0020 | B46: 20 | C46: MCUID0020 | D46: スピードメータID(左から8桁目) Speedometer ID (4th digit 8rom left) | E46: - | F46: メータPhase6ダイアグシステム標準仕様書 Meter phase 6 diagnostics system standard specifications | G46: MET-M_MMPHA6DI-CSTD-A1 | H46: - | I46: 8桁目を使用する場合のみ Only when 8th digit is used | J46: ASCIIコード10進数で記載 Enter as ASCII code decimal value | L46: =_xlfn.FORMULATEXT(M46) -> #N/A | AQ46: 32 | AR46: U1 | AS46: 1 | AT46: 0 | AU46: - | AV46: 32 | AW46: 90 | AX46: ・スピードメータIDは先頭文字からMCUID0013以降に格納する ・文字はASCIIコードを10進数表記で記入 ・桁が余る場合はスペース（10進数で32）で埋めること ・Store the speed meter ID starting from the first character after MCUID0013. ・Write characters in decimal ASCII code. ・If there are extra digits, fill them with spaces (decimal 32). | AY46: {=_xlfn.SWITCH($D$4,"DENSO",AZ46,"XXX",BA46,"YYY",BB46,"")} -> 0x0001C773 | AZ46: =_xlfn.LET(_xlpm.M,_xlfn.XLOOKUP(C46,Sheet1!$B$2:$B$629,Sheet1!$C$2:$C$629),_xlpm.R1B,_xlfn.XLOOKUP('MCUCONST(編集用 For Editing)'!A46,Sheet1!$D$2:$D$390,Sheet1!$E$2:$E$390),_xlpm.R2B,_xlfn.XLOOKUP(A46,Sheet1!$F$2:$F$561,Sheet1!$G$2:$G$561),_xlpm.R4B,_xlfn.XLOOKUP('MCUCONST(編集用 For Editing)'!A46,Sheet1!$H$2:$H$61,Sheet1!$I$2:$I$61),_xlfn.IFNA(_xlpm.M,_xlfn.IFNA(_xlpm.R1B,_xlfn.IFNA(_xlpm.R2B,_xlpm.R4B)))) -> 0x0001C773
A47: ADDID-C-1B-0372 | B47: 21 | C47: MCUID0023 | D47: ディスプレイタイプ Display type | E47: - | F47: メータNAV機能仕様書 Meter NAV Function Specifications | G47: 【別紙】3.3.04.1 NAV機能仕様書_CDC_XXX | H47: - | I47: 全車両 All vehicles | J47: 0=なし、1=Ais、2=7インチ、3=12.3インチ、4=8.8インチ、5=22.85インチ 0 = no meter, 1 = AIS, 2 = 7-inch, 3 = 12.3-inch, 4 = 8.8-inch 5=22.85-inch | L47: =_xlfn.FORMULATEXT(M47) -> #N/A | AQ47: 5 | AR47: U1 | AS47: 1 | AT47: 0 | AU47: - | AV47: 0 | AW47: 5 | AX47: - | AY47: {=_xlfn.SWITCH($D$4,"DENSO",AZ47,"XXX",BA47,"YYY",BB47,"")} -> 0x0001C8D3 | AZ47: =_xlfn.LET(_xlpm.M,_xlfn.XLOOKUP(C47,Sheet1!$B$2:$B$629,Sheet1!$C$2:$C$629),_xlpm.R1B,_xlfn.XLOOKUP('MCUCONST(編集用 For Editing)'!A47,Sheet1!$D$2:$D$390,Sheet1!$E$2:$E$390),_xlpm.R2B,_xlfn.XLOOKUP(A47,Sheet1!$F$2:$F$561,Sheet1!$G$2:$G$561),_xlpm.R4B,_xlfn.XLOOKUP('MCUCONST(編集用 For Editing)'!A47,Sheet1!$H$2:$H$61,Sheet1!$I$2:$I$61),_xlfn.IFNA(_xlpm.M,_xlfn.IFNA(_xlpm.R1B,_xlfn.IFNA(_xlpm.R2B,_xlpm.R4B)))) -> 0x0001C8D3
A48: ADDID-C-1B-0021 | B48: 22 | C48: MCUID0024 | D48: ブランド Brand | E48: - | F48: - | G48: MET-D_4WDSYS-CSTD-2, MET-B_SEAREM-CSTD-A0, MET-C_GMN-CSTD-0, MET-B_SMASTA-CSTD-2 | H48: OMUSVIID0028 | I48: 全車両 All vehicles | J48: 0=トヨタ(GR含む)、1=レクサス、2=スバル 0 = Toyota (including GR), 1 = Lexus, 2 = Subaru | L48: =_xlfn.FORMULATEXT(M48) -> #N/A | AQ48: 0 | AR48: U1 | AS48: 1 | AT48: 0 | AU48: - | AV48: 0 | AW48: 2 | AX48: スバル協業車両において、トヨタブランドはトヨタを選択すること For vehicles developed in collaboration with Subaru, select “Toyota” for Toyota brand vehicles. | AY48: {=_xlfn.SWITCH($D$4,"DENSO",AZ48,"XXX",BA48,"YYY",BB48,"")} -> 0x0001C774 | AZ48: =_xlfn.LET(_xlpm.M,_xlfn.XLOOKUP(C48,Sheet1!$B$2:$B$629,Sheet1!$C$2:$C$629),_xlpm.R1B,_xlfn.XLOOKUP('MCUCONST(編集用 For Editing)'!A48,Sheet1!$D$2:$D$390,Sheet1!$E$2:$E$390),_xlpm.R2B,_xlfn.XLOOKUP(A48,Sheet1!$F$2:$F$561,Sheet1!$G$2:$G$561),_xlpm.R4B,_xlfn.XLOOKUP('MCUCONST(編集用 For Editing)'!A48,Sheet1!$H$2:$H$61,Sheet1!$I$2:$I$61),_xlfn.IFNA(_xlpm.M,_xlfn.IFNA(_xlpm.R1B,_xlfn.IFNA(_xlpm.R2B,_xlpm.R4B)))) -> 0x0001C774
A49: ADDID-C-1B-0022 | B49: 23 | C49: MCUID0025 | D49: スポーツ切替 Sports options | E49: - | F49: - | G49: MET-C_GMN-CSTD-0 MET-C_DRIMOD-CSTD-3 MET-C_OFRMDL-CSTD-1 MET-C_DAC-CSTD-2 MET-C_THM-CSTD-2 MET-M_SPTEXI-CSTD-0 | H49: OMUSVIID0029 | I49: 以下のいずれかに該当する車種 ①GR系（GR、GR-S、GRMN） ②F系（Ｆ、F SPORT） Models corresponding to one of the following: (1) GR type vehicles (GR, GR-S, GRMN), (2) F type vehicles (F, F-Sport) | J49: 0＝対象外、1＝GR-S、2＝GR、3＝GRMN、4＝F SPORT、5＝F 0 = not applicable, 1 = GR-S, 2 = GR, 3 = GRMN, 4 = F SPORT, 5 = F | L49: =_xlfn.FORMULATEXT(M49) -> #N/A | AQ49: 0 | AR49: U1 | AS49: 1 | AT49: 0 | AU49: - | AV49: 0 | AW49: 5 | AX49: - | AY49: {=_xlfn.SWITCH($D$4,"DENSO",AZ49,"XXX",BA49,"YYY",BB49,"")} -> 0x0001C775 | AZ49: =_xlfn.LET(_xlpm.M,_xlfn.XLOOKUP(C49,Sheet1!$B$2:$B$629,Sheet1!$C$2:$C$629),_xlpm.R1B,_xlfn.XLOOKUP('MCUCONST(編集用 For Editing)'!A49,Sheet1!$D$2:$D$390,Sheet1!$E$2:$E$390),_xlpm.R2B,_xlfn.XLOOKUP(A49,Sheet1!$F$2:$F$561,Sheet1!$G$2:$G$561),_xlpm.R4B,_xlfn.XLOOKUP('MCUCONST(編集用 For Editing)'!A49,Sheet1!$H$2:$H$61,Sheet1!$I$2:$I$61),_xlfn.IFNA(_xlpm.M,_xlfn.IFNA(_xlpm.R1B,_xlfn.IFNA(_xlpm.R2B,_xlpm.R4B)))) -> 0x0001C775
A50: ADDID-B-2B-0001 | B50: 24 | C50: MCUID3002 | D50: 基本7音 報知音 中 音圧低減率 Basic 7 Tones Reporting Tone Center Sound pressure reduction rate | E50: - | F50: 標準ブザー 吹鳴優先順位表 Common buzzer sounding priority order | G50: MET-M_CONTBUZZ2-CSTD | H50: - | I50: 全車両 All vehicles | J50: 数値 Value | L50: =_xlfn.FORMULATEXT(M50) -> #N/A | AQ50: {=_xlfn.SWITCH($D$4,"DENSO",BC50,"XXX",BD50,"YYY",BE50,"")} -> 40 | AR50: U2 | AS50: 0.1 | AT50: 0 | AU50: % | AV50: 0 | AW50: 100 | AX50: 実車適合結果に従い値を入力する ※実車適合前は初期値を入力 ※該当メータの音圧設定率上限値を超えない値を入力すること（”Ref) Sound Pressure Limit”シートを参照） Enter a value in accordance with the actual vehicle application results. * Before actual vehicle application, enter the initial value. * Enter a value that does not exceed the upper limit of the sound pressure setting rate for the applicable meter (refer to the "Ref) Sound Pressure Limit" sheet). | AY50: {=_xlfn.SWITCH($D$4,"DENSO",AZ50,"XXX",BA50,"YYY",BB50,"")} -> 0x0001C0F0 | AZ50: =_xlfn.LET(_xlpm.M,_xlfn.XLOOKUP(C50,Sheet1!$B$2:$B$629,Sheet1!$C$2:$C$629),_xlpm.R1B,_xlfn.XLOOKUP('MCUCONST(編集用 For Editing)'!A50,Sheet1!$D$2:$D$390,Sheet1!$E$2:$E$390),_xlpm.R2B,_xlfn.XLOOKUP(A50,Sheet1!$F$2:$F$561,Sheet1!$G$2:$G$561),_xlpm.R4B,_xlfn.XLOOKUP('MCUCONST(編集用 For Editing)'!A50,Sheet1!$H$2:$H$61,Sheet1!$I$2:$I$61),_xlfn.IFNA(_xlpm.M,_xlfn.IFNA(_xlpm.R1B,_xlfn.IFNA(_xlpm.R2B,_xlpm.R4B)))) -> 0x0001C0F0 | BC50: 40
A51: ADDID-B-2B-0002 | B51: 25 | C51: MCUID3003 | D51: 基本7音 報知音（特殊） 中 音圧低減率 Basic 7 Tones Reporting Tone (Special) Medium Sound pressure reduction rate | E51: - | F51: 標準ブザー 吹鳴優先順位表 Common buzzer sounding priority order | G51: MET-M_CONTBUZZ2-CSTD | H51: - | I51: 全車両 All vehicles | J51: 数値 Value | L51: =_xlfn.FORMULATEXT(M51) -> #N/A | AQ51: {=_xlfn.SWITCH($D$4,"DENSO",BC51,"XXX",BD51,"YYY",BE51,"")} -> 40 | AR51: U2 | AS51: 0.1 | AT51: 0 | AU51: % | AV51: 0 | AW51: 100 | AX51: 実車適合結果に従い値を入力する ※実車適合前は初期値を入力 ※該当メータの音圧設定率上限値を超えない値を入力すること（”Ref) Sound Pressure Limit”シートを参照） Enter a value in accordance with the actual vehicle application results. * Before actual vehicle application, enter the initial value. * Enter a value that does not exceed the upper limit of the sound pressure setting rate for the applicable meter (refer to the "Ref) Sound Pressure Limit" sheet). | AY51: {=_xlfn.SWITCH($D$4,"DENSO",AZ51,"XXX",BA51,"YYY",BB51,"")} -> 0x0001C0F2 | AZ51: =_xlfn.LET(_xlpm.M,_xlfn.XLOOKUP(C51,Sheet1!$B$2:$B$629,Sheet1!$C$2:$C$629),_xlpm.R1B,_xlfn.XLOOKUP('MCUCONST(編集用 For Editing)'!A51,Sheet1!$D$2:$D$390,Sheet1!$E$2:$E$390),_xlpm.R2B,_xlfn.XLOOKUP(A51,Sheet1!$F$2:$F$561,Sheet1!$G$2:$G$561),_xlpm.R4B,_xlfn.XLOOKUP('MCUCONST(編集用 For Editing)'!A51,Sheet1!$H$2:$H$61,Sheet1!$I$2:$I$61),_xlfn.IFNA(_xlpm.M,_xlfn.IFNA(_xlpm.R1B,_xlfn.IFNA(_xlpm.R2B,_xlpm.R4B)))) -> 0x0001C0F2 | BC51: 40
A52: ADDID-B-2B-0003 | B52: 26 | C52: MCUID3004 | D52: 基本7音 受付音 中 音圧低減率 Basic 7 tones Reception tone Medium Sound pressure reduction rate | E52: - | F52: 標準ブザー 吹鳴優先順位表 Common buzzer sounding priority order | G52: MET-M_CONTBUZZ2-CSTD | H52: - | I52: 全車両 All vehicles | J52: 数値 Value | L52: =_xlfn.FORMULATEXT(M52) -> #N/A | AQ52: {=_xlfn.SWITCH($D$4,"DENSO",BC52,"XXX",BD52,"YYY",BE52,"")} -> 40 | AR52: U2 | AS52: 0.1 | AT52: 0 | AU52: % | AV52: 0 | AW52: 100 | AX52: 実車適合結果に従い値を入力する ※実車適合前は初期値を入力 ※該当メータの音圧設定率上限値を超えない値を入力すること（”Ref) Sound Pressure Limit”シートを参照） Enter a value in accordance with the actual vehicle application results. * Before actual vehicle application, enter the initial value. * Enter a value that does not exceed the upper limit of the sound pressure setting rate for the applicable meter (refer to the "Ref) Sound Pressure Limit" sheet). | AY52: {=_xlfn.SWITCH($D$4,"DENSO",AZ52,"XXX",BA52,"YYY",BB52,"")} -> 0x0001C0F4 | AZ52: =_xlfn.LET(_xlpm.M,_xlfn.XLOOKUP(C52,Sheet1!$B$2:$B$629,Sheet1!$C$2:$C$629),_xlpm.R1B,_xlfn.XLOOKUP('MCUCONST(編集用 For Editing)'!A52,Sheet1!$D$2:$D$390,Sheet1!$E$2:$E$390),_xlpm.R2B,_xlfn.XLOOKUP(A52,Sheet1!$F$2:$F$561,Sheet1!$G$2:$G$561),_xlpm.R4B,_xlfn.XLOOKUP('MCUCONST(編集用 For Editing)'!A52,Sheet1!$H$2:$H$61,Sheet1!$I$2:$I$61),_xlfn.IFNA(_xlpm.M,_xlfn.IFNA(_xlpm.R1B,_xlfn.IFNA(_xlpm.R2B,_xlpm.R4B)))) -> 0x0001C0F4 | BC52: 40
A53: ADDID-B-2B-0004 | B53: 27 | C53: MCUID3005 | D53: 基本7音 リジェクト音 中 音圧低減率 Basic 7 tones Reject tone Medium Sound pressure reduction rate | E53: - | F53: 標準ブザー 吹鳴優先順位表 Common buzzer sounding priority order | G53: MET-M_CONTBUZZ2-CSTD | H53: - | I53: 全車両 All vehicles | J53: 数値 Value | L53: =_xlfn.FORMULATEXT(M53) -> #N/A | AQ53: {=_xlfn.SWITCH($D$4,"DENSO",BC53,"XXX",BD53,"YYY",BE53,"")} -> 40 | AR53: U2 | AS53: 0.1 | AT53: 0 | AU53: % | AV53: 0 | AW53: 100 | AX53: 実車適合結果に従い値を入力する ※実車適合前は初期値を入力 ※該当メータの音圧設定率上限値を超えない値を入力すること（”Ref) Sound Pressure Limit”シートを参照） Enter a value in accordance with the actual vehicle application results. * Before actual vehicle application, enter the initial value. * Enter a value that does not exceed the upper limit of the sound pressure setting rate for the applicable meter (refer to the "Ref) Sound Pressure Limit" sheet). | AY53: {=_xlfn.SWITCH($D$4,"DENSO",AZ53,"XXX",BA53,"YYY",BB53,"")} -> 0x0001C0F6 | AZ53: =_xlfn.LET(_xlpm.M,_xlfn.XLOOKUP(C53,Sheet1!$B$2:$B$629,Sheet1!$C$2:$C$629),_xlpm.R1B,_xlfn.XLOOKUP('MCUCONST(編集用 For Editing)'!A53,Sheet1!$D$2:$D$390,Sheet1!$E$2:$E$390),_xlpm.R2B,_xlfn.XLOOKUP(A53,Sheet1!$F$2:$F$561,Sheet1!$G$2:$G$561),_xlpm.R4B,_xlfn.XLOOKUP('MCUCONST(編集用 For Editing)'!A53,Sheet1!$H$2:$H$61,Sheet1!$I$2:$I$61),_xlfn.IFNA(_xlpm.M,_xlfn.IFNA(_xlpm.R1B,_xlfn.IFNA(_xlpm.R2B,_xlpm.R4B)))) -> 0x0001C0F6 | BC53: 40
A54: ADDID-B-2B-0005 | B54: 28 | C54: MCUID3006 | D54: 基本7音 断続音（緊迫度小） 中 音圧低減率 Basic 7 Tones Continuous Tone (low urgency) Medium Sound pressure reduction rate | E54: - | F54: 標準ブザー 吹鳴優先順位表 Common buzzer sounding priority order | G54: MET-M_CONTBUZZ2-CSTD | H54: - | I54: 全車両 All vehicles | J54: 数値 Value | L54: =_xlfn.FORMULATEXT(M54) -> #N/A | AQ54: {=_xlfn.SWITCH($D$4,"DENSO",BC54,"XXX",BD54,"YYY",BE54,"")} -> 40 | AR54: U2 | AS54: 0.1 | AT54: 0 | AU54: % | AV54: 0 | AW54: 100 | AX54: 実車適合結果に従い値を入力する ※実車適合前は初期値を入力 ※該当メータの音圧設定率上限値を超えない値を入力すること（”Ref) Sound Pressure Limit”シートを参照） Enter a value in accordance with the actual vehicle application results. * Before actual vehicle application, enter the initial value. * Enter a value that does not exceed the upper limit of the sound pressure setting rate for the applicable meter (refer to the "Ref) Sound Pressure Limit" sheet). | AY54: {=_xlfn.SWITCH($D$4,"DENSO",AZ54,"XXX",BA54,"YYY",BB54,"")} -> 0x0001C0F8 | AZ54: =_xlfn.LET(_xlpm.M,_xlfn.XLOOKUP(C54,Sheet1!$B$2:$B$629,Sheet1!$C$2:$C$629),_xlpm.R1B,_xlfn.XLOOKUP('MCUCONST(編集用 For Editing)'!A54,Sheet1!$D$2:$D$390,Sheet1!$E$2:$E$390),_xlpm.R2B,_xlfn.XLOOKUP(A54,Sheet1!$F$2:$F$561,Sheet1!$G$2:$G$561),_xlpm.R4B,_xlfn.XLOOKUP('MCUCONST(編集用 For Editing)'!A54,Sheet1!$H$2:$H$61,Sheet1!$I$2:$I$61),_xlfn.IFNA(_xlpm.M,_xlfn.IFNA(_xlpm.R1B,_xlfn.IFNA(_xlpm.R2B,_xlpm.R4B)))) -> 0x0001C0F8 | BC54: 40
A55: ADDID-B-2B-0006 | B55: 29 | C55: MCUID3007 | D55: 基本7音 断続音（緊迫度中） 中 音圧低減率 Basic 7 Tones Break off (medium urgency) Medium Sound pressure reduction rate | E55: - | F55: 標準ブザー 吹鳴優先順位表 Common buzzer sounding priority order | G55: MET-M_CONTBUZZ2-CSTD | H55: - | I55: 全車両 All vehicles | J55: 数値 Value | L55: =_xlfn.FORMULATEXT(M55) -> #N/A | AQ55: {=_xlfn.SWITCH($D$4,"DENSO",BC55,"XXX",BD55,"YYY",BE55,"")} -> 40 | AR55: U2 | AS55: 0.1 | AT55: 0 | AU55: % | AV55: 0 | AW55: 100 | AX55: 実車適合結果に従い値を入力する ※実車適合前は初期値を入力 ※該当メータの音圧設定率上限値を超えない値を入力すること（”Ref) Sound Pressure Limit”シートを参照） Enter a value in accordance with the actual vehicle application results. * Before actual vehicle application, enter the initial value. * Enter a value that does not exceed the upper limit of the sound pressure setting rate for the applicable meter (refer to the "Ref) Sound Pressure Limit" sheet). | AY55: {=_xlfn.SWITCH($D$4,"DENSO",AZ55,"XXX",BA55,"YYY",BB55,"")} -> 0x0001C0FA | AZ55: =_xlfn.LET(_xlpm.M,_xlfn.XLOOKUP(C55,Sheet1!$B$2:$B$629,Sheet1!$C$2:$C$629),_xlpm.R1B,_xlfn.XLOOKUP('MCUCONST(編集用 For Editing)'!A55,Sheet1!$D$2:$D$390,Sheet1!$E$2:$E$390),_xlpm.R2B,_xlfn.XLOOKUP(A55,Sheet1!$F$2:$F$561,Sheet1!$G$2:$G$561),_xlpm.R4B,_xlfn.XLOOKUP('MCUCONST(編集用 For Editing)'!A55,Sheet1!$H$2:$H$61,Sheet1!$I$2:$I$61),_xlfn.IFNA(_xlpm.M,_xlfn.IFNA(_xlpm.R1B,_xlfn.IFNA(_xlpm.R2B,_xlpm.R4B)))) -> 0x0001C0FA | BC55: 40
A56: ADDID-B-2B-0007 | B56: 30 | C56: MCUID3008 | D56: 基本7音 断続音（緊迫度大） 中 音圧低減率 Basic 7 tones Break off the procedure (high urgency) Medium Sound pressure reduction rate | E56: - | F56: 標準ブザー 吹鳴優先順位表 Common buzzer sounding priority order | G56: MET-M_CONTBUZZ2-CSTD | H56: - | I56: 全車両 All vehicles | J56: 数値 Value | L56: =_xlfn.FORMULATEXT(M56) -> #N/A | AQ56: {=_xlfn.SWITCH($D$4,"DENSO",BC56,"XXX",BD56,"YYY",BE56,"")} -> 40 | AR56: U2 | AS56: 0.1 | AT56: 0 | AU56: % | AV56: 0 | AW56: 100 | AX56: 実車適合結果に従い値を入力する ※実車適合前は初期値を入力 ※該当メータの音圧設定率上限値を超えない値を入力すること（”Ref) Sound Pressure Limit”シートを参照） Enter a value in accordance with the actual vehicle application results. * Before actual vehicle application, enter the initial value. * Enter a value that does not exceed the upper limit of the sound pressure setting rate for the applicable meter (refer to the "Ref) Sound Pressure Limit" sheet). | AY56: {=_xlfn.SWITCH($D$4,"DENSO",AZ56,"XXX",BA56,"YYY",BB56,"")} -> 0x0001C0FC | AZ56: =_xlfn.LET(_xlpm.M,_xlfn.XLOOKUP(C56,Sheet1!$B$2:$B$629,Sheet1!$C$2:$C$629),_xlpm.R1B,_xlfn.XLOOKUP('MCUCONST(編集用 For Editing)'!A56,Sheet1!$D$2:$D$390,Sheet1!$E$2:$E$390),_xlpm.R2B,_xlfn.XLOOKUP(A56,Sheet1!$F$2:$F$561,Sheet1!$G$2:$G$561),_xlpm.R4B,_xlfn.XLOOKUP('MCUCONST(編集用 For Editing)'!A56,Sheet1!$H$2:$H$61,Sheet1!$I$2:$I$61),_xlfn.IFNA(_xlpm.M,_xlfn.IFNA(_xlpm.R1B,_xlfn.IFNA(_xlpm.R2B,_xlpm.R4B)))) -> 0x0001C0FC | BC56: 40
A57: ADDID-B-2B-0008 | B57: 31 | C57: MCUID3009 | D57: 基本7音 連続音 中 音圧低減率 Basic 7 tone Continuous tone Medium Sound Pressure reduction rate | E57: - | F57: 標準ブザー 吹鳴優先順位表 Common buzzer sounding priority order | G57: MET-M_CONTBUZZ2-CSTD | H57: - | I57: 全車両 All vehicles | J57: 数値 Value | L57: =_xlfn.FORMULATEXT(M57) -> #N/A | AQ57: {=_xlfn.SWITCH($D$4,"DENSO",BC57,"XXX",BD57,"YYY",BE57,"")} -> 40 | AR57: U2 | AS57: 0.1 | AT57: 0 | AU57: % | AV57: 0 | AW57: 100 | AX57: 実車適合結果に従い値を入力する ※実車適合前は初期値を入力 ※該当メータの音圧設定率上限値を超えない値を入力すること（”Ref) Sound Pressure Limit”シートを参照） Enter a value in accordance with the actual vehicle application results. * Before actual vehicle application, enter the initial value. * Enter a value that does not exceed the upper limit of the sound pressure setting rate for the applicable meter (refer to the "Ref) Sound Pressure Limit" sheet). | AY57: {=_xlfn.SWITCH($D$4,"DENSO",AZ57,"XXX",BA57,"YYY",BB57,"")} -> 0x0001C0FE | AZ57: =_xlfn.LET(_xlpm.M,_xlfn.XLOOKUP(C57,Sheet1!$B$2:$B$629,Sheet1!$C$2:$C$629),_xlpm.R1B,_xlfn.XLOOKUP('MCUCONST(編集用 For Editing)'!A57,Sheet1!$D$2:$D$390,Sheet1!$E$2:$E$390),_xlpm.R2B,_xlfn.XLOOKUP(A57,Sheet1!$F$2:$F$561,Sheet1!$G$2:$G$561),_xlpm.R4B,_xlfn.XLOOKUP('MCUCONST(編集用 For Editing)'!A57,Sheet1!$H$2:$H$61,Sheet1!$I$2:$I$61),_xlfn.IFNA(_xlpm.M,_xlfn.IFNA(_xlpm.R1B,_xlfn.IFNA(_xlpm.R2B,_xlpm.R4B)))) -> 0x0001C0FE | BC57: 40
A58: ADDID-B-2B-0009 | B58: 32 | C58: MCUID3010 | D58: 特別音（断続）PreDOT音 中 音圧低減率 Special sound (intermittent) PreDOT sound Medium Sound Pressure reduction rate | E58: - | F58: 標準ブザー 吹鳴優先順位表 Common buzzer sounding priority order | G58: MET-M_CONTBUZZ2-CSTD | H58: - | I58: 全車両 All vehicles | J58: 数値 Value | L58: =_xlfn.FORMULATEXT(M58) -> #N/A | AQ58: {=_xlfn.SWITCH($D$4,"DENSO",BC58,"XXX",BD58,"YYY",BE58,"")} -> 40 | AR58: U2 | AS58: 0.1 | AT58: 0 | AU58: % | AV58: 0 | AW58: 100 | AX58: 実車適合結果に従い値を入力する ※実車適合前は初期値を入力 ※該当メータの音圧設定率上限値を超えない値を入力すること（”Ref) Sound Pressure Limit”シートを参照） Enter a value in accordance with the actual vehicle application results. * Before actual vehicle application, enter the initial value. * Enter a value that does not exceed the upper limit of the sound pressure setting rate for the applicable meter (refer to the "Ref) Sound Pressure Limit" sheet). | AY58: {=_xlfn.SWITCH($D$4,"DENSO",AZ58,"XXX",BA58,"YYY",BB58,"")} -> 0x0001C100 | AZ58: =_xlfn.LET(_xlpm.M,_xlfn.XLOOKUP(C58,Sheet1!$B$2:$B$629,Sheet1!$C$2:$C$629),_xlpm.R1B,_xlfn.XLOOKUP('MCUCONST(編集用 For Editing)'!A58,Sheet1!$D$2:$D$390,Sheet1!$E$2:$E$390),_xlpm.R2B,_xlfn.XLOOKUP(A58,Sheet1!$F$2:$F$561,Sheet1!$G$2:$G$561),_xlpm.R4B,_xlfn.XLOOKUP('MCUCONST(編集用 For Editing)'!A58,Sheet1!$H$2:$H$61,Sheet1!$I$2:$I$61),_xlfn.IFNA(_xlpm.M,_xlfn.IFNA(_xlpm.R1B,_xlfn.IFNA(_xlpm.R2B,_xlpm.R4B)))) -> 0x0001C100 | BC58: 40
A59: ADDID-B-2B-0010 | B59: 33 | C59: MCUID3011 | D59: 基本7音 報知音 大 音圧低減率 Basic 7 Tone Reporting Large Sound pressure reduction rate | E59: - | F59: 標準ブザー 吹鳴優先順位表 Common buzzer sounding priority order | G59: MET-M_CONTBUZZ2-CSTD | H59: - | I59: 全車両 All vehicles | J59: 数値 Value | L59: =_xlfn.FORMULATEXT(M59) -> #N/A | AQ59: {=_xlfn.SWITCH($D$4,"DENSO",BC59,"XXX",BD59,"YYY",BE59,"")} -> 50 | AR59: U2 | AS59: 0.1 | AT59: 0 | AU59: % | AV59: 0 | AW59: 100 | AX59: 実車適合結果に従い値を入力する ※実車適合前は初期値を入力 ※該当メータの音圧設定率上限値を超えない値を入力すること（”Ref) Sound Pressure Limit”シートを参照） Enter a value in accordance with the actual vehicle application results. * Before actual vehicle application, enter the initial value. * Enter a value that does not exceed the upper limit of the sound pressure setting rate for the applicable meter (refer to the "Ref) Sound Pressure Limit" sheet). | AY59: {=_xlfn.SWITCH($D$4,"DENSO",AZ59,"XXX",BA59,"YYY",BB59,"")} -> 0x0001C102 | AZ59: =_xlfn.LET(_xlpm.M,_xlfn.XLOOKUP(C59,Sheet1!$B$2:$B$629,Sheet1!$C$2:$C$629),_xlpm.R1B,_xlfn.XLOOKUP('MCUCONST(編集用 For Editing)'!A59,Sheet1!$D$2:$D$390,Sheet1!$E$2:$E$390),_xlpm.R2B,_xlfn.XLOOKUP(A59,Sheet1!$F$2:$F$561,Sheet1!$G$2:$G$561),_xlpm.R4B,_xlfn.XLOOKUP('MCUCONST(編集用 For Editing)'!A59,Sheet1!$H$2:$H$61,Sheet1!$I$2:$I$61),_xlfn.IFNA(_xlpm.M,_xlfn.IFNA(_xlpm.R1B,_xlfn.IFNA(_xlpm.R2B,_xlpm.R4B)))) -> 0x0001C102 | BC59: 50
A60: ADDID-B-2B-0011 | B60: 34 | C60: MCUID3012 | D60: 基本7音 報知音（特殊） 大 音圧低減率 Basic 7 Tone Reporting (Special) Large Sound pressure reduction rate | E60: - | F60: 標準ブザー 吹鳴優先順位表 Common buzzer sounding priority order | G60: MET-M_CONTBUZZ2-CSTD | H60: - | I60: 全車両 All vehicles | J60: 数値 Value | L60: =_xlfn.FORMULATEXT(M60) -> #N/A | AQ60: {=_xlfn.SWITCH($D$4,"DENSO",BC60,"XXX",BD60,"YYY",BE60,"")} -> 50 | AR60: U2 | AS60: 0.1 | AT60: 0 | AU60: % | AV60: 0 | AW60: 100 | AX60: 実車適合結果に従い値を入力する ※実車適合前は初期値を入力 ※該当メータの音圧設定率上限値を超えない値を入力すること（”Ref) Sound Pressure Limit”シートを参照） Enter a value in accordance with the actual vehicle application results. * Before actual vehicle application, enter the initial value. * Enter a value that does not exceed the upper limit of the sound pressure setting rate for the applicable meter (refer to the "Ref) Sound Pressure Limit" sheet). | AY60: {=_xlfn.SWITCH($D$4,"DENSO",AZ60,"XXX",BA60,"YYY",BB60,"")} -> 0x0001C104 | AZ60: =_xlfn.LET(_xlpm.M,_xlfn.XLOOKUP(C60,Sheet1!$B$2:$B$629,Sheet1!$C$2:$C$629),_xlpm.R1B,_xlfn.XLOOKUP('MCUCONST(編集用 For Editing)'!A60,Sheet1!$D$2:$D$390,Sheet1!$E$2:$E$390),_xlpm.R2B,_xlfn.XLOOKUP(A60,Sheet1!$F$2:$F$561,Sheet1!$G$2:$G$561),_xlpm.R4B,_xlfn.XLOOKUP('MCUCONST(編集用 For Editing)'!A60,Sheet1!$H$2:$H$61,Sheet1!$I$2:$I$61),_xlfn.IFNA(_xlpm.M,_xlfn.IFNA(_xlpm.R1B,_xlfn.IFNA(_xlpm.R2B,_xlpm.R4B)))) -> 0x0001C104 | BC60: 50
A61: ADDID-B-2B-0012 | B61: 35 | C61: MCUID3013 | D61: 基本7音 受付音 大 音圧低減率 Basic 7 tones Reception tone Large Sound pressure reduction rate | E61: - | F61: 標準ブザー 吹鳴優先順位表 Common buzzer sounding priority order | G61: MET-M_CONTBUZZ2-CSTD | H61: - | I61: 全車両 All vehicles | J61: 数値 Value | L61: =_xlfn.FORMULATEXT(M61) -> #N/A | AQ61: {=_xlfn.SWITCH($D$4,"DENSO",BC61,"XXX",BD61,"YYY",BE61,"")} -> 50 | AR61: U2 | AS61: 0.1 | AT61: 0 | AU61: % | AV61: 0 | AW61: 100 | AX61: 実車適合結果に従い値を入力する ※実車適合前は初期値を入力 ※該当メータの音圧設定率上限値を超えない値を入力すること（”Ref) Sound Pressure Limit”シートを参照） Enter a value in accordance with the actual vehicle application results. * Before actual vehicle application, enter the initial value. * Enter a value that does not exceed the upper limit of the sound pressure setting rate for the applicable meter (refer to the "Ref) Sound Pressure Limit" sheet). | AY61: {=_xlfn.SWITCH($D$4,"DENSO",AZ61,"XXX",BA61,"YYY",BB61,"")} -> 0x0001C106 | AZ61: =_xlfn.LET(_xlpm.M,_xlfn.XLOOKUP(C61,Sheet1!$B$2:$B$629,Sheet1!$C$2:$C$629),_xlpm.R1B,_xlfn.XLOOKUP('MCUCONST(編集用 For Editing)'!A61,Sheet1!$D$2:$D$390,Sheet1!$E$2:$E$390),_xlpm.R2B,_xlfn.XLOOKUP(A61,Sheet1!$F$2:$F$561,Sheet1!$G$2:$G$561),_xlpm.R4B,_xlfn.XLOOKUP('MCUCONST(編集用 For Editing)'!A61,Sheet1!$H$2:$H$61,Sheet1!$I$2:$I$61),_xlfn.IFNA(_xlpm.M,_xlfn.IFNA(_xlpm.R1B,_xlfn.IFNA(_xlpm.R2B,_xlpm.R4B)))) -> 0x0001C106 | BC61: 50
... A207: ADDID-B-2B-0158 | B207: 181 | C207: MCUID0922 | D207: RCTAブザー 音圧設定率 （CSR_VOL=111b） RTCA buzzer set sound pressure rate （CSR_VOL=111b） | E207: - | F207: 標準ブザー 吹鳴優先順位表 Common buzzer sounding priority order | G207: MET-M_CONTBUZZ2-CSTD | H207: - | I207: 全車両 All vehicles | J207: 数値 Value | L207: =_xlfn.FORMULATEXT(M207) -> #N/A | AQ207: {=_xlfn.SWITCH($D$4,"DENSO",BC207,"XXX",BD207,"YYY",BE207,"")} -> 24 | AR207: U2 | AS207: 0.1 | AT207: 0 | AU207: % | AV207: 0 | AW207: 100 | AX207: 仕入先様から評価結果を受領し、入力する。 仕入先様から受領した値以外を入力する場合、車担責任で入力すること。 ※該当メータの音圧設定率上限値を超えない値を入力すること（”Ref) Sound Pressure Limit”シートを参照） Receive and enter the evaluation results from the supplier. Entries different from the values received from the supplier must be made under the responsibility of MET Shatan. * Enter a value that does not exceed the upper limit of the sound pressure setting rate for the applicable meter (refer to the "Ref) Sound Pressure Limit" sheet). | AY207: {=_xlfn.SWITCH($D$4,"DENSO",AZ207,"XXX",BA207,"YYY",BB207,"")} -> 0x0001C22A | AZ207: =_xlfn.LET(_xlpm.M,_xlfn.XLOOKUP(C207,Sheet1!$B$2:$B$629,Sheet1!$C$2:$C$629),_xlpm.R1B,_xlfn.XLOOKUP('MCUCONST(編集用 For Editing)'!A207,Sheet1!$D$2:$D$390,Sheet1!$E$2:$E$390),_xlpm.R2B,_xlfn.XLOOKUP(A207,Sheet1!$F$2:$F$561,Sheet1!$G$2:$G$561),_xlpm.R4B,_xlfn.XLOOKUP('MCUCONST(編集用 For Editing)'!A207,Sheet1!$H$2:$H$61,Sheet1!$I$2:$I$61),_xlfn.IFNA(_xlpm.M,_xlfn.IFNA(_xlpm.R1B,_xlfn.IFNA(_xlpm.R2B,_xlpm.R4B)))) -> 0x0001C22A | BC207: 24
A208: ADDID-C-1B-0023 | B208: 182 | C208: MCUID0209 | D208: RR席ｶｰﾃｼSW信号 Rear right door courtesy switch signal | E208: - | F208: DOOR(ﾃﾙﾃｰﾙ+ﾏﾙﾁﾃﾞｨｽﾌﾟﾚｲ表示) Door (telltale + MID indication) | G208: MET-B_TDOOR-CSTD-0 | H208: OMUSVIID0002 | I208: リア右側ドア有り車両 Vehicles equipped with a door at the rear right side | J208: 0=なし、1=あり 0 = not present, 1 = present | L208: =_xlfn.FORMULATEXT(M208) -> #N/A | AQ208: 0 | AR208: U1 | AS208: 1 | AT208: 0 | AU208: - | AV208: 0 | AW208: 1 | AX208: リア右側ドア対応車両は”1” Vehicles for which a door at the rear right side is applicable: “1” | AY208: {=_xlfn.SWITCH($D$4,"DENSO",AZ208,"XXX",BA208,"YYY",BB208,"")} -> 0x0001C776 | AZ208: =_xlfn.LET(_xlpm.M,_xlfn.XLOOKUP(C208,Sheet1!$B$2:$B$629,Sheet1!$C$2:$C$629),_xlpm.R1B,_xlfn.XLOOKUP('MCUCONST(編集用 For Editing)'!A208,Sheet1!$D$2:$D$390,Sheet1!$E$2:$E$390),_xlpm.R2B,_xlfn.XLOOKUP(A208,Sheet1!$F$2:$F$561,Sheet1!$G$2:$G$561),_xlpm.R4B,_xlfn.XLOOKUP('MCUCONST(編集用 For Editing)'!A208,Sheet1!$H$2:$H$61,Sheet1!$I$2:$I$61),_xlfn.IFNA(_xlpm.M,_xlfn.IFNA(_xlpm.R1B,_xlfn.IFNA(_xlpm.R2B,_xlpm.R4B)))) -> 0x0001C776
A209: ADDID-C-1B-0024 | B209: 183 | C209: MCUID0210 | D209: RL席ｶｰﾃｼSW信号 Rear left door courtesy switch signal | E209: - | F209: DOOR(ﾃﾙﾃｰﾙ+ﾏﾙﾁﾃﾞｨｽﾌﾟﾚｲ表示) Door (telltale + MID indication) | G209: MET-B_TDOOR-CSTD-0 | H209: OMUSVIID0003 | I209: リア左側ドア有り車両 Vehicles equipped with a door at the rear left side | J209: 0=なし、1=あり 0 = not present, 1 = present | L209: =_xlfn.FORMULATEXT(M209) -> #N/A | AQ209: 0 | AR209: U1 | AS209: 1 | AT209: 0 | AU209: - | AV209: 0 | AW209: 1 | AX209: リア左側ドア対応車両は”1” Vehicles for which a door at the rear left side is applicable: “1” | AY209: {=_xlfn.SWITCH($D$4,"DENSO",AZ209,"XXX",BA209,"YYY",BB209,"")} -> 0x0001C777 | AZ209: =_xlfn.LET(_xlpm.M,_xlfn.XLOOKUP(C209,Sheet1!$B$2:$B$629,Sheet1!$C$2:$C$629),_xlpm.R1B,_xlfn.XLOOKUP('MCUCONST(編集用 For Editing)'!A209,Sheet1!$D$2:$D$390,Sheet1!$E$2:$E$390),_xlpm.R2B,_xlfn.XLOOKUP(A209,Sheet1!$F$2:$F$561,Sheet1!$G$2:$G$561),_xlpm.R4B,_xlfn.XLOOKUP('MCUCONST(編集用 For Editing)'!A209,Sheet1!$H$2:$H$61,Sheet1!$I$2:$I$61),_xlfn.IFNA(_xlpm.M,_xlfn.IFNA(_xlpm.R1B,_xlfn.IFNA(_xlpm.R2B,_xlpm.R4B)))) -> 0x0001C777
A210: ADDID-C-1B-0025 | B210: 184 | C210: MCUID0211 | D210: ﾊﾞｯｸﾄﾞｱｶｰﾃｼSW信号 Back door courtesy switch signal | E210: - | F210: DOOR(ﾃﾙﾃｰﾙ+ﾏﾙﾁﾃﾞｨｽﾌﾟﾚｲ表示) Door (telltale + MID indication) | G210: MET-B_TDOOR-CSTD-0 | H210: OMUSVIID0004 | I210: バックドア有り車両 Vehicles equipped with back door | J210: 0=なし、1=あり 0 = not present, 1 = present | L210: =_xlfn.FORMULATEXT(M210) -> #N/A | AQ210: 0 | AR210: U1 | AS210: 1 | AT210: 0 | AU210: - | AV210: 0 | AW210: 1 | AX210: バックドア対応車両は”1” Vehicle for which a back door is applicable: “1” | AY210: {=_xlfn.SWITCH($D$4,"DENSO",AZ210,"XXX",BA210,"YYY",BB210,"")} -> 0x0001C778 | AZ210: =_xlfn.LET(_xlpm.M,_xlfn.XLOOKUP(C210,Sheet1!$B$2:$B$629,Sheet1!$C$2:$C$629),_xlpm.R1B,_xlfn.XLOOKUP('MCUCONST(編集用 For Editing)'!A210,Sheet1!$D$2:$D$390,Sheet1!$E$2:$E$390),_xlpm.R2B,_xlfn.XLOOKUP(A210,Sheet1!$F$2:$F$561,Sheet1!$G$2:$G$561),_xlpm.R4B,_xlfn.XLOOKUP('MCUCONST(編集用 For Editing)'!A210,Sheet1!$H$2:$H$61,Sheet1!$I$2:$I$61),_xlfn.IFNA(_xlpm.M,_xlfn.IFNA(_xlpm.R1B,_xlfn.IFNA(_xlpm.R2B,_xlpm.R4B)))) -> 0x0001C778
A211: ADDID-C-1B-0026 | B211: 185 | C211: MCUID0212 | D211: ﾗｹﾞｰｼﾞｶｰﾃｼSW信号 Luggage compartment courtesy switch signal | E211: - | F211: DOOR(ﾃﾙﾃｰﾙ+ﾏﾙﾁﾃﾞｨｽﾌﾟﾚｲ表示) Door (telltale + MID indication) | G211: MET-B_TDOOR-CSTD-0 | H211: OMUSVIID0004 | I211: ラゲージ(トランク)有り車両 Vehicles equipped with a luggage compartment (trunk) | J211: 0=なし、1=あり 0 = not present, 1 = present | L211: =_xlfn.FORMULATEXT(M211) -> #N/A | AQ211: 0 | AR211: U1 | AS211: 1 | AT211: 0 | AU211: - | AV211: 0 | AW211: 1 | AX211: ラゲージドア対応車両は”1” Vehicles for which a luggage compartment door is applicable: “1” | AY211: {=_xlfn.SWITCH($D$4,"DENSO",AZ211,"XXX",BA211,"YYY",BB211,"")} -> 0x0001C779 | AZ211: =_xlfn.LET(_xlpm.M,_xlfn.XLOOKUP(C211,Sheet1!$B$2:$B$629,Sheet1!$C$2:$C$629),_xlpm.R1B,_xlfn.XLOOKUP('MCUCONST(編集用 For Editing)'!A211,Sheet1!$D$2:$D$390,Sheet1!$E$2:$E$390),_xlpm.R2B,_xlfn.XLOOKUP(A211,Sheet1!$F$2:$F$561,Sheet1!$G$2:$G$561),_xlpm.R4B,_xlfn.XLOOKUP('MCUCONST(編集用 For Editing)'!A211,Sheet1!$H$2:$H$61,Sheet1!$I$2:$I$61),_xlfn.IFNA(_xlpm.M,_xlfn.IFNA(_xlpm.R1B,_xlfn.IFNA(_xlpm.R2B,_xlpm.R4B)))) -> 0x0001C779
A212: ADDID-C-1B-0027 | B212: 186 | C212: MCUID0213 | D212: ﾌｰﾄﾞｶｰﾃｼSW信号 Hood courtesy switch signal | E212: - | F212: DOOR(ﾃﾙﾃｰﾙ+ﾏﾙﾁﾃﾞｨｽﾌﾟﾚｲ表示) Door (telltale + MID indication) | G212: MET-B_TDOOR-CSTD-0 | H212: OMUSVIID0005 | I212: フードカーテシSW有り車両 Vehicles equipped with a hood courtesy switch | J212: 0=なし、1=あり 0 = not present, 1 = present | L212: =_xlfn.FORMULATEXT(M212) -> #N/A | AQ212: 0 | AR212: U1 | AS212: 1 | AT212: 0 | AU212: - | AV212: 0 | AW212: 1 | AX212: フード対応車両は”1” Vehicles for which a hood is applicable: “1” | AY212: {=_xlfn.SWITCH($D$4,"DENSO",AZ212,"XXX",BA212,"YYY",BB212,"")} -> 0x0001C77A | AZ212: =_xlfn.LET(_xlpm.M,_xlfn.XLOOKUP(C212,Sheet1!$B$2:$B$629,Sheet1!$C$2:$C$629),_xlpm.R1B,_xlfn.XLOOKUP('MCUCONST(編集用 For Editing)'!A212,Sheet1!$D$2:$D$390,Sheet1!$E$2:$E$390),_xlpm.R2B,_xlfn.XLOOKUP(A212,Sheet1!$F$2:$F$561,Sheet1!$G$2:$G$561),_xlpm.R4B,_xlfn.XLOOKUP('MCUCONST(編集用 For Editing)'!A212,Sheet1!$H$2:$H$61,Sheet1!$I$2:$I$61),_xlfn.IFNA(_xlpm.M,_xlfn.IFNA(_xlpm.R1B,_xlfn.IFNA(_xlpm.R2B,_xlpm.R4B)))) -> 0x0001C77A
A213: ADDID-C-1B-0028 | B213: 187 | C213: MCUID0214 | D213: 右PSD警報要求 Right power sliding door warning request | E213: - | F213: DOOR(ﾃﾙﾃｰﾙ+ﾏﾙﾁﾃﾞｨｽﾌﾟﾚｲ表示) Door (telltale + MID indication) | G213: MET-B_TDOOR-CSTD-0 | H213: OMUSVIID0006 | I213: 右側パワースライドドア有り車両 Vehicles equipped with a power sliding door on the right side | J213: 0=なし、1=あり 0 = not present, 1 = present | L213: =_xlfn.FORMULATEXT(M213) -> #N/A | AQ213: 0 | AR213: U1 | AS213: 1 | AT213: 0 | AU213: - | AV213: 0 | AW213: 1 | AX213: 右側パワースライドドア対応車両は”1” Vehicles for which a power sliding door on the right side is applicable: “1” | AY213: {=_xlfn.SWITCH($D$4,"DENSO",AZ213,"XXX",BA213,"YYY",BB213,"")} -> 0x0001C77B | AZ213: =_xlfn.LET(_xlpm.M,_xlfn.XLOOKUP(C213,Sheet1!$B$2:$B$629,Sheet1!$C$2:$C$629),_xlpm.R1B,_xlfn.XLOOKUP('MCUCONST(編集用 For Editing)'!A213,Sheet1!$D$2:$D$390,Sheet1!$E$2:$E$390),_xlpm.R2B,_xlfn.XLOOKUP(A213,Sheet1!$F$2:$F$561,Sheet1!$G$2:$G$561),_xlpm.R4B,_xlfn.XLOOKUP('MCUCONST(編集用 For Editing)'!A213,Sheet1!$H$2:$H$61,Sheet1!$I$2:$I$61),_xlfn.IFNA(_xlpm.M,_xlfn.IFNA(_xlpm.R1B,_xlfn.IFNA(_xlpm.R2B,_xlpm.R4B)))) -> 0x0001C77B
A214: ADDID-C-1B-0029 | B214: 188 | C214: MCUID0215 | D214: 左PSD警報要求 Left power sliding door warning request | E214: - | F214: DOOR(ﾃﾙﾃｰﾙ+ﾏﾙﾁﾃﾞｨｽﾌﾟﾚｲ表示) Door (telltale + MID indication) | G214: MET-B_TDOOR-CSTD-0 | H214: OMUSVIID0007 | I214: 左側パワースライドドア有り車両 Vehicles equipped with a power sliding door on the left side | J214: 0=なし、1=あり 0 = not present, 1 = present | L214: =_xlfn.FORMULATEXT(M214) -> #N/A | AQ214: 0 | AR214: U1 | AS214: 1 | AT214: 0 | AU214: - | AV214: 0 | AW214: 1 | AX214: 左側パワースライドドア対応車両は”1” Vehicles for which a power sliding door on the left side is applicable: “1” | AY214: {=_xlfn.SWITCH($D$4,"DENSO",AZ214,"XXX",BA214,"YYY",BB214,"")} -> 0x0001C77C | AZ214: =_xlfn.LET(_xlpm.M,_xlfn.XLOOKUP(C214,Sheet1!$B$2:$B$629,Sheet1!$C$2:$C$629),_xlpm.R1B,_xlfn.XLOOKUP('MCUCONST(編集用 For Editing)'!A214,Sheet1!$D$2:$D$390,Sheet1!$E$2:$E$390),_xlpm.R2B,_xlfn.XLOOKUP(A214,Sheet1!$F$2:$F$561,Sheet1!$G$2:$G$561),_xlpm.R4B,_xlfn.XLOOKUP('MCUCONST(編集用 For Editing)'!A214,Sheet1!$H$2:$H$61,Sheet1!$I$2:$I$61),_xlfn.IFNA(_xlpm.M,_xlfn.IFNA(_xlpm.R1B,_xlfn.IFNA(_xlpm.R2B,_xlpm.R4B)))) -> 0x0001C77C
A215: ADDID-C-1B-0032 | B215: 189 | C215: MCUID0219 | D215: Gボール表示ゲージの最大値 【G_SPMAX】 Maximum value of G ball indication gauge [G_SPMAX] | E215: - | F215: Gモニター G-force monitor | G215: MET-C_GMN-CSTD-0 | H215: - | I215: レクサス or GR or GRMN (MCUID0024/0025参照) Lexus, GR, or GRMN (Refer to MCUID0024/0025.) | J215: 数値 Value | L215: =_xlfn.FORMULATEXT(M215) -> #N/A | AQ215: 0.8 | AR215: U1 | AS215: 0.1 | AT215: 0 | AU215: G | AV215: 0 | AW215: 9.9 | AX215: 過去定数横並び結果：F-Spo系は0.8G、FやGR系は1.5G Results of past constants comparison: F-Sport type: 0.8 G, F or GR type: 1.5 G | AY215: {=_xlfn.SWITCH($D$4,"DENSO",AZ215,"XXX",BA215,"YYY",BB215,"")} -> 0x0001C77F | AZ215: =_xlfn.LET(_xlpm.M,_xlfn.XLOOKUP(C215,Sheet1!$B$2:$B$629,Sheet1!$C$2:$C$629),_xlpm.R1B,_xlfn.XLOOKUP('MCUCONST(編集用 For Editing)'!A215,Sheet1!$D$2:$D$390,Sheet1!$E$2:$E$390),_xlpm.R2B,_xlfn.XLOOKUP(A215,Sheet1!$F$2:$F$561,Sheet1!$G$2:$G$561),_xlpm.R4B,_xlfn.XLOOKUP('MCUCONST(編集用 For Editing)'!A215,Sheet1!$H$2:$H$61,Sheet1!$I$2:$I$61),_xlfn.IFNA(_xlpm.M,_xlfn.IFNA(_xlpm.R1B,_xlfn.IFNA(_xlpm.R2B,_xlpm.R4B)))) -> 0x0001C77F
A216: ADDID-C-1B-0033 | B216: 190 | C216: MCUID0220 | D216: 重力加速度最大値履歴非表示中 球体履歴表示時間 【GTrajectory2】 Gravitational acceleration maximum value history not indicated: sphere history indication time [GTrajectory2] | E216: - | F216: Gモニター G-force monitor | G216: MET-C_GMN-CSTD-0 | H216: - | I216: レクサス or GR or GRMN (MCUID0024/0025参照) Lexus, GR, or GRMN (Refer to MCUID0024/0025.) | J216: 数値 Value | L216: =_xlfn.FORMULATEXT(M216) -> #N/A | AQ216: 0 | AR216: U1 | AS216: 1 | AT216: 0 | AU216: sec | AV216: 0 | AW216: 255 | AX216: 過去定数横並び結果：F-Spo系は0sec、FやGR系は5sec Results of past constant comparison: F-Sport type:0 sec, F or GR type:5 sec | AY216: {=_xlfn.SWITCH($D$4,"DENSO",AZ216,"XXX",BA216,"YYY",BB216,"")} -> 0x0001C780 | AZ216: =_xlfn.LET(_xlpm.M,_xlfn.XLOOKUP(C216,Sheet1!$B$2:$B$629,Sheet1!$C$2:$C$629),_xlpm.R1B,_xlfn.XLOOKUP('MCUCONST(編集用 For Editing)'!A216,Sheet1!$D$2:$D$390,Sheet1!$E$2:$E$390),_xlpm.R2B,_xlfn.XLOOKUP(A216,Sheet1!$F$2:$F$561,Sheet1!$G$2:$G$561),_xlpm.R4B,_xlfn.XLOOKUP('MCUCONST(編集用 For Editing)'!A216,Sheet1!$H$2:$H$61,Sheet1!$I$2:$I$61),_xlfn.IFNA(_xlpm.M,_xlfn.IFNA(_xlpm.R1B,_xlfn.IFNA(_xlpm.R2B,_xlpm.R4B)))) -> 0x0001C780
A217: ADDID-C-1B-0034 | B217: 191 | C217: MCUID0221 | D217: G数値表示最大値 【G_NMAX】 Maximum indicated G value [G_NMAX] | E217: - | F217: Gモニター G-force monitor | G217: MET-C_GMN-CSTD-0 | H217: - | I217: レクサス or GR or GRMN (MCUID0024/0025参照) Lexus, GR, or GRMN (Refer to MCUID0024/0025.) | J217: 数値 Value | L217: =_xlfn.FORMULATEXT(M217) -> #N/A | AQ217: 0.8 | AR217: U1 | AS217: 0.1 | AT217: 0 | AU217: G | AV217: 0 | AW217: 9.9 | AX217: 過去定数横並び結果：F-Spo系は0.8G、FやGR系は2.5G Results of past constants comparison: F-Sport type: 0.8 G, F or GR type: 2.5 G | AY217: {=_xlfn.SWITCH($D$4,"DENSO",AZ217,"XXX",BA217,"YYY",BB217,"")} -> 0x0001C781 | AZ217: =_xlfn.LET(_xlpm.M,_xlfn.XLOOKUP(C217,Sheet1!$B$2:$B$629,Sheet1!$C$2:$C$629),_xlpm.R1B,_xlfn.XLOOKUP('MCUCONST(編集用 For Editing)'!A217,Sheet1!$D$2:$D$390,Sheet1!$E$2:$E$390),_xlpm.R2B,_xlfn.XLOOKUP(A217,Sheet1!$F$2:$F$561,Sheet1!$G$2:$G$561),_xlpm.R4B,_xlfn.XLOOKUP('MCUCONST(編集用 For Editing)'!A217,Sheet1!$H$2:$H$61,Sheet1!$I$2:$I$61),_xlfn.IFNA(_xlpm.M,_xlfn.IFNA(_xlpm.R1B,_xlfn.IFNA(_xlpm.R2B,_xlpm.R4B)))) -> 0x0001C781
A218: ADDID-C-1B-0035 | B218: 192 | C218: MCUID0224 | D218: RR席着座SW信号 Rear right seat occupied switch signal | E218: ▽R-SEAREM-003 ▽R-SEAREM-004 ▽R-SEAREM-006 | F218: SEAT BELT REMINDER(TT+BZR+MID) Seatbelt reminder (TT + BZR + MID) | G218: MET-B_SEAREM-CSTD-A0 | H218: OMUSVIID0009 | I218: 全車両 All vehicles | J218: 0=RR席着座SW信号なし、1=RR席着座SW信号あり 0 = no rear-right seat occupied switch signal, 1 = rear-right seat occupied switch signal | L218: =_xlfn.FORMULATEXT(M218) -> #N/A | AQ218: 0 | AR218: U1 | AS218: 1 | AT218: 0 | AU218: - | AV218: 0 | AW218: 1 | AX218: 担当メータのシステム構成を確認の上、実車のドア数、着座センサ有無を確認すること Check the number of doors on the actual vehicle and the presence of seat occupancy sensors after confirming the system structure of the meter that you are responsible for. | AY218: {=_xlfn.SWITCH($D$4,"DENSO",AZ218,"XXX",BA218,"YYY",BB218,"")} -> 0x0001C782 | AZ218: =_xlfn.LET(_xlpm.M,_xlfn.XLOOKUP(C218,Sheet1!$B$2:$B$629,Sheet1!$C$2:$C$629),_xlpm.R1B,_xlfn.XLOOKUP('MCUCONST(編集用 For Editing)'!A218,Sheet1!$D$2:$D$390,Sheet1!$E$2:$E$390),_xlpm.R2B,_xlfn.XLOOKUP(A218,Sheet1!$F$2:$F$561,Sheet1!$G$2:$G$561),_xlpm.R4B,_xlfn.XLOOKUP('MCUCONST(編集用 For Editing)'!A218,Sheet1!$H$2:$H$61,Sheet1!$I$2:$I$61),_xlfn.IFNA(_xlpm.M,_xlfn.IFNA(_xlpm.R1B,_xlfn.IFNA(_xlpm.R2B,_xlpm.R4B)))) -> 0x0001C782
A219: ADDID-C-1B-0036 | B219: 193 | C219: MCUID0225 | D219: RC席着座SW信号 Rear center seat occupied switch signal | E219: ▽R-SEAREM-003 ▽R-SEAREM-004 ▽R-SEAREM-006 | F219: SEAT BELT REMINDER(TT+BZR+MID) Seatbelt reminder (TT + BZR + MID) | G219: MET-B_SEAREM-CSTD-A0 | H219: OMUSVIID0010 | I219: 全車両 All vehicles | J219: 0=RC席着座SW信号なし、1=RC席着座SW信号あり 0 = no rear-center seat occupied switch signal, 1 = rear-center seat occupied switch signal | L219: =_xlfn.FORMULATEXT(M219) -> #N/A | AQ219: 0 | AR219: U1 | AS219: 1 | AT219: 0 | AU219: - | AV219: 0 | AW219: 1 | AX219: 担当メータのシステム構成を確認の上、実車のドア数、着座センサ有無を確認すること Check the number of doors on the actual vehicle and the presence of seat occupancy sensors after confirming the system structure of the meter that you are responsible for. | AY219: {=_xlfn.SWITCH($D$4,"DENSO",AZ219,"XXX",BA219,"YYY",BB219,"")} -> 0x0001C783 | AZ219: =_xlfn.LET(_xlpm.M,_xlfn.XLOOKUP(C219,Sheet1!$B$2:$B$629,Sheet1!$C$2:$C$629),_xlpm.R1B,_xlfn.XLOOKUP('MCUCONST(編集用 For Editing)'!A219,Sheet1!$D$2:$D$390,Sheet1!$E$2:$E$390),_xlpm.R2B,_xlfn.XLOOKUP(A219,Sheet1!$F$2:$F$561,Sheet1!$G$2:$G$561),_xlpm.R4B,_xlfn.XLOOKUP('MCUCONST(編集用 For Editing)'!A219,Sheet1!$H$2:$H$61,Sheet1!$I$2:$I$61),_xlfn.IFNA(_xlpm.M,_xlfn.IFNA(_xlpm.R1B,_xlfn.IFNA(_xlpm.R2B,_xlpm.R4B)))) -> 0x0001C783
... A238: ADDID-C-1B-0055 | B238: 212 | C238: MCUID0260 | D238: スピードメータ指示公差 (UNR・豪州・他向け) 速度公差Ａ Speedometer indication tolerance (for UN-R, Australia, and other): speed tolerance A | E238: - | F238: スピードメータ Speedometer | G238: MET-M_SP-CSTD-0, MET-M_SP-CSTD-1 | H238: - | I238: 欧州・豪州他向け車両 Vehicles for Europe or Australasia | J238: 数値 Value | L238: =_xlfn.FORMULATEXT(M238) -> #N/A | AQ238: 1.028 | AR238: U1 | AS238: 0.002 | AT238: 0.94 | AU238: - | AV238: 0.94 | AW238: 1.064 | AX238: 125D,292D値 125D, 292D value | AY238: {=_xlfn.SWITCH($D$4,"DENSO",AZ238,"XXX",BA238,"YYY",BB238,"")} -> 0x0001C796 | AZ238: =_xlfn.LET(_xlpm.M,_xlfn.XLOOKUP(C238,Sheet1!$B$2:$B$629,Sheet1!$C$2:$C$629),_xlpm.R1B,_xlfn.XLOOKUP('MCUCONST(編集用 For Editing)'!A238,Sheet1!$D$2:$D$390,Sheet1!$E$2:$E$390),_xlpm.R2B,_xlfn.XLOOKUP(A238,Sheet1!$F$2:$F$561,Sheet1!$G$2:$G$561),_xlpm.R4B,_xlfn.XLOOKUP('MCUCONST(編集用 For Editing)'!A238,Sheet1!$H$2:$H$61,Sheet1!$I$2:$I$61),_xlfn.IFNA(_xlpm.M,_xlfn.IFNA(_xlpm.R1B,_xlfn.IFNA(_xlpm.R2B,_xlpm.R4B)))) -> 0x0001C796
A239: ADDID-C-1B-0056 | B239: 213 | C239: MCUID0261 | D239: スピードメータ指示公差 (UNR・豪州・他向け) 速度公差Ｂ Speedometer indication tolerance (for UN-R, Australia, and other): speed tolerance B | E239: - | F239: スピードメータ Speedometer | G239: MET-M_SP-CSTD-0, MET-M_SP-CSTD-1 | H239: - | I239: 欧州・豪州他向け車両 Vehicles for Europe or Australasia | J239: 数値 Value | L239: #N/A | AQ239: 0.8 | AR239: S1 | AS239: 0.2 | AT239: 0 | AU239: KPH | AV239: -6.2 | AW239: 6.2 | AX239: 125D,292D値 125D, 292D value | AY239: {=_xlfn.SWITCH($D$4,"DENSO",AZ239,"XXX",BA239,"YYY",BB239,"")} -> 0x0001C797 | AZ239: =_xlfn.LET(_xlpm.M,_xlfn.XLOOKUP(C239,Sheet1!$B$2:$B$629,Sheet1!$C$2:$C$629),_xlpm.R1B,_xlfn.XLOOKUP('MCUCONST(編集用 For Editing)'!A239,Sheet1!$D$2:$D$390,Sheet1!$E$2:$E$390),_xlpm.R2B,_xlfn.XLOOKUP(A239,Sheet1!$F$2:$F$561,Sheet1!$G$2:$G$561),_xlpm.R4B,_xlfn.XLOOKUP('MCUCONST(編集用 For Editing)'!A239,Sheet1!$H$2:$H$61,Sheet1!$I$2:$I$61),_xlfn.IFNA(_xlpm.M,_xlfn.IFNA(_xlpm.R1B,_xlfn.IFNA(_xlpm.R2B,_xlpm.R4B)))) -> 0x0001C797
A240: ADDID-B-2B-0159 | B240: 214 | C240: MCUID0757 | D240: 米国カナダ向けデジタルメータ車速仕様（20km/h） Digital meter vehicle speed specifications for U.S. and Canada (20 km/h) | E240: - | F240: スピードメータ Speedometer | G240: MET-M_SP-CSTD-0, MET-M_SP-CSTD-1 | H240: - | I240: 米国カナダ向け車両 Vehicles for U.S. or Canada | J240: 数値 Value | L240: =_xlfn.FORMULATEXT(M240) -> #N/A | AQ240: 21.7 | AR240: U2 | AS240: 0.1 | AT240: 0 | AU240: kph | AV240: 0 | AW240: 655.3 | AX240: MET-M_SP-XSTD-を参照して適合すること Reference and apply MET-M_SP-XSTD-. | AY240: {=_xlfn.SWITCH($D$4,"DENSO",AZ240,"XXX",BA240,"YYY",BB240,"")} -> 0x0001C22C | AZ240: =_xlfn.LET(_xlpm.M,_xlfn.XLOOKUP(C240,Sheet1!$B$2:$B$629,Sheet1!$C$2:$C$629),_xlpm.R1B,_xlfn.XLOOKUP('MCUCONST(編集用 For Editing)'!A240,Sheet1!$D$2:$D$390,Sheet1!$E$2:$E$390),_xlpm.R2B,_xlfn.XLOOKUP(A240,Sheet1!$F$2:$F$561,Sheet1!$G$2:$G$561),_xlpm.R4B,_xlfn.XLOOKUP('MCUCONST(編集用 For Editing)'!A240,Sheet1!$H$2:$H$61,Sheet1!$I$2:$I$61),_xlfn.IFNA(_xlpm.M,_xlfn.IFNA(_xlpm.R1B,_xlfn.IFNA(_xlpm.R2B,_xlpm.R4B)))) -> 0x0001C22C
A241: ADDID-B-2B-0160 | B241: 215 | C241: MCUID0758 | D241: 米国カナダ向けデジタルメータ車速仕様（40km/h） Digital meter vehicle speed specifications for U.S. and Canada (40 km/h) | E241: - | F241: スピードメータ Speedometer | G241: MET-M_SP-CSTD-0, MET-M_SP-CSTD-1 | H241: - | I241: 米国カナダ向け車両 Vehicles for U.S. or Canada | J241: 数値 Value | L241: =_xlfn.FORMULATEXT(M241) -> #N/A | AQ241: 42.8 | AR241: U2 | AS241: 0.1 | AT241: 0 | AU241: kph | AV241: 0 | AW241: 655.3 | AX241: MET-M_SP-XSTD-を参照して適合すること Reference and apply MET-M_SP-XSTD-. | AY241: {=_xlfn.SWITCH($D$4,"DENSO",AZ241,"XXX",BA241,"YYY",BB241,"")} -> 0x0001C22E | AZ241: =_xlfn.LET(_xlpm.M,_xlfn.XLOOKUP(C241,Sheet1!$B$2:$B$629,Sheet1!$C$2:$C$629),_xlpm.R1B,_xlfn.XLOOKUP('MCUCONST(編集用 For Editing)'!A241,Sheet1!$D$2:$D$390,Sheet1!$E$2:$E$390),_xlpm.R2B,_xlfn.XLOOKUP(A241,Sheet1!$F$2:$F$561,Sheet1!$G$2:$G$561),_xlpm.R4B,_xlfn.XLOOKUP('MCUCONST(編集用 For Editing)'!A241,Sheet1!$H$2:$H$61,Sheet1!$I$2:$I$61),_xlfn.IFNA(_xlpm.M,_xlfn.IFNA(_xlpm.R1B,_xlfn.IFNA(_xlpm.R2B,_xlpm.R4B)))) -> 0x0001C22E
A242: ADDID-B-2B-0161 | B242: 216 | C242: MCUID0759 | D242: 米国カナダ向けデジタルメータ車速仕様（59km/h） Digital meter vehicle speed specifications for U.S. and Canada (59 km/h) | E242: - | F242: スピードメータ Speedometer | G242: MET-M_SP-CSTD-0, MET-M_SP-CSTD-1 | H242: - | I242: 米国カナダ向け車両 Vehicles for U.S. or Canada | J242: 数値 Value | L242: =_xlfn.FORMULATEXT(M242) -> #N/A | AQ242: 62.8 | AR242: U2 | AS242: 0.1 | AT242: 0 | AU242: kph | AV242: 0 | AW242: 655.3 | AX242: MET-M_SP-XSTD-を参照して適合すること Reference and apply MET-M_SP-XSTD-. | AY242: {=_xlfn.SWITCH($D$4,"DENSO",AZ242,"XXX",BA242,"YYY",BB242,"")} -> 0x0001C230 | AZ242: =_xlfn.LET(_xlpm.M,_xlfn.XLOOKUP(C242,Sheet1!$B$2:$B$629,Sheet1!$C$2:$C$629),_xlpm.R1B,_xlfn.XLOOKUP('MCUCONST(編集用 For Editing)'!A242,Sheet1!$D$2:$D$390,Sheet1!$E$2:$E$390),_xlpm.R2B,_xlfn.XLOOKUP(A242,Sheet1!$F$2:$F$561,Sheet1!$G$2:$G$561),_xlpm.R4B,_xlfn.XLOOKUP('MCUCONST(編集用 For Editing)'!A242,Sheet1!$H$2:$H$61,Sheet1!$I$2:$I$61),_xlfn.IFNA(_xlpm.M,_xlfn.IFNA(_xlpm.R1B,_xlfn.IFNA(_xlpm.R2B,_xlpm.R4B)))) -> 0x0001C230
A243: ADDID-B-2B-0162 | B243: 217 | C243: MCUID0760 | D243: 米国カナダ向けデジタルメータ車速仕様（80km/h） Digital meter vehicle speed specifications for U.S. and Canada (80 km/h) | E243: - | F243: スピードメータ Speedometer | G243: MET-M_SP-CSTD-0, MET-M_SP-CSTD-1 | H243: - | I243: 米国カナダ向け車両 Vehicles for U.S. or Canada | J243: 数値 Value | L243: =_xlfn.FORMULATEXT(M243) -> #N/A | AQ243: 84.3 | AR243: U2 | AS243: 0.1 | AT243: 0 | AU243: kph | AV243: 0 | AW243: 655.3 | AX243: MET-M_SP-XSTD-を参照して適合すること Reference and apply MET-M_SP-XSTD-. | AY243: {=_xlfn.SWITCH($D$4,"DENSO",AZ243,"XXX",BA243,"YYY",BB243,"")} -> 0x0001C232 | AZ243: =_xlfn.LET(_xlpm.M,_xlfn.XLOOKUP(C243,Sheet1!$B$2:$B$629,Sheet1!$C$2:$C$629),_xlpm.R1B,_xlfn.XLOOKUP('MCUCONST(編集用 For Editing)'!A243,Sheet1!$D$2:$D$390,Sheet1!$E$2:$E$390),_xlpm.R2B,_xlfn.XLOOKUP(A243,Sheet1!$F$2:$F$561,Sheet1!$G$2:$G$561),_xlpm.R4B,_xlfn.XLOOKUP('MCUCONST(編集用 For Editing)'!A243,Sheet1!$H$2:$H$61,Sheet1!$I$2:$I$61),_xlfn.IFNA(_xlpm.M,_xlfn.IFNA(_xlpm.R1B,_xlfn.IFNA(_xlpm.R2B,_xlpm.R4B)))) -> 0x0001C232
A244: ADDID-B-2B-0163 | B244: 218 | C244: MCUID0761 | D244: 米国カナダ向けデジタルメータ車速仕様（100km/h） Digital meter vehicle speed specifications for U.S. and Canada (100 km/h) | E244: - | F244: スピードメータ Speedometer | G244: MET-M_SP-CSTD-0, MET-M_SP-CSTD-1 | H244: - | I244: 米国カナダ向け車両 Vehicles for U.S. or Canada | J244: 数値 Value | L244: =_xlfn.FORMULATEXT(M244) -> #N/A | AQ244: 104.7 | AR244: U2 | AS244: 0.1 | AT244: 0 | AU244: kph | AV244: 0 | AW244: 655.3 | AX244: MET-M_SP-XSTD-を参照して適合すること Reference and apply MET-M_SP-XSTD-. | AY244: {=_xlfn.SWITCH($D$4,"DENSO",AZ244,"XXX",BA244,"YYY",BB244,"")} -> 0x0001C234 | AZ244: =_xlfn.LET(_xlpm.M,_xlfn.XLOOKUP(C244,Sheet1!$B$2:$B$629,Sheet1!$C$2:$C$629),_xlpm.R1B,_xlfn.XLOOKUP('MCUCONST(編集用 For Editing)'!A244,Sheet1!$D$2:$D$390,Sheet1!$E$2:$E$390),_xlpm.R2B,_xlfn.XLOOKUP(A244,Sheet1!$F$2:$F$561,Sheet1!$G$2:$G$561),_xlpm.R4B,_xlfn.XLOOKUP('MCUCONST(編集用 For Editing)'!A244,Sheet1!$H$2:$H$61,Sheet1!$I$2:$I$61),_xlfn.IFNA(_xlpm.M,_xlfn.IFNA(_xlpm.R1B,_xlfn.IFNA(_xlpm.R2B,_xlpm.R4B)))) -> 0x0001C234
A245: ADDID-B-2B-0164 | B245: 219 | C245: MCUID0762 | D245: 米国カナダ向けデジタルメータ車速仕様（120km/h） Digital meter vehicle speed specifications for U.S. and Canada (120 km/h) | E245: - | F245: スピードメータ Speedometer | G245: MET-M_SP-CSTD-0, MET-M_SP-CSTD-1 | H245: - | I245: 米国カナダ向け車両 Vehicles for U.S. or Canada | J245: 数値 Value | L245: =_xlfn.FORMULATEXT(M245) -> #N/A | AQ245: 125.4 | AR245: U2 | AS245: 0.1 | AT245: 0 | AU245: kph | AV245: 0 | AW245: 655.3 | AX245: MET-M_SP-XSTD-を参照して適合すること Reference and apply MET-M_SP-XSTD-. | AY245: {=_xlfn.SWITCH($D$4,"DENSO",AZ245,"XXX",BA245,"YYY",BB245,"")} -> 0x0001C236 | AZ245: =_xlfn.LET(_xlpm.M,_xlfn.XLOOKUP(C245,Sheet1!$B$2:$B$629,Sheet1!$C$2:$C$629),_xlpm.R1B,_xlfn.XLOOKUP('MCUCONST(編集用 For Editing)'!A245,Sheet1!$D$2:$D$390,Sheet1!$E$2:$E$390),_xlpm.R2B,_xlfn.XLOOKUP(A245,Sheet1!$F$2:$F$561,Sheet1!$G$2:$G$561),_xlpm.R4B,_xlfn.XLOOKUP('MCUCONST(編集用 For Editing)'!A245,Sheet1!$H$2:$H$61,Sheet1!$I$2:$I$61),_xlfn.IFNA(_xlpm.M,_xlfn.IFNA(_xlpm.R1B,_xlfn.IFNA(_xlpm.R2B,_xlpm.R4B)))) -> 0x0001C236
A246: ADDID-B-2B-0165 | B246: 220 | C246: MCUID0763 | D246: 米国カナダ向けデジタルメータ車速仕様（140km/h） Digital meter vehicle speed specifications for U.S. and Canada (140 km/h) | E246: - | F246: スピードメータ Speedometer | G246: MET-M_SP-CSTD-0, MET-M_SP-CSTD-1 | H246: - | I246: 米国カナダ向け車両 Vehicles for U.S. or Canada | J246: 数値 Value | L246: =_xlfn.FORMULATEXT(M246) -> #N/A | AQ246: 146 | AR246: U2 | AS246: 0.1 | AT246: 0 | AU246: kph | AV246: 0 | AW246: 655.3 | AX246: MET-M_SP-XSTD-を参照して適合すること Reference and apply MET-M_SP-XSTD-. | AY246: {=_xlfn.SWITCH($D$4,"DENSO",AZ246,"XXX",BA246,"YYY",BB246,"")} -> 0x0001C238 | AZ246: =_xlfn.LET(_xlpm.M,_xlfn.XLOOKUP(C246,Sheet1!$B$2:$B$629,Sheet1!$C$2:$C$629),_xlpm.R1B,_xlfn.XLOOKUP('MCUCONST(編集用 For Editing)'!A246,Sheet1!$D$2:$D$390,Sheet1!$E$2:$E$390),_xlpm.R2B,_xlfn.XLOOKUP(A246,Sheet1!$F$2:$F$561,Sheet1!$G$2:$G$561),_xlpm.R4B,_xlfn.XLOOKUP('MCUCONST(編集用 For Editing)'!A246,Sheet1!$H$2:$H$61,Sheet1!$I$2:$I$61),_xlfn.IFNA(_xlpm.M,_xlfn.IFNA(_xlpm.R1B,_xlfn.IFNA(_xlpm.R2B,_xlpm.R4B)))) -> 0x0001C238
A247: ADDID-B-2B-0166 | B247: 221 | C247: MCUID0764 | D247: 米国カナダ向けデジタルメータ車速仕様（160km/h） Digital meter vehicle speed specifications for U.S. and Canada (160 km/h) | E247: - | F247: スピードメータ Speedometer | G247: MET-M_SP-CSTD-0, MET-M_SP-CSTD-1 | H247: - | I247: 米国カナダ向け車両 Vehicles for U.S. or Canada | J247: 数値 Value | L247: =_xlfn.FORMULATEXT(M247) -> #N/A | AQ247: 166.8 | AR247: U2 | AS247: 0.1 | AT247: 0 | AU247: kph | AV247: 0 | AW247: 655.3 | AX247: MET-M_SP-XSTD-を参照して適合すること Reference and apply MET-M_SP-XSTD-. | AY247: {=_xlfn.SWITCH($D$4,"DENSO",AZ247,"XXX",BA247,"YYY",BB247,"")} -> 0x0001C23A | AZ247: =_xlfn.LET(_xlpm.M,_xlfn.XLOOKUP(C247,Sheet1!$B$2:$B$629,Sheet1!$C$2:$C$629),_xlpm.R1B,_xlfn.XLOOKUP('MCUCONST(編集用 For Editing)'!A247,Sheet1!$D$2:$D$390,Sheet1!$E$2:$E$390),_xlpm.R2B,_xlfn.XLOOKUP(A247,Sheet1!$F$2:$F$561,Sheet1!$G$2:$G$561),_xlpm.R4B,_xlfn.XLOOKUP('MCUCONST(編集用 For Editing)'!A247,Sheet1!$H$2:$H$61,Sheet1!$I$2:$I$61),_xlfn.IFNA(_xlpm.M,_xlfn.IFNA(_xlpm.R1B,_xlfn.IFNA(_xlpm.R2B,_xlpm.R4B)))) -> 0x0001C23A
A248: ADDID-B-2B-0167 | B248: 222 | C248: MCUID0765 | D248: 米国カナダ向けデジタルメータ車速仕様（180km/h） Digital meter vehicle speed specifications for U.S. and Canada (180 km/h) | E248: - | F248: スピードメータ Speedometer | G248: MET-M_SP-CSTD-0, MET-M_SP-CSTD-1 | H248: - | I248: 米国カナダ向け車両 Vehicles for U.S. or Canada | J248: 数値 Value | L248: =_xlfn.FORMULATEXT(M248) -> #N/A | AQ248: 187.5 | AR248: U2 | AS248: 0.1 | AT248: 0 | AU248: kph | AV248: 0 | AW248: 655.3 | AX248: MET-M_SP-XSTD-を参照して適合すること Reference and apply MET-M_SP-XSTD-. | AY248: {=_xlfn.SWITCH($D$4,"DENSO",AZ248,"XXX",BA248,"YYY",BB248,"")} -> 0x0001C23C | AZ248: =_xlfn.LET(_xlpm.M,_xlfn.XLOOKUP(C248,Sheet1!$B$2:$B$629,Sheet1!$C$2:$C$629),_xlpm.R1B,_xlfn.XLOOKUP('MCUCONST(編集用 For Editing)'!A248,Sheet1!$D$2:$D$390,Sheet1!$E$2:$E$390),_xlpm.R2B,_xlfn.XLOOKUP(A248,Sheet1!$F$2:$F$561,Sheet1!$G$2:$G$561),_xlpm.R4B,_xlfn.XLOOKUP('MCUCONST(編集用 For Editing)'!A248,Sheet1!$H$2:$H$61,Sheet1!$I$2:$I$61),_xlfn.IFNA(_xlpm.M,_xlfn.IFNA(_xlpm.R1B,_xlfn.IFNA(_xlpm.R2B,_xlpm.R4B)))) -> 0x0001C23C
A249: ADDID-B-2B-0168 | B249: 223 | C249: MCUID0766 | D249: 米国カナダ向けデジタルメータ車速仕様（200km/h） Digital meter vehicle speed specifications for U.S. and Canada (200 km/h) | E249: - | F249: スピードメータ Speedometer | G249: MET-M_SP-CSTD-0, MET-M_SP-CSTD-1 | H249: - | I249: 米国カナダ向け車両 Vehicles for U.S. or Canada | J249: 数値 Value | L249: =_xlfn.FORMULATEXT(M249) -> #N/A | AQ249: 208.2 | AR249: U2 | AS249: 0.1 | AT249: 0 | AU249: kph | AV249: 0 | AW249: 655.3 | AX249: MET-M_SP-XSTD-を参照して適合すること Reference and apply MET-M_SP-XSTD-. | AY249: {=_xlfn.SWITCH($D$4,"DENSO",AZ249,"XXX",BA249,"YYY",BB249,"")} -> 0x0001C23E | AZ249: =_xlfn.LET(_xlpm.M,_xlfn.XLOOKUP(C249,Sheet1!$B$2:$B$629,Sheet1!$C$2:$C$629),_xlpm.R1B,_xlfn.XLOOKUP('MCUCONST(編集用 For Editing)'!A249,Sheet1!$D$2:$D$390,Sheet1!$E$2:$E$390),_xlpm.R2B,_xlfn.XLOOKUP(A249,Sheet1!$F$2:$F$561,Sheet1!$G$2:$G$561),_xlpm.R4B,_xlfn.XLOOKUP('MCUCONST(編集用 For Editing)'!A249,Sheet1!$H$2:$H$61,Sheet1!$I$2:$I$61),_xlfn.IFNA(_xlpm.M,_xlfn.IFNA(_xlpm.R1B,_xlfn.IFNA(_xlpm.R2B,_xlpm.R4B)))) -> 0x0001C23E
A250: ADDID-B-2B-0169 | B250: 224 | C250: MCUID0767 | D250: 米国カナダ向けデジタルメータ車速仕様（220km/h） Digital meter vehicle speed specifications for U.S. and Canada (220 km/h) | E250: - | F250: スピードメータ Speedometer | G250: MET-M_SP-CSTD-0, MET-M_SP-CSTD-1 | H250: - | I250: 米国カナダ向け車両 Vehicles for U.S. or Canada | J250: 数値 Value | L250: =_xlfn.FORMULATEXT(M250) -> #N/A | AQ250: 228.9 | AR250: U2 | AS250: 0.1 | AT250: 0 | AU250: kph | AV250: 0 | AW250: 655.3 | AX250: MET-M_SP-XSTD-を参照して適合すること Reference and apply MET-M_SP-XSTD-. | AY250: {=_xlfn.SWITCH($D$4,"DENSO",AZ250,"XXX",BA250,"YYY",BB250,"")} -> 0x0001C240 | AZ250: =_xlfn.LET(_xlpm.M,_xlfn.XLOOKUP(C250,Sheet1!$B$2:$B$629,Sheet1!$C$2:$C$629),_xlpm.R1B,_xlfn.XLOOKUP('MCUCONST(編集用 For Editing)'!A250,Sheet1!$D$2:$D$390,Sheet1!$E$2:$E$390),_xlpm.R2B,_xlfn.XLOOKUP(A250,Sheet1!$F$2:$F$561,Sheet1!$G$2:$G$561),_xlpm.R4B,_xlfn.XLOOKUP('MCUCONST(編集用 For Editing)'!A250,Sheet1!$H$2:$H$61,Sheet1!$I$2:$I$61),_xlfn.IFNA(_xlpm.M,_xlfn.IFNA(_xlpm.R1B,_xlfn.IFNA(_xlpm.R2B,_xlpm.R4B)))) -> 0x0001C240
A251: ADDID-B-2B-0170 | B251: 225 | C251: MCUID0768 | D251: 米国カナダ向けデジタルメータ車速仕様（240km/h） Digital meter vehicle speed specifications for U.S. and Canada (240 km/h) | E251: - | F251: スピードメータ Speedometer | G251: MET-M_SP-CSTD-0, MET-M_SP-CSTD-1 | H251: - | I251: 米国カナダ向け車両 Vehicles for U.S. or Canada | J251: 数値 Value | L251: =_xlfn.FORMULATEXT(M251) -> #N/A | AQ251: 249.6 | AR251: U2 | AS251: 0.1 | AT251: 0 | AU251: kph | AV251: 0 | AW251: 655.3 | AX251: MET-M_SP-XSTD-を参照して適合すること Reference and apply MET-M_SP-XSTD-. | AY251: {=_xlfn.SWITCH($D$4,"DENSO",AZ251,"XXX",BA251,"YYY",BB251,"")} -> 0x0001C242 | AZ251: =_xlfn.LET(_xlpm.M,_xlfn.XLOOKUP(C251,Sheet1!$B$2:$B$629,Sheet1!$C$2:$C$629),_xlpm.R1B,_xlfn.XLOOKUP('MCUCONST(編集用 For Editing)'!A251,Sheet1!$D$2:$D$390,Sheet1!$E$2:$E$390),_xlpm.R2B,_xlfn.XLOOKUP(A251,Sheet1!$F$2:$F$561,Sheet1!$G$2:$G$561),_xlpm.R4B,_xlfn.XLOOKUP('MCUCONST(編集用 For Editing)'!A251,Sheet1!$H$2:$H$61,Sheet1!$I$2:$I$61),_xlfn.IFNA(_xlpm.M,_xlfn.IFNA(_xlpm.R1B,_xlfn.IFNA(_xlpm.R2B,_xlpm.R4B)))) -> 0x0001C242
... A653: ADDID-C-1B-0371 | B653: 627 | C653: MCUID0586 | D653: HUD表示輝度決定 加重平均回数_x000D_ 【HUDLm_AveCnt】_x000D_ Number of times for weighted average for determining HUD indication brightness [HUDLm_AveCnt] | E653: - | F653: HUD調光処理(ステップかつ照度/輝度連動)_x000D_ HUD light control processing (steps and luminance/brightness interlock) | G653: MET-M_HUDILL-CSTD-1 | H653: - | I653: HUD有り車両 Vehicles equipped with an HUD | J653: 数値_x000D_ Value | L653: =_xlfn.FORMULATEXT(M653) -> #N/A | AQ653: 32 | AR653: U1 | AS653: 1 | AT653: 0 | AU653: 回_x000D_ Times | AV653: 2 | AW653: 64 | AX653: ：担当メータのシステム構成を確認の上、上表を記入すること。_x000D_ : Make entries in the table after confirming the system structure of the meter that you are responsible for. | AY653: {=_xlfn.SWITCH($D$4,"DENSO",AZ653,"XXX",BA653,"YYY",BB653,"")} -> 0x0001C8D2 | AZ653: =_xlfn.LET(_xlpm.M,_xlfn.XLOOKUP(C653,Sheet1!$B$2:$B$629,Sheet1!$C$2:$C$629),_xlpm.R1B,_xlfn.XLOOKUP('MCUCONST(編集用 For Editing)'!A653,Sheet1!$D$2:$D$390,Sheet1!$E$2:$E$390),_xlpm.R2B,_xlfn.XLOOKUP(A653,Sheet1!$F$2:$F$561,Sheet1!$G$2:$G$561),_xlpm.R4B,_xlfn.XLOOKUP('MCUCONST(編集用 For Editing)'!A653,Sheet1!$H$2:$H$61,Sheet1!$I$2:$I$61),_xlfn.IFNA(_xlpm.M,_xlfn.IFNA(_xlpm.R1B,_xlfn.IFNA(_xlpm.R2B,_xlpm.R4B)))) -> 0x0001C8D2
A654: ADDID-C-1B-0373 | B654: 1B-Reservation | I654: - | AR654: U1 | AX654: - | AY654: {=_xlfn.SWITCH($D$4,"DENSO",AZ654,"XXX",BA654,"YYY",BB654,"")} -> 0x0001C8D4 | AZ654: =_xlfn.LET(_xlpm.M,_xlfn.XLOOKUP(C654,Sheet1!$B$2:$B$629,Sheet1!$C$2:$C$629),_xlpm.R1B,_xlfn.XLOOKUP('MCUCONST(編集用 For Editing)'!A654,Sheet1!$D$2:$D$390,Sheet1!$E$2:$E$390),_xlpm.R2B,_xlfn.XLOOKUP(A654,Sheet1!$F$2:$F$561,Sheet1!$G$2:$G$561),_xlpm.R4B,_xlfn.XLOOKUP('MCUCONST(編集用 For Editing)'!A654,Sheet1!$H$2:$H$61,Sheet1!$I$2:$I$61),_xlfn.IFNA(_xlpm.M,_xlfn.IFNA(_xlpm.R1B,_xlfn.IFNA(_xlpm.R2B,_xlpm.R4B)))) -> 0x0001C8D4
A655: ADDID-C-1B-0374 | B655: 1B-Reservation | I655: - | AR655: U1 | AX655: - | AY655: {=_xlfn.SWITCH($D$4,"DENSO",AZ655,"XXX",BA655,"YYY",BB655,"")} -> 0x0001C8D5 | AZ655: =_xlfn.LET(_xlpm.M,_xlfn.XLOOKUP(C655,Sheet1!$B$2:$B$629,Sheet1!$C$2:$C$629),_xlpm.R1B,_xlfn.XLOOKUP('MCUCONST(編集用 For Editing)'!A655,Sheet1!$D$2:$D$390,Sheet1!$E$2:$E$390),_xlpm.R2B,_xlfn.XLOOKUP(A655,Sheet1!$F$2:$F$561,Sheet1!$G$2:$G$561),_xlpm.R4B,_xlfn.XLOOKUP('MCUCONST(編集用 For Editing)'!A655,Sheet1!$H$2:$H$61,Sheet1!$I$2:$I$61),_xlfn.IFNA(_xlpm.M,_xlfn.IFNA(_xlpm.R1B,_xlfn.IFNA(_xlpm.R2B,_xlpm.R4B)))) -> 0x0001C8D5
A656: ADDID-C-1B-0375 | B656: 1B-Reservation | I656: - | AR656: U1 | AX656: - | AY656: {=_xlfn.SWITCH($D$4,"DENSO",AZ656,"XXX",BA656,"YYY",BB656,"")} -> 0x0001C8D6 | AZ656: =_xlfn.LET(_xlpm.M,_xlfn.XLOOKUP(C656,Sheet1!$B$2:$B$629,Sheet1!$C$2:$C$629),_xlpm.R1B,_xlfn.XLOOKUP('MCUCONST(編集用 For Editing)'!A656,Sheet1!$D$2:$D$390,Sheet1!$E$2:$E$390),_xlpm.R2B,_xlfn.XLOOKUP(A656,Sheet1!$F$2:$F$561,Sheet1!$G$2:$G$561),_xlpm.R4B,_xlfn.XLOOKUP('MCUCONST(編集用 For Editing)'!A656,Sheet1!$H$2:$H$61,Sheet1!$I$2:$I$61),_xlfn.IFNA(_xlpm.M,_xlfn.IFNA(_xlpm.R1B,_xlfn.IFNA(_xlpm.R2B,_xlpm.R4B)))) -> 0x0001C8D6
A657: ADDID-C-1B-0376 | B657: 1B-Reservation | I657: - | AR657: U1 | AX657: - | AY657: {=_xlfn.SWITCH($D$4,"DENSO",AZ657,"XXX",BA657,"YYY",BB657,"")} -> 0x0001C8D7 | AZ657: =_xlfn.LET(_xlpm.M,_xlfn.XLOOKUP(C657,Sheet1!$B$2:$B$629,Sheet1!$C$2:$C$629),_xlpm.R1B,_xlfn.XLOOKUP('MCUCONST(編集用 For Editing)'!A657,Sheet1!$D$2:$D$390,Sheet1!$E$2:$E$390),_xlpm.R2B,_xlfn.XLOOKUP(A657,Sheet1!$F$2:$F$561,Sheet1!$G$2:$G$561),_xlpm.R4B,_xlfn.XLOOKUP('MCUCONST(編集用 For Editing)'!A657,Sheet1!$H$2:$H$61,Sheet1!$I$2:$I$61),_xlfn.IFNA(_xlpm.M,_xlfn.IFNA(_xlpm.R1B,_xlfn.IFNA(_xlpm.R2B,_xlpm.R4B)))) -> 0x0001C8D7
A658: ADDID-C-1B-0377 | B658: 1B-Reservation | I658: - | AR658: U1 | AX658: - | AY658: {=_xlfn.SWITCH($D$4,"DENSO",AZ658,"XXX",BA658,"YYY",BB658,"")} -> 0x0001C8D8 | AZ658: =_xlfn.LET(_xlpm.M,_xlfn.XLOOKUP(C658,Sheet1!$B$2:$B$629,Sheet1!$C$2:$C$629),_xlpm.R1B,_xlfn.XLOOKUP('MCUCONST(編集用 For Editing)'!A658,Sheet1!$D$2:$D$390,Sheet1!$E$2:$E$390),_xlpm.R2B,_xlfn.XLOOKUP(A658,Sheet1!$F$2:$F$561,Sheet1!$G$2:$G$561),_xlpm.R4B,_xlfn.XLOOKUP('MCUCONST(編集用 For Editing)'!A658,Sheet1!$H$2:$H$61,Sheet1!$I$2:$I$61),_xlfn.IFNA(_xlpm.M,_xlfn.IFNA(_xlpm.R1B,_xlfn.IFNA(_xlpm.R2B,_xlpm.R4B)))) -> 0x0001C8D8
A659: ADDID-C-1B-0378 | B659: 1B-Reservation | I659: - | AR659: U1 | AX659: - | AY659: {=_xlfn.SWITCH($D$4,"DENSO",AZ659,"XXX",BA659,"YYY",BB659,"")} -> 0x0001C8D9 | AZ659: =_xlfn.LET(_xlpm.M,_xlfn.XLOOKUP(C659,Sheet1!$B$2:$B$629,Sheet1!$C$2:$C$629),_xlpm.R1B,_xlfn.XLOOKUP('MCUCONST(編集用 For Editing)'!A659,Sheet1!$D$2:$D$390,Sheet1!$E$2:$E$390),_xlpm.R2B,_xlfn.XLOOKUP(A659,Sheet1!$F$2:$F$561,Sheet1!$G$2:$G$561),_xlpm.R4B,_xlfn.XLOOKUP('MCUCONST(編集用 For Editing)'!A659,Sheet1!$H$2:$H$61,Sheet1!$I$2:$I$61),_xlfn.IFNA(_xlpm.M,_xlfn.IFNA(_xlpm.R1B,_xlfn.IFNA(_xlpm.R2B,_xlpm.R4B)))) -> 0x0001C8D9
A660: ADDID-C-1B-0379 | B660: 1B-Reservation | I660: - | AR660: U1 | AX660: - | AY660: {=_xlfn.SWITCH($D$4,"DENSO",AZ660,"XXX",BA660,"YYY",BB660,"")} -> 0x0001C8DA | AZ660: =_xlfn.LET(_xlpm.M,_xlfn.XLOOKUP(C660,Sheet1!$B$2:$B$629,Sheet1!$C$2:$C$629),_xlpm.R1B,_xlfn.XLOOKUP('MCUCONST(編集用 For Editing)'!A660,Sheet1!$D$2:$D$390,Sheet1!$E$2:$E$390),_xlpm.R2B,_xlfn.XLOOKUP(A660,Sheet1!$F$2:$F$561,Sheet1!$G$2:$G$561),_xlpm.R4B,_xlfn.XLOOKUP('MCUCONST(編集用 For Editing)'!A660,Sheet1!$H$2:$H$61,Sheet1!$I$2:$I$61),_xlfn.IFNA(_xlpm.M,_xlfn.IFNA(_xlpm.R1B,_xlfn.IFNA(_xlpm.R2B,_xlpm.R4B)))) -> 0x0001C8DA
A661: ADDID-C-1B-0380 | B661: 1B-Reservation | I661: - | AR661: U1 | AX661: - | AY661: {=_xlfn.SWITCH($D$4,"DENSO",AZ661,"XXX",BA661,"YYY",BB661,"")} -> 0x0001C8DB | AZ661: =_xlfn.LET(_xlpm.M,_xlfn.XLOOKUP(C661,Sheet1!$B$2:$B$629,Sheet1!$C$2:$C$629),_xlpm.R1B,_xlfn.XLOOKUP('MCUCONST(編集用 For Editing)'!A661,Sheet1!$D$2:$D$390,Sheet1!$E$2:$E$390),_xlpm.R2B,_xlfn.XLOOKUP(A661,Sheet1!$F$2:$F$561,Sheet1!$G$2:$G$561),_xlpm.R4B,_xlfn.XLOOKUP('MCUCONST(編集用 For Editing)'!A661,Sheet1!$H$2:$H$61,Sheet1!$I$2:$I$61),_xlfn.IFNA(_xlpm.M,_xlfn.IFNA(_xlpm.R1B,_xlfn.IFNA(_xlpm.R2B,_xlpm.R4B)))) -> 0x0001C8DB
A662: ADDID-C-1B-0381 | B662: 1B-Reservation | I662: - | AR662: U1 | AX662: - | AY662: {=_xlfn.SWITCH($D$4,"DENSO",AZ662,"XXX",BA662,"YYY",BB662,"")} -> 0x0001C8DC | AZ662: =_xlfn.LET(_xlpm.M,_xlfn.XLOOKUP(C662,Sheet1!$B$2:$B$629,Sheet1!$C$2:$C$629),_xlpm.R1B,_xlfn.XLOOKUP('MCUCONST(編集用 For Editing)'!A662,Sheet1!$D$2:$D$390,Sheet1!$E$2:$E$390),_xlpm.R2B,_xlfn.XLOOKUP(A662,Sheet1!$F$2:$F$561,Sheet1!$G$2:$G$561),_xlpm.R4B,_xlfn.XLOOKUP('MCUCONST(編集用 For Editing)'!A662,Sheet1!$H$2:$H$61,Sheet1!$I$2:$I$61),_xlfn.IFNA(_xlpm.M,_xlfn.IFNA(_xlpm.R1B,_xlfn.IFNA(_xlpm.R2B,_xlpm.R4B)))) -> 0x0001C8DC
A663: ADDID-C-1B-0382 | B663: 1B-Reservation | I663: - | AR663: U1 | AX663: - | AY663: {=_xlfn.SWITCH($D$4,"DENSO",AZ663,"XXX",BA663,"YYY",BB663,"")} -> 0x0001C8DD | AZ663: =_xlfn.LET(_xlpm.M,_xlfn.XLOOKUP(C663,Sheet1!$B$2:$B$629,Sheet1!$C$2:$C$629),_xlpm.R1B,_xlfn.XLOOKUP('MCUCONST(編集用 For Editing)'!A663,Sheet1!$D$2:$D$390,Sheet1!$E$2:$E$390),_xlpm.R2B,_xlfn.XLOOKUP(A663,Sheet1!$F$2:$F$561,Sheet1!$G$2:$G$561),_xlpm.R4B,_xlfn.XLOOKUP('MCUCONST(編集用 For Editing)'!A663,Sheet1!$H$2:$H$61,Sheet1!$I$2:$I$61),_xlfn.IFNA(_xlpm.M,_xlfn.IFNA(_xlpm.R1B,_xlfn.IFNA(_xlpm.R2B,_xlpm.R4B)))) -> 0x0001C8DD
A664: ADDID-C-1B-0383 | B664: 1B-Reservation | I664: - | AR664: U1 | AX664: - | AY664: {=_xlfn.SWITCH($D$4,"DENSO",AZ664,"XXX",BA664,"YYY",BB664,"")} -> 0x0001C8DE | AZ664: =_xlfn.LET(_xlpm.M,_xlfn.XLOOKUP(C664,Sheet1!$B$2:$B$629,Sheet1!$C$2:$C$629),_xlpm.R1B,_xlfn.XLOOKUP('MCUCONST(編集用 For Editing)'!A664,Sheet1!$D$2:$D$390,Sheet1!$E$2:$E$390),_xlpm.R2B,_xlfn.XLOOKUP(A664,Sheet1!$F$2:$F$561,Sheet1!$G$2:$G$561),_xlpm.R4B,_xlfn.XLOOKUP('MCUCONST(編集用 For Editing)'!A664,Sheet1!$H$2:$H$61,Sheet1!$I$2:$I$61),_xlfn.IFNA(_xlpm.M,_xlfn.IFNA(_xlpm.R1B,_xlfn.IFNA(_xlpm.R2B,_xlpm.R4B)))) -> 0x0001C8DE
A665: ADDID-C-1B-0384 | B665: 1B-Reservation | I665: - | AR665: U1 | AX665: - | AY665: {=_xlfn.SWITCH($D$4,"DENSO",AZ665,"XXX",BA665,"YYY",BB665,"")} -> 0x0001C8DF | AZ665: =_xlfn.LET(_xlpm.M,_xlfn.XLOOKUP(C665,Sheet1!$B$2:$B$629,Sheet1!$C$2:$C$629),_xlpm.R1B,_xlfn.XLOOKUP('MCUCONST(編集用 For Editing)'!A665,Sheet1!$D$2:$D$390,Sheet1!$E$2:$E$390),_xlpm.R2B,_xlfn.XLOOKUP(A665,Sheet1!$F$2:$F$561,Sheet1!$G$2:$G$561),_xlpm.R4B,_xlfn.XLOOKUP('MCUCONST(編集用 For Editing)'!A665,Sheet1!$H$2:$H$61,Sheet1!$I$2:$I$61),_xlfn.IFNA(_xlpm.M,_xlfn.IFNA(_xlpm.R1B,_xlfn.IFNA(_xlpm.R2B,_xlpm.R4B)))) -> 0x0001C8DF
... A1037: ADDID-C-1B-0756 | B1037: 1B-Reservation | I1037: - | AR1037: U1 | AX1037: - | AY1037: {=_xlfn.SWITCH($D$4,"DENSO",AZ1037,"XXX",BA1037,"YYY",BB1037,"")} -> 0x0001CA53 | AZ1037: =_xlfn.LET(_xlpm.M,_xlfn.XLOOKUP(C1037,Sheet1!$B$2:$B$629,Sheet1!$C$2:$C$629),_xlpm.R1B,_xlfn.XLOOKUP('MCUCONST(編集用 For Editing)'!A1037,Sheet1!$D$2:$D$390,Sheet1!$E$2:$E$390),_xlpm.R2B,_xlfn.XLOOKUP(A1037,Sheet1!$F$2:$F$561,Sheet1!$G$2:$G$561),_xlpm.R4B,_xlfn.XLOOKUP('MCUCONST(編集用 For Editing)'!A1037,Sheet1!$H$2:$H$61,Sheet1!$I$2:$I$61),_xlfn.IFNA(_xlpm.M,_xlfn.IFNA(_xlpm.R1B,_xlfn.IFNA(_xlpm.R2B,_xlpm.R4B)))) -> 0x0001CA53
A1038: ADDID-B-2B-0260 | B1038: 2B-Reservation | E1038: - | I1038: - | AR1038: U2 | AX1038: - | AY1038: {=_xlfn.SWITCH($D$4,"DENSO",AZ1038,"XXX",BA1038,"YYY",BB1038,"")} -> 0x0001C2F6 | AZ1038: =_xlfn.LET(_xlpm.M,_xlfn.XLOOKUP(C1038,Sheet1!$B$2:$B$629,Sheet1!$C$2:$C$629),_xlpm.R1B,_xlfn.XLOOKUP('MCUCONST(編集用 For Editing)'!A1038,Sheet1!$D$2:$D$390,Sheet1!$E$2:$E$390),_xlpm.R2B,_xlfn.XLOOKUP(A1038,Sheet1!$F$2:$F$561,Sheet1!$G$2:$G$561),_xlpm.R4B,_xlfn.XLOOKUP('MCUCONST(編集用 For Editing)'!A1038,Sheet1!$H$2:$H$61,Sheet1!$I$2:$I$61),_xlfn.IFNA(_xlpm.M,_xlfn.IFNA(_xlpm.R1B,_xlfn.IFNA(_xlpm.R2B,_xlpm.R4B)))) -> 0x0001C2F6
...

Sheet Sheet1
B1: MCUID | C1: Address | D1: RSV1B | E1: Address | F1: RSV2B | G1: Address | H1: RSV4B | I1: Address
B2: MCUID0001 | C2: 0x0001C760 | D2: ADDID-C-1B-0030 | E2: 0x0001C77D | F2: ADDID-B-2B-0260 | G2: 0x0001C2F6 | H2: ADDID-A-4B-0001 | I2: 0x0001C000
B3: MCUID0002 | C3: 0x0001C761 | D3: ADDID-C-1B-0031 | E3: 0x0001C77E | F3: ADDID-B-2B-0261 | G3: 0x0001C2F8 | H3: ADDID-A-4B-0002 | I3: 0x0001C004
B4: MCUID0003 | C4: 0x0001C762 | D4: ADDID-C-1B-0175 | E4: 0x0001C80E | F4: ADDID-B-2B-0262 | G4: 0x0001C2FA | H4: ADDID-A-4B-0003 | I4: 0x0001C008
B5: MCUID0004 | C5: 0x0001C763 | D5: ADDID-C-1B-0176 | E5: 0x0001C80F | F5: ADDID-B-2B-0263 | G5: 0x0001C2FC | H5: ADDID-A-4B-0004 | I5: 0x0001C00C
B6: MCUID0005 | C6: 0x0001C764 | D6: ADDID-C-1B-0373 | E6: 0x0001C8D4 | F6: ADDID-B-2B-0264 | G6: 0x0001C2FE | H6: ADDID-A-4B-0005 | I6: 0x0001C010
B7: MCUID0006 | C7: 0x0001C765 | D7: ADDID-C-1B-0374 | E7: 0x0001C8D5 | F7: ADDID-B-2B-0265 | G7: 0x0001C300 | H7: ADDID-A-4B-0006 | I7: 0x0001C014
B8: MCUID0007 | C8: 0x0001C766 | D8: ADDID-C-1B-0375 | E8: 0x0001C8D6 | F8: ADDID-B-2B-0266 | G8: 0x0001C302 | H8: ADDID-A-4B-0007 | I8: 0x0001C018
B9: MCUID0008 | C9: 0x0001C767 | D9: ADDID-C-1B-0376 | E9: 0x0001C8D7 | F9: ADDID-B-2B-0267 | G9: 0x0001C304 | H9: ADDID-A-4B-0008 | I9: 0x0001C01C
B10: MCUID0009 | C10: 0x0001C768 | D10: ADDID-C-1B-0377 | E10: 0x0001C8D8 | F10: ADDID-B-2B-0268 | G10: 0x0001C306 | H10: ADDID-A-4B-0009 | I10: 0x0001C020
B11: MCUID0010 | C11: 0x0001C769 | D11: ADDID-C-1B-0378 | E11: 0x0001C8D9 | F11: ADDID-B-2B-0269 | G11: 0x0001C308 | H11: ADDID-A-4B-0010 | I11: 0x0001C024
B12: MCUID0011 | C12: 0x0001C76A | D12: ADDID-C-1B-0379 | E12: 0x0001C8DA | F12: ADDID-B-2B-0270 | G12: 0x0001C30A | H12: ADDID-A-4B-0011 | I12: 0x0001C028
... B61: MCUID0098 | C61: 0x0001C16E | D61: ADDID-C-1B-0428 | E61: 0x0001C90B | F61: ADDID-B-2B-0319 | G61: 0x0001C36C | H61: ADDID-A-4B-0060 | I61: 0x0001C0EC
B62: MCUID0099 | C62: 0x0001C170 | D62: ADDID-C-1B-0429 | E62: 0x0001C90C | F62: ADDID-B-2B-0320 | G62: 0x0001C36E
B63: MCUID0100 | C63: 0x0001C172 | D63: ADDID-C-1B-0430 | E63: 0x0001C90D | F63: ADDID-B-2B-0321 | G63: 0x0001C370
B64: MCUID0101 | C64: 0x0001C174 | D64: ADDID-C-1B-0431 | E64: 0x0001C90E | F64: ADDID-B-2B-0322 | G64: 0x0001C372
B65: MCUID0102 | C65: 0x0001C176 | D65: ADDID-C-1B-0432 | E65: 0x0001C90F | F65: ADDID-B-2B-0323 | G65: 0x0001C374
B66: MCUID0103 | C66: 0x0001C178 | D66: ADDID-C-1B-0433 | E66: 0x0001C910 | F66: ADDID-B-2B-0324 | G66: 0x0001C376
B67: MCUID0104 | C67: 0x0001C17A | D67: ADDID-C-1B-0434 | E67: 0x0001C911 | F67: ADDID-B-2B-0325 | G67: 0x0001C378
B68: MCUID0105 | C68: 0x0001C17C | D68: ADDID-C-1B-0435 | E68: 0x0001C912 | F68: ADDID-B-2B-0326 | G68: 0x0001C37A
B69: MCUID0106 | C69: 0x0001C17E | D69: ADDID-C-1B-0436 | E69: 0x0001C913 | F69: ADDID-B-2B-0327 | G69: 0x0001C37C
B70: MCUID0107 | C70: 0x0001C180 | D70: ADDID-C-1B-0437 | E70: 0x0001C914 | F70: ADDID-B-2B-0328 | G70: 0x0001C37E
B71: MCUID0108 | C71: 0x0001C182 | D71: ADDID-C-1B-0438 | E71: 0x0001C915 | F71: ADDID-B-2B-0329 | G71: 0x0001C380
B72: MCUID0109 | C72: 0x0001C184 | D72: ADDID-C-1B-0439 | E72: 0x0001C916 | F72: ADDID-B-2B-0330 | G72: 0x0001C382
B73: MCUID0110 | C73: 0x0001C186 | D73: ADDID-C-1B-0440 | E73: 0x0001C917 | F73: ADDID-B-2B-0331 | G73: 0x0001C384
... B389: MCUID0776 | C389: 0x0001C252 | D389: ADDID-C-1B-0756 | E389: 0x0001CA53 | F389: ADDID-B-2B-0647 | G389: 0x0001C5FC
B390: MCUID0777 | C390: 0x0001C254 | F390: ADDID-B-2B-0648 | G390: 0x0001C5FE
B391: MCUID0778 | C391: 0x0001C256 | F391: ADDID-B-2B-0649 | G391: 0x0001C600
B392: MCUID0779 | C392: 0x0001C258 | F392: ADDID-B-2B-0650 | G392: 0x0001C602
B393: MCUID0780 | C393: 0x0001C25A | F393: ADDID-B-2B-0651 | G393: 0x0001C604
B394: MCUID0781 | C394: 0x0001C25C | F394: ADDID-B-2B-0652 | G394: 0x0001C606
B395: MCUID0782 | C395: 0x0001C25E | F395: ADDID-B-2B-0653 | G395: 0x0001C608
B396: MCUID0783 | C396: 0x0001C260 | F396: ADDID-B-2B-0654 | G396: 0x0001C60A
B397: MCUID0784 | C397: 0x0001C262 | F397: ADDID-B-2B-0655 | G397: 0x0001C60C
B398: MCUID0785 | C398: 0x0001C264 | F398: ADDID-B-2B-0656 | G398: 0x0001C60E
B399: MCUID0786 | C399: 0x0001C266 | F399: ADDID-B-2B-0657 | G399: 0x0001C610
B400: MCUID0787 | C400: 0x0001C268 | F400: ADDID-B-2B-0658 | G400: 0x0001C612
B401: MCUID0788 | C401: 0x0001C26A | F401: ADDID-B-2B-0659 | G401: 0x0001C614
... B561: MCUID1062 | C561: 0x0001C89B | F561: ADDID-B-2B-0819 | G561: 0x0001C754
B562: MCUID1063 | C562: 0x0001C89C
B563: MCUID1064 | C563: 0x0001C89D
B564: MCUID1065 | C564: 0x0001C89E
B565: MCUID1066 | C565: 0x0001C89F
B566: MCUID1067 | C566: 0x0001C8A0
B567: MCUID1068 | C567: 0x0001C8A1
B568: MCUID1069 | C568: 0x0001C8A2
B569: MCUID1070 | C569: 0x0001C8A3
B570: MCUID1071 | C570: 0x0001C8A4
B571: MCUID1072 | C571: 0x0001C8A5
B572: MCUID1073 | C572: 0x0001C8A6
B573: MCUID1074 | C573: 0x0001C8A7
... B629: MCUID3025 | C629: 0x0001C819

Sheet MCUCONST
A1: {=TRANSPOSE(IF('MCUCONST(編集用 For Editing)'!C1:BV3001="","",'MCUCONST(編集用 For Editing)'!C1:BV3001))} -> ユニークID (変更禁止) Unique ID (Change prohibited) | AA1: MCUID0001 | AB1: MCUID0002 | AC1: MCUID0003 | AD1: MCUID0004 | AE1: MCUID0005 | AF1: MCUID0006 | AG1: MCUID0007 | AH1: MCUID0008 | AI1: MCUID0009 | AJ1: MCUID0010 | AK1: MCUID0011 | AL1: MCUID0012 | AM1: MCUID0013 | AN1: MCUID0014 | AO1: MCUID0015 | AP1: MCUID0016 | AQ1: MCUID0017 | AR1: MCUID0018 | AS1: MCUID0019 | AT1: MCUID0020 | AU1: MCUID0023 | AV1: MCUID0024 | AW1: MCUID0025 | AX1: MCUID3002 | AY1: MCUID3003 | AZ1: MCUID3004 | BA1: MCUID3005 | BB1: MCUID3006 | BC1: MCUID3007 | BD1: MCUID3008 | BE1: MCUID3009 | BF1: MCUID3010 | BG1: MCUID3011 | BH1: MCUID3012 | BI1: MCUID3013 | BJ1: MCUID3014 | BK1: MCUID3015 | BL1: MCUID3016 | BM1: MCUID3017 | BN1: MCUID3018 | BO1: MCUID3019 | BP1: MCUID3021 | BQ1: MCUID3022 | BR1: MCUID3023 | BS1: MCUID3024 | BT1: MCUID0029 | BU1: MCUID0746 | BV1: MCUID0030 | BW1: MCUID0747 | BX1: MCUID0031 | BY1: MCUID0748 | BZ1: MCUID0032 | CA1: MCUID0749 | CB1: MCUID0033 | CC1: MCUID0750 | CD1: MCUID0067 | CE1: MCUID0068 | CF1: MCUID0069 | CG1: MCUID0070 | CH1: MCUID0071 | CI1: MCUID0072 | CJ1: MCUID0073 | CK1: MCUID0074 | CL1: MCUID0075 | CM1: MCUID0076 | CN1: MCUID0077 | CO1: MCUID0078 | CP1: MCUID0079 | CQ1: MCUID0080 | CR1: MCUID0081 | CS1: MCUID0082 | CT1: MCUID0083 | CU1: MCUID0084 | CV1: MCUID0085 | CW1: MCUID0086 | CX1: MCUID0087 | CY1: MCUID0088 | CZ1: MCUID0089 | DA1: MCUID0090 | DB1: MCUID0091 | DC1: MCUID0092 | DD1: MCUID0093 | DE1: MCUID0094 | DF1: MCUID0095 | DG1: MCUID0096 | DH1: MCUID0097 | DI1: MCUID0098 | DJ1: MCUID0099 | DK1: MCUID0100 | DL1: MCUID0101 | DM1: MCUID0102 | DN1: MCUID0103 | DO1: MCUID0104 | DP1: MCUID0105 | DQ1: MCUID0106 | DR1: MCUID0107 | DS1: MCUID0108 | DT1: MCUID0109 | DU1: MCUID0110 | DV1: MCUID0111 | DW1: MCUID0112 | DX1: MCUID0113 | DY1: MCUID0114 | DZ1: MCUID0115 | EA1: MCUID0116 | EB1: MCUID0117 | EC1: MCUID0118 | ED1: MCUID0119 | EE1: MCUID0120 | EF1: MCUID0121 | EG1: MCUID0122 | EH1: MCUID0123 | EI1: MCUID0124 | EJ1: MCUID0125 | EK1: MCUID0126 | EL1: MCUID0127 | EM1: MCUID0128 | EN1: MCUID0129 | EO1: MCUID0130 | EP1: MCUID0131 | EQ1: MCUID0132 | ER1: MCUID0133 | ES1: MCUID0134 | ET1: MCUID0135 | EU1: MCUID0136 | EV1: MCUID0137 | EW1: MCUID0138 | EX1: MCUID0139 | EY1: MCUID0140 | EZ1: MCUID0141 | FA1: MCUID0142 | FB1: MCUID0143 | FC1: MCUID0144 | FD1: MCUID0145 | FE1: MCUID0146 | FF1: MCUID0155 | FG1: MCUID0156 | FH1: MCUID0157 | FI1: MCUID0158 | FJ1: MCUID0159 | FK1: MCUID0160 | FL1: MCUID0161 | FM1: MCUID0162 | FN1: MCUID0171 | FO1: MCUID0172 | FP1: MCUID0173 | FQ1: MCUID0174 | FR1: MCUID0175 | FS1: MCUID0176 | FT1: MCUID0177 | FU1: MCUID0178 | FV1: MCUID0187 | FW1: MCUID0188 | FX1: MCUID0189 | FY1: MCUID0190 | FZ1: MCUID0191 | GA1: MCUID0192 | GB1: MCUID0193 | GC1: MCUID0194 | GD1: MCUID0195 | GE1: MCUID0196 | GF1: MCUID0197 | GG1: MCUID0198 | GH1: MCUID0199 | GI1: MCUID0200 | GJ1: MCUID0201 | GK1: MCUID0202 | GL1: MCUID0203 | GM1: MCUID0204 | GN1: MCUID0205 | GO1: MCUID0206 | GP1: MCUID0207 | GQ1: MCUID0208 | GR1: MCUID0915 | GS1: MCUID0916 | GT1: MCUID0917 | GU1: MCUID0918 | GV1: MCUID0919 | GW1: MCUID0920 | GX1: MCUID0921 | GY1: MCUID0922 | GZ1: MCUID0209 | HA1: MCUID0210 | HB1: MCUID0211 | HC1: MCUID0212 | HD1: MCUID0213 | HE1: MCUID0214 | HF1: MCUID0215 | HG1: MCUID0219 | HH1: MCUID0220 | HI1: MCUID0221 | HJ1: MCUID0224 | HK1: MCUID0225 | HL1: MCUID0226 | HM1: MCUID0227 | HN1: MCUID0228 | HO1: MCUID0229 | HP1: MCUID0230 | HQ1: MCUID0231 | HR1: MCUID0232 | HS1: MCUID0233 | HT1: MCUID0234 | HU1: MCUID0235 | HV1: MCUID0250 | HW1: MCUID0251 | HX1: MCUID0252 | HY1: MCUID0253 | HZ1: MCUID0254 | IA1: MCUID0255 | IB1: MCUID0256 | IC1: MCUID0257 | ID1: MCUID0260 | IE1: MCUID0261 | IF1: MCUID0757 | IG1: MCUID0758 | IH1: MCUID0759 | II1: MCUID0760 | IJ1: MCUID0761 | IK1: MCUID0762 | IL1: MCUID0763 | IM1: MCUID0764 | IN1: MCUID0765 | IO1: MCUID0766 | IP1: MCUID0767 | IQ1: MCUID0768 | IR1: MCUID0769 | IS1: MCUID0770 | IT1: MCUID0771 | IU1: MCUID0772 | IV1: MCUID0773 | IW1: MCUID0774 | IX1: MCUID0775 | IY1: MCUID0776 | IZ1: MCUID0777 | JA1: MCUID0778 | JB1: MCUID0779 | JC1: MCUID0780 | JD1: MCUID0781 | JE1: MCUID0782 | JF1: MCUID0783 | JG1: MCUID0784 | JH1: MCUID0785 | JI1: MCUID0786 | JJ1: MCUID0787 | JK1: MCUID0788 | JL1: MCUID0789 | JM1: MCUID0790 | JN1: MCUID0791 | JO1: MCUID0792 | JP1: MCUID0793 | JQ1: MCUID0794 | JR1: MCUID0795 | JS1: MCUID0796 | JT1: MCUID0262 | JU1: MCUID0263 | JV1: MCUID0264 | JW1: MCUID0268 | JX1: MCUID0270 | JY1: MCUID0271 | JZ1: MCUID0272 | KA1: MCUID0273 | KB1: MCUID0274 | KC1: MCUID0275 | KD1: MCUID0276 | KE1: MCUID0277 | KF1: MCUID0278 | KG1: MCUID0279 | KH1: MCUID0280 | KI1: MCUID0281 | KJ1: MCUID0282 | KK1: MCUID0283 | KL1: MCUID0284 | KM1: MCUID0285 | KN1: MCUID0286 | KO1: MCUID0287 | KP1: MCUID0288 | KQ1: MCUID0289 | KR1: MCUID0290 | KS1: MCUID0291 | KT1: MCUID0292 | KU1: MCUID0293 | KV1: MCUID0294 | KW1: MCUID0295 | KX1: MCUID0296 | KY1: MCUID0297 | KZ1: MCUID0298 | LA1: MCUID0299 | LB1: MCUID0300 | LC1: MCUID0301 | LD1: MCUID0302 | LE1: MCUID0303 | LF1: MCUID0304 | LG1: MCUID0305 | LH1: MCUID0306 | LI1: MCUID0307 | LJ1: MCUID0308 | LK1: MCUID0309 | LL1: MCUID0310 | LM1: MCUID0311 | LN1: MCUID0312 | LO1: MCUID0313 | LP1: MCUID0314 | LQ1: MCUID0315 | LR1: MCUID0316 | LS1: MCUID0317 | LT1: MCUID0318 | LU1: MCUID0319 | LV1: MCUID0320 | LW1: MCUID0321 | LX1: MCUID0322 | LY1: MCUID0323 | LZ1: MCUID0324 | MA1: MCUID0325 | MB1: MCUID0326 | MC1: MCUID0327 | MD1: MCUID0328 | ME1: MCUID0329 | MF1: MCUID0330 | MG1: MCUID0331 | MH1: MCUID0332 | MI1: MCUID0333 | MJ1: MCUID0334 | MK1: MCUID0335 | ML1: MCUID0336 | MM1: MCUID0337 | MN1: MCUID0340 | MO1: MCUID0341 | MP1: MCUID0342 | MQ1: MCUID0343 | MR1: MCUID0344 | MS1: MCUID0345 | MT1: MCUID0346 | MU1: MCUID0347 | MV1: MCUID0348 | MW1: MCUID0349 | MX1: MCUID0350 | MY1: MCUID0351 | MZ1: MCUID0352 | NA1: MCUID0353 | NB1: MCUID0354 | NC1: MCUID0355 | ND1: MCUID0356 | NE1: MCUID0357 | NF1: MCUID0358 | NG1: MCUID0359 | NH1: MCUID0360 | NI1: MCUID0361 | NJ1: MCUID0362 | NK1: MCUID0363 | NL1: MCUID0364 | NM1: MCUID0365 | NN1: MCUID0366 | NO1: MCUID0367 | NP1: MCUID0368 | NQ1: MCUID0369 | NR1: MCUID0370 | NS1: MCUID0371 | NT1: MCUID0372 | NU1: MCUID0373 | NV1: MCUID0374 | NW1: MCUID0375 | NX1: MCUID0376 | NY1: MCUID0377 | NZ1: MCUID0378 | OA1: MCUID0379 | OB1: MCUID0380 | OC1: MCUID0381 | OD1: MCUID0382 | OE1: MCUID0383 | OF1: MCUID0384 | OG1: MCUID0385 | OH1: MCUID0386 | OI1: MCUID0387 | OJ1: MCUID0388 | OK1: MCUID0389 | OL1: MCUID0390 | OM1: MCUID0391 | ON1: MCUID0392 | OO1: MCUID0393 | OP1: MCUID0394 | OQ1: MCUID0395 | OR1: MCUID0396 | OS1: MCUID0397 | OT1: MCUID0398 | OU1: MCUID0399 | OV1: MCUID0400 | OW1: MCUID0401 | OX1: MCUID0402 | OY1: MCUID0403 | OZ1: MCUID0404 | PA1: MCUID0405 | PB1: MCUID0406 | PC1: MCUID0407 | PD1: MCUID0408 | PE1: MCUID0409 | PF1: MCUID0410 | PG1: MCUID0411 | PH1: MCUID0412 | PI1: MCUID0413 | PJ1: MCUID0414 | PK1: MCUID0415 | PL1: MCUID0416 | PM1: MCUID0417 | PN1: MCUID0418 | PO1: MCUID0419 | PP1: MCUID0420 | PQ1: MCUID0421 | PR1: MCUID0422 | PS1: MCUID0423 | PT1: MCUID0424 | PU1: MCUID0425 | PV1: MCUID0426 | PW1: MCUID0427 | PX1: MCUID0428 | PY1: MCUID0429 | PZ1: MCUID0430 | QA1: MCUID0574 | QB1: MCUID0575 | QC1: MCUID0590 | QD1: MCUID1138 | QE1: MCUID1135 | QF1: MCUID1136 | QG1: MCUID1137 | QH1: MCUID0604 | QI1: MCUID0605 | QJ1: MCUID0606 | QK1: MCUID0607 | QL1: MCUID0809 | QM1: MCUID0810 | QN1: MCUID3020 | QO1: MCUID0923 | QP1: MCUID0924 | QQ1: MCUID0925 | QR1: MCUID0926 | QS1: MCUID0927 | QT1: MCUID0928 | QU1: MCUID0929 | QV1: MCUID0930 | QW1: MCUID0931 | QX1: MCUID0932 | QY1: MCUID1103 | QZ1: MCUID1104 | RA1: MCUID1105 | RB1: MCUID1106 | RC1: MCUID1107 | RD1: MCUID1108 | RE1: MCUID1109 | RF1: MCUID1110 | RG1: MCUID1111 | RH1: MCUID1112 | RI1: MCUID0933 | RJ1: MCUID0934 | RK1: MCUID0935 | RL1: MCUID0936 | RM1: MCUID0937 | RN1: MCUID0938 | RO1: MCUID0939 | RP1: MCUID0940 | RQ1: MCUID0941 | RR1: MCUID0942 | RS1: MCUID0943 | RT1: MCUID0944 | RU1: MCUID0945 | RV1: MCUID0946 | RW1: MCUID0947 | RX1: MCUID0948 | RY1: MCUID0949 | RZ1: MCUID0950 | SA1: MCUID0951 | SB1: MCUID0952 | SC1: MCUID0953 | SD1: MCUID0954 | SE1: MCUID0955 | SF1: MCUID0956 | SG1: MCUID0957 | SH1: MCUID0958 | SI1: MCUID0959 | SJ1: MCUID0960 | SK1: MCUID0961 | SL1: MCUID0962 | SM1: MCUID0963 | SN1: MCUID0964 | SO1: MCUID0965 | SP1: MCUID0966 | SQ1: MCUID0967 | SR1: MCUID0968 | SS1: MCUID0969 | ST1: MCUID0970 | SU1: MCUID0971 | SV1: MCUID0972 | SW1: MCUID0973 | SX1: MCUID0974 | SY1: MCUID0975 | SZ1: MCUID0976 | TA1: MCUID0977 | TB1: MCUID0978 | TC1: MCUID0979 | TD1: MCUID0980 | TE1: MCUID0981 | TF1: MCUID0982 | TG1: MCUID0983 | TH1: MCUID0984 | TI1: MCUID0985 | TJ1: MCUID0986 | TK1: MCUID0987 | TL1: MCUID0988 | TM1: MCUID0989 | TN1: MCUID0990 | TO1: MCUID0991 | TP1: MCUID0992 | TQ1: MCUID0993 | TR1: MCUID0994 | TS1: MCUID0995 | TT1: MCUID0996 | TU1: MCUID0997 | TV1: MCUID0998 | TW1: MCUID0999 | TX1: MCUID1000 | TY1: MCUID1001 | TZ1: MCUID1002 | UA1: MCUID1003 | UB1: MCUID1004 | UC1: MCUID1005 | UD1: MCUID1006 | UE1: MCUID1007 | UF1: MCUID1008 | UG1: MCUID1009 | UH1: MCUID1010 | UI1: MCUID1011 | UJ1: MCUID1012 | UK1: MCUID1013 | UL1: MCUID1014 | UM1: MCUID1015 | UN1: MCUID1016 | UO1: MCUID1017 | UP1: MCUID1018 | UQ1: MCUID1019 | UR1: MCUID1020 | US1: MCUID1021 | UT1: MCUID1022 | UU1: MCUID1023 | UV1: MCUID1024 | UW1: MCUID1025 | UX1: MCUID1026 | UY1: MCUID1027 | UZ1: MCUID1028 | VA1: MCUID1029 | VB1: MCUID1030 | VC1: MCUID1031 | VD1: MCUID1032 | VE1: MCUID1033 | VF1: MCUID1034 | VG1: MCUID1035 | VH1: MCUID1036 | VI1: MCUID1037 | VJ1: MCUID1038 | VK1: MCUID1039 | VL1: MCUID1040 | VM1: MCUID1041 | VN1: MCUID1042 | VO1: MCUID1043 | VP1: MCUID1044 | VQ1: MCUID1045 | VR1: MCUID1046 | VS1: MCUID1047 | VT1: MCUID1048 | VU1: MCUID1049 | VV1: MCUID1050 | VW1: MCUID1051 | VX1: MCUID1052 | VY1: MCUID1053 | VZ1: MCUID1054 | WA1: MCUID1055 | WB1: MCUID1056 | WC1: MCUID1057 | WD1: MCUID1058 | WE1: MCUID1059 | WF1: MCUID1060 | WG1: MCUID1061 | WH1: MCUID1062 | WI1: MCUID1063 | WJ1: MCUID1064 | WK1: MCUID1065 | WL1: MCUID1066 | WM1: MCUID1067 | WN1: MCUID1068 | WO1: MCUID1069 | WP1: MCUID1070 | WQ1: MCUID1071 | WR1: MCUID1072 | WS1: MCUID1073 | WT1: MCUID1074 | WU1: MCUID1075 | WV1: MCUID1076 | WW1: MCUID1077 | WX1: MCUID1078 | WY1: MCUID1079 | WZ1: MCUID1080 | XA1: MCUID1081 | XB1: MCUID1082 | XC1: MCUID1093 | XD1: MCUID1094 | XE1: MCUID1095 | XF1: MCUID1096 | XG1: MCUID1097 | XH1: MCUID1098 | XI1: MCUID1099 | XJ1: MCUID1100 | XK1: MCUID1101 | XL1: MCUID1102 | XM1: MCUID0738 | XN1: MCUID0741 | XO1: MCUID0742 | XP1: MCUID0743 | XQ1: MCUID0798 | XR1: MCUID3025 | XS1: MCUID0576 | XT1: MCUID0577 | XU1: MCUID0578 | XV1: MCUID0579 | XW1: MCUID0580 | XX1: MCUID0581 | XY1: MCUID0582 | XZ1: MCUID0583 | YA1: MCUID0584 | YB1: MCUID0585 | YC1: MCUID0586 | BKT1: MCUID0797 | BKY1: 廃止 | BKZ1: 廃止 | BLA1: 廃止 | BLB1: 廃止
