Workbook

Sheet 表紙
H2: コンポーネント | I2: Vom::Alert
D3: =REPLACE(LEFT(CELL("filename",$B$1),FIND(".xls",CELL("filename",$B$1))-1),1,FIND("[",CELL("filename",$B$1)),) -> alert_D_SFTPOS-CSTD-1-00-A-C0 | H3: Gitリポジトリ | I3: -
E4: =DGET(B8:C12,"Ver.",H4:H5) -> 1.0.0 | H4: ROW
H5: =MAX(B9:B12) -> 1
C7: 更新履歴 | E7: 対象ソフトVer | G7: 承認欄 [DENSO] | M7: 承認欄 [DT]
B8: ROW | C8: Ver. | D8: 更新内容 | E8: Git(CommitID) | F8: Component Version | G8: 承認者 | H8: 承認日 | I8: 検討者 | J8: 検討日 | K8: 作成者 | L8: 作成日 | M8: 承認者 | N8: 承認日 | O8: 検討者 | P8: 検討日 | Q8: 作成者 | R8: 作成日
B9: =IF(C9=0,0,ROW()-ROW($B$8)) -> 1 | C9: 1.0.0 | D9: 新規作成 | E9: - | F9: 5.5.0 | G9: - | H9: - | I9: - | J9: - | K9: - | L9: - | Q9: DT成瀬哲 | R9: 45568
C10: 1.0.1 | D10: B_RSBW のマトリクステーブルを網羅的になるように修正 | E10: - | F10: 5.5.0 | G10: - | H10: - | I10: - | J10: - | K10: - | L10: - | Q10: DT成瀬哲 | R10: 45637
B11: =IF(C11=0,0,ROW()-ROW($B$8)) -> 0

Sheet はじめに
B2: １．本書の目的
C3: TMC Specを分析した結果で、Vom::Alertの実装に必要となる情報を抽出し、Alert Config Toolのインプットとする。
B6: ２．上位文書
C7: # | E7: path
C8: 0 | D8: Alert設計資料 | E8: https://aip01.dndev.net/svn/aip/tmcapp/sd/evidence/trunk/02_Design/01_Vom/Alert/03_Component/alert_design.pptx
B12: ３．用語の説明
C13: # | D13: 用語 | E13: 説明
C14: 0 | D14: Alert Config Tool | E14: TMC Specと本設計書のトレースをデータベース管理するTool。
C15: 1 | D15: TT | E15: Telltale
C16: 2 | D16: PD | E16: Pop-up Display
C17: 3 | D17: BC | E17: Buzzer/Chime
C18: 4 | D18: RW | E18: Remote Warning
C19: 5 | D19: CH | E19: Alert Channel。 各Specを分析した結果で決定されるモジュール内分割単位。
C20: 6 | D20: VOM | E20: Vehicle Operation Mode
B24: ４．各シートの説明
C25: # | D25: 用語 | E25: 説明
C26: 0 | D26: Matrix | E26: 対象となるTMC Specならびに分析した結果で決定されるAlert Channel情報について記載する。 Alert Config Toolのインプットとする。
C27: 1 | D27: CH_Design | E27: 対象のTMC Specにおいて、Vom::Alertが外部に提供する各CHの出力(REQ)について記載する。 機能判定欄については、出力先によって実施責務が異なるため、出力先毎に有無を記載する。 TT機能判定、BC機能判定、PD機能判定 ： VSV側にて参照 RW機能判定 ： Vom::Alertにて参照 TMC Specにて定義される機能有無判定の要否について抽出した結果で記載する。 ※機種(e.x.775B)毎の要否ではないため、対象機種に応じた更新(メンテナンス)は行わない。 PD欄については、Alert制御仕様書にて定義されるWarning Noを記載する。 Alert Config Toolのインプットとする。
C28: 2 | D28: Config_IF | E28: 対象のTMC Specにおいて、 Vom::Alertが使用する外部ドメインIF Vom::Alertが使用するConfig IF、定義 について記載する。 Alert Config Toolのインプットとする。
C29: 3 | D29: TT/BC | E29: シート名は各CH名を採用する。 対象のTMC Specを分析した結果で、各CHのインプット/アウトプットの判定条件について記載する。 コーディング時のインプットとする。
C30: 4 | D30: Reference | E30: 対象のTMC Specを分析した際の中間成果物。参考情報として記載。メンテナンス対象外。
C31: 5 | D31: History | E31: テンプレート変更履歴
B37: ５．入力セルの凡例
E38: ユーザ入力セル
E39: 自動計算セル

Sheet Matrix
B2: 対象仕様書 | D2: MET-D_SFTPOS-CSTD-1-00-A-C0.xlsm
B3: ロケーション | D3: https://svn.geniie.net/bevs3/bevs3cdc/仕様書/MET/%231/tags/00.Product/v0.1.0/制御仕様/MET-D_SFTPOS-CSTD-1-00-A-C0/
B4: モジュール名 | D4: =表紙!D3&".c" -> alert_D_SFTPOS-CSTD-1-00-A-C0.c
D5: =IF(LEN(表紙!D3&".c") = LENB(表紙!D3&".c"),"※モジュール名 全角チェックOK","※モジュール名 全角チェックNG：ファイル名に全角文字が使用されています！") -> ※モジュール名 全角チェックOK
B6: 機能名 | D6: =MID(D4, LEN("alert_") + 1, FIND("-",D4,1) - LEN("alert_") - 1) -> D_SFTPOS
B7: 判定要素数 | D7: =COUNTA($D$13:$D$37) -> 2
B8: Matrix名 | D8: ="st_gp_ALERT_"&UPPER(D6)&"_MTRX" -> st_gp_ALERT_D_SFTPOS_MTRX
B9: 初期化関数名 | D9: vd_g_AlertD_sftposInit
B10: 処理時間
B12: No | C12: CH Name | D12: VOM | E12: RW | F12: Srcchk | G12: RwTx | H12: CH | I12: REQ | K12: VOM | L12: 初期化関数名 | M12: CH名称中間データ
B13: 1 | C13: B_RJTB | D13: ALERT_VOM_IGN_ON | E13: － | F13: =IF($D13<>"","u4_s_Alert"&UPPER(LEFT($D$6,1))&LOWER(MID($D$6,2,100))&IF($D$7=1,"",N13)&"Srcchk","") -> u4_s_AlertD_sftposBRjtbSrcchk | G13: =IF($D13<>"",IF($E13="○","vd_s_Alert"&UPPER(LEFT($D$6,1))&LOWER(MID($D$6,2,100))&IF($D$7=1,"",N13)&"RwTx","NULL"),"") -> NULL | H13: =IF($D13<>"","ALERT_CH_"&UPPER($D$6)&IF($D$7=1,"","_"&UPPER($C13)),"") -> ALERT_CH_D_SFTPOS_B_RJTB | I13: =IF($D13<>"","ALERT_REQ_"&UPPER($D$6)&IF($D$7=1,"","_"&UPPER($C13)),"") -> ALERT_REQ_D_SFTPOS_B_RJTB | K13: ALERT_VOM_BAT_AO | L13: NULL | M13: =FIND("_",C13,1) -> 2 | N13: =IF(IFERROR(M13,0),UPPER(LEFT(C13,1))&LOWER(MID(C13,2,M13-2))&UPPER(MID(C13,M13+1,1))&LOWER(MID(C13,M13+2,100)),UPPER(LEFT(C13,1))&LOWER(MID(C13,2,100))) -> BRjtb
B14: 2 | C14: B_RSBW | D14: ALERT_VOM_IGN_ON | E14: － | F14: =IF($D14<>"","u4_s_Alert"&UPPER(LEFT($D$6,1))&LOWER(MID($D$6,2,100))&IF($D$7=1,"",N14)&"Srcchk","") -> u4_s_AlertD_sftposBRsbwSrcchk | G14: =IF($D14<>"",IF($E14="○","vd_s_Alert"&UPPER(LEFT($D$6,1))&LOWER(MID($D$6,2,100))&IF($D$7=1,"",N14)&"RwTx","NULL"),"") -> NULL | H14: =IF($D14<>"","ALERT_CH_"&UPPER($D$6)&IF($D$7=1,"","_"&UPPER($C14)),"") -> ALERT_CH_D_SFTPOS_B_RSBW | I14: =IF($D14<>"","ALERT_REQ_"&UPPER($D$6)&IF($D$7=1,"","_"&UPPER($C14)),"") -> ALERT_REQ_D_SFTPOS_B_RSBW | K14: ALERT_VOM_BAT_WT | L14: ="vd_g_Alert"&UPPER(LEFT(D6,1))&LOWER(MID(D6,2,100))&"Init" -> vd_g_AlertD_sftposInit | M14: =FIND("_",C14,1) -> 2 | N14: =IF(IFERROR(M14,0),UPPER(LEFT(C14,1))&LOWER(MID(C14,2,M14-2))&UPPER(MID(C14,M14+1,1))&LOWER(MID(C14,M14+2,100)),UPPER(LEFT(C14,1))&LOWER(MID(C14,2,100))) -> BRsbw
B15: 3 | F15: =IF($D15<>"","u4_s_Alert"&UPPER(LEFT($D$6,1))&LOWER(MID($D$6,2,100))&IF($D$7=1,"",N15)&"Srcchk","") | G15: =IF($D15<>"",IF($E15="○","vd_s_Alert"&UPPER(LEFT($D$6,1))&LOWER(MID($D$6,2,100))&IF($D$7=1,"",N15)&"RwTx","NULL"),"") | H15: =IF($D15<>"","ALERT_CH_"&UPPER($D$6)&IF($D$7=1,"","_"&UPPER($C15)),"") | I15: =IF($D15<>"","ALERT_REQ_"&UPPER($D$6)&IF($D$7=1,"","_"&UPPER($C15)),"") | K15: ALERT_VOM_IGN_OFF | M15: =FIND("_",C15,1) -> #VALUE! | N15: =IF(IFERROR(M15,0),UPPER(LEFT(C15,1))&LOWER(MID(C15,2,M15-2))&UPPER(MID(C15,M15+1,1))&LOWER(MID(C15,M15+2,100)),UPPER(LEFT(C15,1))&LOWER(MID(C15,2,100)))
B16: 4 | F16: =IF($D16<>"","u4_s_Alert"&UPPER(LEFT($D$6,1))&LOWER(MID($D$6,2,100))&IF($D$7=1,"",N16)&"Srcchk","") | G16: =IF($D16<>"",IF($E16="○","vd_s_Alert"&UPPER(LEFT($D$6,1))&LOWER(MID($D$6,2,100))&IF($D$7=1,"",N16)&"RwTx","NULL"),"") | H16: =IF($D16<>"","ALERT_CH_"&UPPER($D$6)&IF($D$7=1,"","_"&UPPER($C16)),"") | I16: =IF($D16<>"","ALERT_REQ_"&UPPER($D$6)&IF($D$7=1,"","_"&UPPER($C16)),"") | K16: ALERT_VOM_IGN_OFF_WT | M16: =FIND("_",C16,1) -> #VALUE! | N16: =IF(IFERROR(M16,0),UPPER(LEFT(C16,1))&LOWER(MID(C16,2,M16-2))&UPPER(MID(C16,M16+1,1))&LOWER(MID(C16,M16+2,100)),UPPER(LEFT(C16,1))&LOWER(MID(C16,2,100)))
B17: 5 | F17: =IF($D17<>"","u4_s_Alert"&UPPER(LEFT($D$6,1))&LOWER(MID($D$6,2,100))&IF($D$7=1,"",N17)&"Srcchk","") | G17: =IF($D17<>"",IF($E17="○","vd_s_Alert"&UPPER(LEFT($D$6,1))&LOWER(MID($D$6,2,100))&IF($D$7=1,"",N17)&"RwTx","NULL"),"") | H17: =IF($D17<>"","ALERT_CH_"&UPPER($D$6)&IF($D$7=1,"","_"&UPPER($C17)),"") | I17: =IF($D17<>"","ALERT_REQ_"&UPPER($D$6)&IF($D$7=1,"","_"&UPPER($C17)),"") | K17: ALERT_VOM_IGN_ON | M17: =FIND("_",C17,1) -> #VALUE! | N17: =IF(IFERROR(M17,0),UPPER(LEFT(C17,1))&LOWER(MID(C17,2,M17-2))&UPPER(MID(C17,M17+1,1))&LOWER(MID(C17,M17+2,100)),UPPER(LEFT(C17,1))&LOWER(MID(C17,2,100)))
B18: 6 | F18: =IF($D18<>"","u4_s_Alert"&UPPER(LEFT($D$6,1))&LOWER(MID($D$6,2,100))&IF($D$7=1,"",N18)&"Srcchk","") | G18: =IF($D18<>"",IF($E18="○","vd_s_Alert"&UPPER(LEFT($D$6,1))&LOWER(MID($D$6,2,100))&IF($D$7=1,"",N18)&"RwTx","NULL"),"") | H18: =IF($D18<>"","ALERT_CH_"&UPPER($D$6)&IF($D$7=1,"","_"&UPPER($C18)),"") | I18: =IF($D18<>"","ALERT_REQ_"&UPPER($D$6)&IF($D$7=1,"","_"&UPPER($C18)),"") | K18: ALERT_VOM_VCS_ON | M18: =FIND("_",C18,1) -> #VALUE! | N18: =IF(IFERROR(M18,0),UPPER(LEFT(C18,1))&LOWER(MID(C18,2,M18-2))&UPPER(MID(C18,M18+1,1))&LOWER(MID(C18,M18+2,100)),UPPER(LEFT(C18,1))&LOWER(MID(C18,2,100)))
B19: 7 | F19: =IF($D19<>"","u4_s_Alert"&UPPER(LEFT($D$6,1))&LOWER(MID($D$6,2,100))&IF($D$7=1,"",N19)&"Srcchk","") | G19: =IF($D19<>"",IF($E19="○","vd_s_Alert"&UPPER(LEFT($D$6,1))&LOWER(MID($D$6,2,100))&IF($D$7=1,"",N19)&"RwTx","NULL"),"") | H19: =IF($D19<>"","ALERT_CH_"&UPPER($D$6)&IF($D$7=1,"","_"&UPPER($C19)),"") | I19: =IF($D19<>"","ALERT_REQ_"&UPPER($D$6)&IF($D$7=1,"","_"&UPPER($C19)),"") | K19: ALERT_VOM_VCS_ON | M19: =FIND("_",C19,1) -> #VALUE! | N19: =IF(IFERROR(M19,0),UPPER(LEFT(C19,1))&LOWER(MID(C19,2,M19-2))&UPPER(MID(C19,M19+1,1))&LOWER(MID(C19,M19+2,100)),UPPER(LEFT(C19,1))&LOWER(MID(C19,2,100)))
B20: 8 | F20: =IF($D20<>"","u4_s_Alert"&UPPER(LEFT($D$6,1))&LOWER(MID($D$6,2,100))&IF($D$7=1,"",N20)&"Srcchk","") | G20: =IF($D20<>"",IF($E20="○","vd_s_Alert"&UPPER(LEFT($D$6,1))&LOWER(MID($D$6,2,100))&IF($D$7=1,"",N20)&"RwTx","NULL"),"") | H20: =IF($D20<>"","ALERT_CH_"&UPPER($D$6)&IF($D$7=1,"","_"&UPPER($C20)),"") | I20: =IF($D20<>"","ALERT_REQ_"&UPPER($D$6)&IF($D$7=1,"","_"&UPPER($C20)),"") | K20: ALERT_VOM_VCS_ON | M20: =FIND("_",C20,1) -> #VALUE! | N20: =IF(IFERROR(M20,0),UPPER(LEFT(C20,1))&LOWER(MID(C20,2,M20-2))&UPPER(MID(C20,M20+1,1))&LOWER(MID(C20,M20+2,100)),UPPER(LEFT(C20,1))&LOWER(MID(C20,2,100)))
B21: 9 | F21: =IF($D21<>"","u4_s_Alert"&UPPER(LEFT($D$6,1))&LOWER(MID($D$6,2,100))&IF($D$7=1,"",N21)&"Srcchk","") | G21: =IF($D21<>"",IF($E21="○","vd_s_Alert"&UPPER(LEFT($D$6,1))&LOWER(MID($D$6,2,100))&IF($D$7=1,"",N21)&"RwTx","NULL"),"") | H21: =IF($D21<>"","ALERT_CH_"&UPPER($D$6)&IF($D$7=1,"","_"&UPPER($C21)),"") | I21: =IF($D21<>"","ALERT_REQ_"&UPPER($D$6)&IF($D$7=1,"","_"&UPPER($C21)),"") | K21: ALERT_VOM_VCS_ON | M21: =FIND("_",C21,1) -> #VALUE! | N21: =IF(IFERROR(M21,0),UPPER(LEFT(C21,1))&LOWER(MID(C21,2,M21-2))&UPPER(MID(C21,M21+1,1))&LOWER(MID(C21,M21+2,100)),UPPER(LEFT(C21,1))&LOWER(MID(C21,2,100)))
B22: 10 | F22: =IF($D22<>"","u4_s_Alert"&UPPER(LEFT($D$6,1))&LOWER(MID($D$6,2,100))&IF($D$7=1,"",N22)&"Srcchk","") | G22: =IF($D22<>"",IF($E22="○","vd_s_Alert"&UPPER(LEFT($D$6,1))&LOWER(MID($D$6,2,100))&IF($D$7=1,"",N22)&"RwTx","NULL"),"") | H22: =IF($D22<>"","ALERT_CH_"&UPPER($D$6)&IF($D$7=1,"","_"&UPPER($C22)),"") | I22: =IF($D22<>"","ALERT_REQ_"&UPPER($D$6)&IF($D$7=1,"","_"&UPPER($C22)),"") | K22: ALERT_VOM_VCS_ON | M22: =FIND("_",C22,1) -> #VALUE! | N22: =IF(IFERROR(M22,0),UPPER(LEFT(C22,1))&LOWER(MID(C22,2,M22-2))&UPPER(MID(C22,M22+1,1))&LOWER(MID(C22,M22+2,100)),UPPER(LEFT(C22,1))&LOWER(MID(C22,2,100)))
B23: 11 | F23: =IF($D23<>"","u4_s_Alert"&UPPER(LEFT($D$6,1))&LOWER(MID($D$6,2,100))&IF($D$7=1,"",N23)&"Srcchk","") | G23: =IF($D23<>"",IF($E23="○","vd_s_Alert"&UPPER(LEFT($D$6,1))&LOWER(MID($D$6,2,100))&IF($D$7=1,"",N23)&"RwTx","NULL"),"") | H23: =IF($D23<>"","ALERT_CH_"&UPPER($D$6)&IF($D$7=1,"","_"&UPPER($C23)),"") | I23: =IF($D23<>"","ALERT_REQ_"&UPPER($D$6)&IF($D$7=1,"","_"&UPPER($C23)),"") | K23: ALERT_VOM_VCS_ON | M23: =FIND("_",C23,1) -> #VALUE! | N23: =IF(IFERROR(M23,0),UPPER(LEFT(C23,1))&LOWER(MID(C23,2,M23-2))&UPPER(MID(C23,M23+1,1))&LOWER(MID(C23,M23+2,100)),UPPER(LEFT(C23,1))&LOWER(MID(C23,2,100)))
B24: 12 | F24: =IF($D24<>"","u4_s_Alert"&UPPER(LEFT($D$6,1))&LOWER(MID($D$6,2,100))&IF($D$7=1,"",N24)&"Srcchk","") | G24: =IF($D24<>"",IF($E24="○","vd_s_Alert"&UPPER(LEFT($D$6,1))&LOWER(MID($D$6,2,100))&IF($D$7=1,"",N24)&"RwTx","NULL"),"") | H24: =IF($D24<>"","ALERT_CH_"&UPPER($D$6)&IF($D$7=1,"","_"&UPPER($C24)),"") | I24: =IF($D24<>"","ALERT_REQ_"&UPPER($D$6)&IF($D$7=1,"","_"&UPPER($C24)),"") | K24: ALERT_VOM_VCS_ON | M24: =FIND("_",C24,1) -> #VALUE! | N24: =IF(IFERROR(M24,0),UPPER(LEFT(C24,1))&LOWER(MID(C24,2,M24-2))&UPPER(MID(C24,M24+1,1))&LOWER(MID(C24,M24+2,100)),UPPER(LEFT(C24,1))&LOWER(MID(C24,2,100)))
B25: 13 | F25: =IF($D25<>"","u4_s_Alert"&UPPER(LEFT($D$6,1))&LOWER(MID($D$6,2,100))&IF($D$7=1,"",N25)&"Srcchk","") | G25: =IF($D25<>"",IF($E25="○","vd_s_Alert"&UPPER(LEFT($D$6,1))&LOWER(MID($D$6,2,100))&IF($D$7=1,"",N25)&"RwTx","NULL"),"") | H25: =IF($D25<>"","ALERT_CH_"&UPPER($D$6)&IF($D$7=1,"","_"&UPPER($C25)),"") | I25: =IF($D25<>"","ALERT_REQ_"&UPPER($D$6)&IF($D$7=1,"","_"&UPPER($C25)),"") | K25: ALERT_VOM_VCS_ON | M25: =FIND("_",C25,1) -> #VALUE! | N25: =IF(IFERROR(M25,0),UPPER(LEFT(C25,1))&LOWER(MID(C25,2,M25-2))&UPPER(MID(C25,M25+1,1))&LOWER(MID(C25,M25+2,100)),UPPER(LEFT(C25,1))&LOWER(MID(C25,2,100)))
B26: 14 | F26: =IF($D26<>"","u4_s_Alert"&UPPER(LEFT($D$6,1))&LOWER(MID($D$6,2,100))&IF($D$7=1,"",N26)&"Srcchk","") | G26: =IF($D26<>"",IF($E26="○","vd_s_Alert"&UPPER(LEFT($D$6,1))&LOWER(MID($D$6,2,100))&IF($D$7=1,"",N26)&"RwTx","NULL"),"") | H26: =IF($D26<>"","ALERT_CH_"&UPPER($D$6)&IF($D$7=1,"","_"&UPPER($C26)),"") | I26: =IF($D26<>"","ALERT_REQ_"&UPPER($D$6)&IF($D$7=1,"","_"&UPPER($C26)),"") | K26: ALERT_VOM_VCS_ON | M26: =FIND("_",C26,1) -> #VALUE! | N26: =IF(IFERROR(M26,0),UPPER(LEFT(C26,1))&LOWER(MID(C26,2,M26-2))&UPPER(MID(C26,M26+1,1))&LOWER(MID(C26,M26+2,100)),UPPER(LEFT(C26,1))&LOWER(MID(C26,2,100)))
... B37: 25 | F37: =IF($D37<>"","u4_s_Alert"&UPPER(LEFT($D$6,1))&LOWER(MID($D$6,2,100))&IF($D$7=1,"",N37)&"Srcchk","") | G37: =IF($D37<>"",IF($E37="○","vd_s_Alert"&UPPER(LEFT($D$6,1))&LOWER(MID($D$6,2,100))&IF($D$7=1,"",N37)&"RwTx","NULL"),"") | H37: =IF($D37<>"","ALERT_CH_"&UPPER($D$6)&IF($D$7=1,"","_"&UPPER($C37)),"") | I37: =IF($D37<>"","ALERT_REQ_"&UPPER($D$6)&IF($D$7=1,"","_"&UPPER($C37)),"") | K37: ALERT_VOM_VCS_ON | M37: =FIND("_",C37,1) -> #VALUE! | N37: =IF(IFERROR(M37,0),UPPER(LEFT(C37,1))&LOWER(MID(C37,2,M37-2))&UPPER(MID(C37,M37+1,1))&LOWER(MID(C37,M37+2,100)),UPPER(LEFT(C37,1))&LOWER(MID(C37,2,100)))

Sheet Config_IF
B2: Other Domain Define | O2: Alert Config IF List
B3: No | C3: define Name | D3: class | E3: define | F3: comment | G3: 文字数 | O3: No | P3: Return | Q3: Config Function Name | R3: comment
B4: 0 | C4: なし | O4: 0 | P4: なし | Q4: なし
B5: 1 | E5: =IF($C5<>"","ALERT_" & D5 & "_ID_"&UPPER(Matrix!$D$6) & "_" & $C5,"") | G5: =IF(E5<>"",LEN(E5),"") | O5: 1
B6: 2 | E6: =IF($C6<>"","ALERT_" & D6 & "_ID_"&UPPER(Matrix!$D$6) & "_" & $C6,"") | G6: =IF(E6<>"",LEN(E6),"") | O6: 2
B7: 3 | E7: =IF($C7<>"","ALERT_" & D7 & "_ID_"&UPPER(Matrix!$D$6) & "_" & $C7,"") | G7: =IF(E7<>"",LEN(E7),"") | O7: 3
B8: 4 | E8: =IF($C8<>"","ALERT_" & D8 & "_ID_"&UPPER(Matrix!$D$6) & "_" & $C8,"") | G8: =IF(E8<>"",LEN(E8),"") | O8: 4
B9: 5 | E9: =IF($C9<>"","ALERT_" & D9 & "_ID_"&UPPER(Matrix!$D$6) & "_" & $C9,"") | G9: =IF(E9<>"",LEN(E9),"") | O9: 5
B10: 6 | E10: =IF($C10<>"","ALERT_" & D10 & "_ID_"&UPPER(Matrix!$D$6) & "_" & $C10,"") | G10: =IF(E10<>"",LEN(E10),"") | O10: 6
B11: 7 | E11: =IF($C11<>"","ALERT_" & D11 & "_ID_"&UPPER(Matrix!$D$6) & "_" & $C11,"") | G11: =IF(E11<>"",LEN(E11),"") | O11: 7
B12: 8 | E12: =IF($C12<>"","ALERT_" & D12 & "_ID_"&UPPER(Matrix!$D$6) & "_" & $C12,"") | G12: =IF(E12<>"",LEN(E12),"") | O12: 8
B13: 9 | E13: =IF($C13<>"","ALERT_" & D13 & "_ID_"&UPPER(Matrix!$D$6) & "_" & $C13,"") | G13: =IF(E13<>"",LEN(E13),"") | O13: 9
B14: 10 | E14: =IF($C14<>"","ALERT_" & D14 & "_ID_"&UPPER(Matrix!$D$6) & "_" & $C14,"") | G14: =IF(E14<>"",LEN(E14),"") | O14: 10
B15: 11 | E15: =IF($C15<>"","ALERT_" & D15 & "_ID_"&UPPER(Matrix!$D$6) & "_" & $C15,"") | G15: =IF(E15<>"",LEN(E15),"") | O15: 11
B16: 12 | E16: =IF($C16<>"","ALERT_" & D16 & "_ID_"&UPPER(Matrix!$D$6) & "_" & $C16,"") | G16: =IF(E16<>"",LEN(E16),"") | O16: 12
... B29: 25 | E29: =IF($C29<>"","ALERT_" & D29 & "_ID_"&UPPER(Matrix!$D$6) & "_" & $C29,"") | G29: =IF(E29<>"",LEN(E29),"") | O29: 25
B32: Alert Domain Define | O32: Constant Externs List
B33: No | C33: define Name | D33: calss | E33: define | F33: Value | G33: 文字数 | O33: No | P33: Type | Q33: Constant define | R33: comment
B34: 0 | C34: なし | F34: なし | O34: 0 | P34: なし | Q34: なし | R34: なし
B35: 1 | E35: =IF($C35<>"","ALERT_" & UPPER(Matrix!$D$6) & "_" & $C35,"") | G35: =IF(E35<>"",LEN(E35),"") | O35: 1
B36: 2 | E36: =IF($C36<>"","ALERT_" & UPPER(Matrix!$D$6) & "_" & $C36,"") | G36: =IF(E36<>"",LEN(E36),"") | O36: 2
B37: 3 | E37: =IF($C37<>"","ALERT_" & UPPER(Matrix!$D$6) & "_" & $C37,"") | G37: =IF(E37<>"",LEN(E37),"") | O37: 3
B38: 4 | E38: =IF($C38<>"","ALERT_" & UPPER(Matrix!$D$6) & "_" & $C38,"") | G38: =IF(E38<>"",LEN(E38),"") | O38: 4
B39: 5 | E39: =IF($C39<>"","ALERT_" & UPPER(Matrix!$D$6) & "_" & $C39,"") | G39: =IF(E39<>"",LEN(E39),"") | O39: 5
B40: 6 | E40: =IF($C40<>"","ALERT_" & UPPER(Matrix!$D$6) & "_" & $C40,"") | G40: =IF(E40<>"",LEN(E40),"") | O40: 6
B41: 7 | E41: =IF($C41<>"","ALERT_" & UPPER(Matrix!$D$6) & "_" & $C41,"") | G41: =IF(E41<>"",LEN(E41),"") | O41: 7
B42: 8 | E42: =IF($C42<>"","ALERT_" & UPPER(Matrix!$D$6) & "_" & $C42,"") | G42: =IF(E42<>"",LEN(E42),"") | O42: 8
B43: 9 | E43: =IF($C43<>"","ALERT_" & UPPER(Matrix!$D$6) & "_" & $C43,"") | G43: =IF(E43<>"",LEN(E43),"") | O43: 9
B44: 10 | E44: =IF($C44<>"","ALERT_" & UPPER(Matrix!$D$6) & "_" & $C44,"") | G44: =IF(E44<>"",LEN(E44),"") | O44: 10
B45: 11 | E45: =IF($C45<>"","ALERT_" & UPPER(Matrix!$D$6) & "_" & $C45,"") | G45: =IF(E45<>"",LEN(E45),"") | O45: 11
B46: 12 | E46: =IF($C46<>"","ALERT_" & UPPER(Matrix!$D$6) & "_" & $C46,"") | G46: =IF(E46<>"",LEN(E46),"") | O46: 12
... B59: 25 | E59: =IF($C59<>"","ALERT_" & UPPER(Matrix!$D$6) & "_" & $C59,"") | G59: =IF(E59<>"",LEN(E59),"") | O59: 25

Sheet CH_Design
C1: 出力なしは、ここでは定義しないこと。システム共通のALERT_REQ_UNKNOWNを使用するため。
B2: ALERT CH | C2: REQ | D2: Value | E2: TT機能判定 | F2: TT | G2: BC機能判定 | H2: BC | I2: PD機能判定 | J2: PD | K2: RW機能判定 | L2: RW | M2: 文字数 | N2: 定義名 | O2: Code for alert_mtrx.h
C3: UNKNOWN | U3: 電源状態一覧
B4: ALERT_CH_D_SFTPOS_B_RJTB | C4: DBL1 | D4: 0 | E4: なし | F4: - | H4: D_SFTPOS-CSTD-1-BZR01-REQ02 | I4: なし | J4: - | K4: なし | L4: - | M4: =LEN(N4) -> 30 | N4: =VLOOKUP($B4,Matrix!$H$13:$I$37,2,FALSE)&"_"&C4 -> ALERT_REQ_D_SFTPOS_B_RJTB_DBL1 | O4: ="#define "&N4&REPT(" ",48-M4)&"("&D4&"U)" -> #define ALERT_REQ_D_SFTPOS_B_RJTB_DBL1 (0U) | U4: 電源状態一覧
B5: ALERT_CH_D_SFTPOS_B_RSBW | C5: CYCLE | D5: 0 | E5: なし | F5: - | H5: D_SFTPOS-CSTD-1-BZR01-REQ03 | I5: なし | J5: - | K5: なし | L5: - | M5: =LEN(N5) -> 31 | N5: =VLOOKUP($B5,Matrix!$H$13:$I$37,2,FALSE)&"_"&C5 -> ALERT_REQ_D_SFTPOS_B_RSBW_CYCLE | O5: ="#define "&N5&REPT(" ",48-M5)&"("&D5&"U)" -> #define ALERT_REQ_D_SFTPOS_B_RSBW_CYCLE (0U) | U5: ＋B
M6: =LEN(N6) -> #N/A | N6: =VLOOKUP($B6,Matrix!$H$13:$I$37,2,FALSE)&"_"&C6 -> #N/A | O6: ="#define "&N6&REPT(" ",48-M6)&"("&D6&"U)" -> #N/A | U6: IG-ON
M7: =LEN(N7) -> #N/A | N7: =VLOOKUP($B7,Matrix!$H$13:$I$37,2,FALSE)&"_"&C7 -> #N/A | O7: ="#define "&N7&REPT(" ",48-M7)&"("&D7&"U)" -> #N/A | U7: IG-OFF
M8: =LEN(N8) -> #N/A | N8: =VLOOKUP($B8,Matrix!$H$13:$I$37,2,FALSE)&"_"&C8 -> #N/A | O8: ="#define "&N8&REPT(" ",48-M8)&"("&D8&"U)" -> #N/A | U8: ACC-ON
M9: =LEN(N9) -> #N/A | N9: =VLOOKUP($B9,Matrix!$H$13:$I$37,2,FALSE)&"_"&C9 -> #N/A | O9: ="#define "&N9&REPT(" ",48-M9)&"("&D9&"U)" -> #N/A | U9: ACC-OFF
M10: =LEN(N10) -> #N/A | N10: =VLOOKUP($B10,Matrix!$H$13:$I$37,2,FALSE)&"_"&C10 -> #N/A | O10: ="#define "&N10&REPT(" ",48-M10)&"("&D10&"U)" -> #N/A
M11: =LEN(N11) -> #N/A | N11: =VLOOKUP($B11,Matrix!$H$13:$I$37,2,FALSE)&"_"&C11 -> #N/A | O11: ="#define "&N11&REPT(" ",48-M11)&"("&D11&"U)" -> #N/A
M12: =LEN(N12) -> #N/A | N12: =VLOOKUP($B12,Matrix!$H$13:$I$37,2,FALSE)&"_"&C12 -> #N/A | O12: ="#define "&N12&REPT(" ",48-M12)&"("&D12&"U)" -> #N/A
M13: =LEN(N13) -> #N/A | N13: =VLOOKUP($B13,Matrix!$H$13:$I$37,2,FALSE)&"_"&C13 -> #N/A | O13: ="#define "&N13&REPT(" ",48-M13)&"("&D13&"U)" -> #N/A
M14: =LEN(N14) -> #N/A | N14: =VLOOKUP($B14,Matrix!$H$13:$I$37,2,FALSE)&"_"&C14 -> #N/A | O14: ="#define "&N14&REPT(" ",48-M14)&"("&D14&"U)" -> #N/A
M15: =LEN(N15) -> #N/A | N15: =VLOOKUP($B15,Matrix!$H$13:$I$37,2,FALSE)&"_"&C15 -> #N/A | O15: ="#define "&N15&REPT(" ",48-M15)&"("&D15&"U)" -> #N/A
M16: =LEN(N16) -> #N/A | N16: =VLOOKUP($B16,Matrix!$H$13:$I$37,2,FALSE)&"_"&C16 -> #N/A | O16: ="#define "&N16&REPT(" ",48-M16)&"("&D16&"U)" -> #N/A
M17: =LEN(N17) -> #N/A | N17: =VLOOKUP($B17,Matrix!$H$13:$I$37,2,FALSE)&"_"&C17 -> #N/A | O17: ="#define "&N17&REPT(" ",48-M17)&"("&D17&"U)" -> #N/A
M18: =LEN(N18) -> #N/A | N18: =VLOOKUP($B18,Matrix!$H$13:$I$37,2,FALSE)&"_"&C18 -> #N/A | O18: ="#define "&N18&REPT(" ",48-M18)&"("&D18&"U)" -> #N/A
M19: =LEN(N19) -> #N/A | N19: =VLOOKUP($B19,Matrix!$H$13:$I$37,2,FALSE)&"_"&C19 -> #N/A | O19: ="#define "&N19&REPT(" ",48-M19)&"("&D19&"U)" -> #N/A
M20: =LEN(N20) -> #N/A | N20: =VLOOKUP($B20,Matrix!$H$13:$I$37,2,FALSE)&"_"&C20 -> #N/A | O20: ="#define "&N20&REPT(" ",48-M20)&"("&D20&"U)" -> #N/A
M21: =LEN(N21) -> #N/A | N21: =VLOOKUP($B21,Matrix!$H$13:$I$37,2,FALSE)&"_"&C21 -> #N/A | O21: ="#define "&N21&REPT(" ",48-M21)&"("&D21&"U)" -> #N/A
... M103: =LEN(N103) -> #N/A | N103: =VLOOKUP($B103,Matrix!$H$13:$I$37,2,FALSE)&"_"&C103 -> #N/A | O103: ="#define "&N103&REPT(" ",48-M103)&"("&D103&"U)" -> #N/A

Sheet B_RJTB
AH1: → | AI1: bit
B2: Table Type | C2: INDEX | D2: 31 | E2: 30 | F2: 29 | G2: 28 | H2: 27 | I2: 26 | J2: 25 | K2: 24 | L2: 23 | M2: 22 | N2: 21 | O2: 20 | P2: 19 | Q2: 18 | R2: 17 | S2: 16 | T2: 15 | U2: 14 | V2: 13 | W2: 12 | X2: 11 | Y2: 10 | Z2: 9 | AA2: 8 | AB2: 7 | AC2: 6 | AD2: 5 | AE2: 4 | AF2: 3 | AG2: 2 | AH2: 1 | AI2: 0 | AJ2: REQ
B3: =IF(OR(IF(COUNTIF(D6:AC69,"0")<>0,TRUE,FALSE),IF(COUNTIF(D6:AC69,"1")<>0,TRUE,FALSE)),"Search Table","Index Table") -> Index Table | D3: ALERT_VOM_RWT_EN | E3: [reserved] | F3: ALERT_VOM_VCS_ON | G3: ALERT_VOM_IGN_ON | H3: ALERT_VOM_IGN_OFF_WT | I3: ALERT_VOM_IGN_OFF | J3: ALERT_VOM_BAT_WT | K3: ALERT_VOM_BAT_AO | L3: [reserved] | M3: [reserved] | N3: [reserved] | O3: [reserved] | P3: [reserved] | Q3: [reserved] | R3: [reserved] | S3: [reserved] | T3: [reserved] | U3: [reserved] | V3: [reserved] | W3: [reserved] | X3: [reserved] | Y3: [reserved] | Z3: [reserved] | AA3: [reserved] | AB3: [reserved] | AC3: [reserved] | AD3: [reserved] | AE3: [reserved] | AF3: [reserved] | AG3: [reserved] | AH3: ECT1G92_STS | AI3: B_RJTB_SIG | AR3: シート名称は、CH Nameと同じにすること。 1CHしか存在しない場合、機能名と同じにすること。
A4: Master Table | AR4: 貼り付けコード
AR5: ="static const U4 "&AW8&"["&AW10&"]"&" = {" -> static const U4 u4_sp_ALERT_D_SFTPOS_B_RJTB_CRIT[ALERT_D_SFTPOS_B_RJTB_NUM_DST] = { | AS5: ="static const U4 "&$AW$9&"["&$AW$10&"] = {" -> static const U4 u4_sp_ALERT_D_SFTPOS_B_RJTB_MASK[ALERT_D_SFTPOS_B_RJTB_NUM_DST] = { | AT5: ="static const U1 "&$AW$11&"["&$AW$10&"] = {" -> static const U1 u1_sp_ALERT_D_SFTPOS_B_RJTB_DST[ALERT_D_SFTPOS_B_RJTB_NUM_DST] = { | AU5: ="const ST_ALERT_MTRX "&$AW$12&" = {" -> const ST_ALERT_MTRX st_gp_ALERT_D_SFTPOS_MTRX[2] = { | AV5: ="#define "&AW10&REPT(" ",41-LEN(AW10))&"("&AW13&"U)" -> #define ALERT_D_SFTPOS_B_RJTB_NUM_DST (4U)
B6: ="Table "&$AW$6 -> Table B_RJTB | C6: =ROW()-ROW($C$6) -> 0 | D6: × | E6: × | F6: × | G6: × | H6: × | I6: × | J6: × | K6: × | L6: × | M6: × | N6: × | O6: × | P6: × | Q6: × | R6: × | S6: × | T6: × | U6: × | V6: × | W6: × | X6: × | Y6: × | Z6: × | AA6: × | AB6: × | AC6: × | AD6: × | AE6: × | AF6: × | AG6: × | AH6: 0 | AI6: 0 | AJ6: UNKNOWN | AL6: =IF($AJ6="UNKNOWN"," (U1)ALERT_REQ_UNKNOWN"," (U1)"&"ALERT_REQ_"&$AW$17&"_"&IF($AW$6<>$AW$17,$AW$6&"_","")&AJ6) -> (U1)ALERT_REQ_UNKNOWN | AR6: =IF(AQ71<>"",AQ71,IF(AQ70<>"","};","")) -> (U4)0x00000000U, /* 00 UNKNOWN */ | AS6: =IF(AQ136<>"",AQ136,IF(AQ135<>"","};","")) -> (U4)0x00000003U, /* 00 UNKNOWN */ | AT6: =IF(AJ6<>"",AL6&IF(AJ7<>"",","," ")&REPT(" ",78-LEN(AL6))&"/* "&IF(C6<10,"0"&C6,C6)&" "&AJ6&REPT(" ",48-LEN(AJ6))&"*/",IF(AJ5<>"","};","")) -> (U1)ALERT_REQ_UNKNOWN, /* 00 UNKNOWN */ | AU6: { | AV6: MtxSrch変数名 | AW6: =UPPER(RIGHT(CELL("filename",A1),LEN(CELL("filename",A1))-FIND("]",CELL("filename",A1)))) -> B_RJTB
C7: =ROW()-ROW($C$6) -> 1 | D7: × | E7: × | F7: × | G7: × | H7: × | I7: × | J7: × | K7: × | L7: × | M7: × | N7: × | O7: × | P7: × | Q7: × | R7: × | S7: × | T7: × | U7: × | V7: × | W7: × | X7: × | Y7: × | Z7: × | AA7: × | AB7: × | AC7: × | AD7: × | AE7: × | AF7: × | AG7: × | AH7: 0 | AI7: 1 | AJ7: DBL1 | AL7: =IF($AJ7="UNKNOWN"," (U1)ALERT_REQ_UNKNOWN"," (U1)"&"ALERT_REQ_"&$AW$17&"_"&IF($AW$6<>$AW$17,$AW$6&"_","")&AJ7) -> (U1)ALERT_REQ_D_SFTPOS_B_RJTB_DBL1 | AR7: =IF(AQ72<>"",AQ72,IF(AQ71<>"","};","")) -> (U4)0x00000001U, /* 01 DBL1 */ | AS7: =IF(AQ137<>"",AQ137,IF(AQ136<>"","};","")) -> (U4)0x00000003U, /* 01 DBL1 */ | AT7: =IF(AJ7<>"",AL7&IF(AJ8<>"",","," ")&REPT(" ",78-LEN(AL7))&"/* "&IF(C7<10,"0"&C7,C7)&" "&AJ7&REPT(" ",48-LEN(AJ7))&"*/",IF(AJ6<>"","};","")) -> (U1)ALERT_REQ_D_SFTPOS_B_RJTB_DBL1, /* 01 DBL1 */ | AU7: =" &"&$AW$14&","&REPT(" ",69-LEN($AW$14))&"/* fp_u4_SRC_CHK */" -> &u4_s_AlertD_sftposBRjtbSrcchk, /* fp_u4_SRC_CHK */ | AV7: Use MtxSrch | AW7: =IF(B3="Search Table",1,0) -> 0
C8: =ROW()-ROW($C$6) -> 2 | D8: × | E8: × | F8: × | G8: × | H8: × | I8: × | J8: × | K8: × | L8: × | M8: × | N8: × | O8: × | P8: × | Q8: × | R8: × | S8: × | T8: × | U8: × | V8: × | W8: × | X8: × | Y8: × | Z8: × | AA8: × | AB8: × | AC8: × | AD8: × | AE8: × | AF8: × | AG8: × | AH8: 1 | AI8: 0 | AJ8: UNKNOWN | AL8: =IF($AJ8="UNKNOWN"," (U1)ALERT_REQ_UNKNOWN"," (U1)"&"ALERT_REQ_"&$AW$17&"_"&IF($AW$6<>$AW$17,$AW$6&"_","")&AJ8) -> (U1)ALERT_REQ_UNKNOWN | AR8: =IF(AQ73<>"",AQ73,IF(AQ72<>"","};","")) -> (U4)0x00000002U, /* 02 UNKNOWN */ | AS8: =IF(AQ138<>"",AQ138,IF(AQ137<>"","};","")) -> (U4)0x00000003U, /* 02 UNKNOWN */ | AT8: =IF(AJ8<>"",AL8&IF(AJ9<>"",","," ")&REPT(" ",78-LEN(AL8))&"/* "&IF(C8<10,"0"&C8,C8)&" "&AJ8&REPT(" ",48-LEN(AJ8))&"*/",IF(AJ7<>"","};","")) -> (U1)ALERT_REQ_UNKNOWN, /* 02 UNKNOWN */ | AU8: =IF($AW$15<>"NULL"," &"&$AW$15&","&REPT(" ",69-LEN($AW$15))&"/* fp_vd_XDST */"," vdp_PTR_NA, /* fp_vd_XDST */") -> vdp_PTR_NA, /* fp_vd_XDST */ | AV8: CRIT_NAME | AW8: ="u4_sp_ALERT_"&IF(AW6<>AW17,$AW$17&"_"&$AW$6,AW17)&"_CRIT" -> u4_sp_ALERT_D_SFTPOS_B_RJTB_CRIT
C9: =ROW()-ROW($C$6) -> 3 | D9: × | E9: × | F9: × | G9: × | H9: × | I9: × | J9: × | K9: × | L9: × | M9: × | N9: × | O9: × | P9: × | Q9: × | R9: × | S9: × | T9: × | U9: × | V9: × | W9: × | X9: × | Y9: × | Z9: × | AA9: × | AB9: × | AC9: × | AD9: × | AE9: × | AF9: × | AG9: × | AH9: 1 | AI9: 1 | AJ9: UNKNOWN | AL9: =IF($AJ9="UNKNOWN"," (U1)ALERT_REQ_UNKNOWN"," (U1)"&"ALERT_REQ_"&$AW$17&"_"&IF($AW$6<>$AW$17,$AW$6&"_","")&AJ9) -> (U1)ALERT_REQ_UNKNOWN | AR9: =IF(AQ74<>"",AQ74,IF(AQ73<>"","};","")) -> (U4)0x00000003U /* 03 UNKNOWN */ | AS9: =IF(AQ139<>"",AQ139,IF(AQ138<>"","};","")) -> (U4)0x00000003U /* 03 UNKNOWN */ | AT9: =IF(AJ9<>"",AL9&IF(AJ10<>"",","," ")&REPT(" ",78-LEN(AL9))&"/* "&IF(C9<10,"0"&C9,C9)&" "&AJ9&REPT(" ",48-LEN(AJ9))&"*/",IF(AJ8<>"","};","")) -> (U1)ALERT_REQ_UNKNOWN /* 03 UNKNOWN */ | AV9: MASK_NAME | AW9: ="u4_sp_ALERT_"&IF(AW6<>AW17,$AW$17&"_"&$AW$6,AW17)&"_MASK" -> u4_sp_ALERT_D_SFTPOS_B_RJTB_MASK
C10: =ROW()-ROW($C$6) -> 4 | D10: × | E10: × | F10: × | G10: × | H10: × | I10: × | J10: × | K10: × | L10: × | M10: × | N10: × | O10: × | P10: × | Q10: × | R10: × | S10: × | T10: × | U10: × | V10: × | W10: × | X10: × | Y10: × | Z10: × | AA10: × | AB10: × | AC10: × | AD10: × | AE10: × | AF10: × | AG10: × | AH10: × | AI10: × | AL10: =IF($AJ10="UNKNOWN"," (U1)ALERT_REQ_UNKNOWN"," (U1)"&"ALERT_REQ_"&$AW$17&"_"&IF($AW$6<>$AW$17,$AW$6&"_","")&AJ10) -> (U1)ALERT_REQ_D_SFTPOS_B_RJTB_ | AR10: =IF(AQ75<>"",AQ75,IF(AQ74<>"","};","")) -> }; | AS10: =IF(AQ140<>"",AQ140,IF(AQ139<>"","};","")) -> }; | AT10: =IF(AJ10<>"",AL10&IF(AJ11<>"",","," ")&REPT(" ",78-LEN(AL10))&"/* "&IF(C10<10,"0"&C10,C10)&" "&AJ10&REPT(" ",48-LEN(AJ10))&"*/",IF(AJ9<>"","};","")) -> }; | AU10: =IF($AW$7=1," &"&$AW$9&"[0],"&REPT(" ",66-LEN($AW$9))&"/* u4p_MASK */"," (const U4 *)vdp_PTR_NA, /* u4p_MASK */") -> (const U4 *)vdp_PTR_NA, /* u4p_MASK */ | AV10: MTXSRCH_DEF | AW10: ="ALERT_"&IF(AW6<>AW17,$AW$17&"_"&$AW$6,AW17)&"_NUM_DST" -> ALERT_D_SFTPOS_B_RJTB_NUM_DST
C11: =ROW()-ROW($C$6) -> 5 | D11: × | E11: × | F11: × | G11: × | H11: × | I11: × | J11: × | K11: × | L11: × | M11: × | N11: × | O11: × | P11: × | Q11: × | R11: × | S11: × | T11: × | U11: × | V11: × | W11: × | X11: × | Y11: × | Z11: × | AA11: × | AB11: × | AC11: × | AD11: × | AE11: × | AF11: × | AG11: × | AH11: × | AI11: × | AL11: =IF($AJ11="UNKNOWN"," (U1)ALERT_REQ_UNKNOWN"," (U1)"&"ALERT_REQ_"&$AW$17&"_"&IF($AW$6<>$AW$17,$AW$6&"_","")&AJ11) -> (U1)ALERT_REQ_D_SFTPOS_B_RJTB_ | AR11: =IF(AQ76<>"",AQ76,IF(AQ75<>"","};","")) | AS11: =IF(AQ141<>"",AQ141,IF(AQ140<>"","};","")) | AT11: =IF(AJ11<>"",AL11&IF(AJ12<>"",","," ")&REPT(" ",78-LEN(AL11))&"/* "&IF(C11<10,"0"&C11,C11)&" "&AJ11&REPT(" ",48-LEN(AJ11))&"*/",IF(AJ10<>"","};","")) | AU11: =IF($AW$7=1," &"&$AW$8&"[0],"&REPT(" ",66-LEN($AW$8))&"/* u4p_CRIT */"," (const U4 *)vdp_PTR_NA, /* u4p_CRIT */") -> (const U4 *)vdp_PTR_NA, /* u4p_CRIT */ | AV11: MTXSRCH_OUT_DEF | AW11: ="u1_sp_ALERT_"&IF(AW6<>AW17,$AW$17&"_"&$AW$6,AW17)&"_DST" -> u1_sp_ALERT_D_SFTPOS_B_RJTB_DST
C12: =ROW()-ROW($C$6) -> 6 | D12: × | E12: × | F12: × | G12: × | H12: × | I12: × | J12: × | K12: × | L12: × | M12: × | N12: × | O12: × | P12: × | Q12: × | R12: × | S12: × | T12: × | U12: × | V12: × | W12: × | X12: × | Y12: × | Z12: × | AA12: × | AB12: × | AC12: × | AD12: × | AE12: × | AF12: × | AG12: × | AH12: × | AI12: × | AL12: =IF($AJ12="UNKNOWN"," (U1)ALERT_REQ_UNKNOWN"," (U1)"&"ALERT_REQ_"&$AW$17&"_"&IF($AW$6<>$AW$17,$AW$6&"_","")&AJ12) -> (U1)ALERT_REQ_D_SFTPOS_B_RJTB_ | AR12: =IF(AQ77<>"",AQ77,IF(AQ76<>"","};","")) | AS12: =IF(AQ142<>"",AQ142,IF(AQ141<>"","};","")) | AT12: =IF(AJ12<>"",AL12&IF(AJ13<>"",","," ")&REPT(" ",78-LEN(AL12))&"/* "&IF(C12<10,"0"&C12,C12)&" "&AJ12&REPT(" ",48-LEN(AJ12))&"*/",IF(AJ11<>"","};","")) | AV12: ALERT_MTRX_NAME | AW12: =Matrix!D8&"["&Matrix!D7&"]" -> st_gp_ALERT_D_SFTPOS_MTRX[2]
C13: =ROW()-ROW($C$6) -> 7 | D13: × | E13: × | F13: × | G13: × | H13: × | I13: × | J13: × | K13: × | L13: × | M13: × | N13: × | O13: × | P13: × | Q13: × | R13: × | S13: × | T13: × | U13: × | V13: × | W13: × | X13: × | Y13: × | Z13: × | AA13: × | AB13: × | AC13: × | AD13: × | AE13: × | AF13: × | AG13: × | AH13: × | AI13: × | AL13: =IF($AJ13="UNKNOWN"," (U1)ALERT_REQ_UNKNOWN"," (U1)"&"ALERT_REQ_"&$AW$17&"_"&IF($AW$6<>$AW$17,$AW$6&"_","")&AJ13) -> (U1)ALERT_REQ_D_SFTPOS_B_RJTB_ | AR13: =IF(AQ78<>"",AQ78,IF(AQ77<>"","};","")) | AS13: =IF(AQ143<>"",AQ143,IF(AQ142<>"","};","")) | AT13: =IF(AJ13<>"",AL13&IF(AJ14<>"",","," ")&REPT(" ",78-LEN(AL13))&"/* "&IF(C13<10,"0"&C13,C13)&" "&AJ13&REPT(" ",48-LEN(AJ13))&"*/",IF(AJ12<>"","};","")) | AU13: =" &"&$AW$11&"[0],"&REPT(" ",66-LEN($AW$11))&"/* u1p_DST */" -> &u1_sp_ALERT_D_SFTPOS_B_RJTB_DST[0], /* u1p_DST */ | AV13: SRCH_NUM | AW13: =COUNTA($AJ$6:$AJ$69) -> 4
C14: =ROW()-ROW($C$6) -> 8 | D14: × | E14: × | F14: × | G14: × | H14: × | I14: × | J14: × | K14: × | L14: × | M14: × | N14: × | O14: × | P14: × | Q14: × | R14: × | S14: × | T14: × | U14: × | V14: × | W14: × | X14: × | Y14: × | Z14: × | AA14: × | AB14: × | AC14: × | AD14: × | AE14: × | AF14: × | AG14: × | AH14: × | AI14: × | AL14: =IF($AJ14="UNKNOWN"," (U1)ALERT_REQ_UNKNOWN"," (U1)"&"ALERT_REQ_"&$AW$17&"_"&IF($AW$6<>$AW$17,$AW$6&"_","")&AJ14) -> (U1)ALERT_REQ_D_SFTPOS_B_RJTB_ | AR14: =IF(AQ79<>"",AQ79,IF(AQ78<>"","};","")) | AS14: =IF(AQ144<>"",AQ144,IF(AQ143<>"","};","")) | AT14: =IF(AJ14<>"",AL14&IF(AJ15<>"",","," ")&REPT(" ",78-LEN(AL14))&"/* "&IF(C14<10,"0"&C14,C14)&" "&AJ14&REPT(" ",48-LEN(AJ14))&"*/",IF(AJ13<>"","};","")) | AU14: =" (U2)"&$AW$10&","&REPT(" ",66-LEN($AW$10))&"/* u2_num_srch */" -> (U2)ALERT_D_SFTPOS_B_RJTB_NUM_DST, /* u2_num_srch */ | AV14: SRC CHK | AW14: =IF(AW6<>AW17,VLOOKUP(AW6,Matrix!$C$13:$G$37,4,FALSE),Matrix!F13) -> u4_s_AlertD_sftposBRjtbSrcchk
C15: =ROW()-ROW($C$6) -> 9 | D15: × | E15: × | F15: × | G15: × | H15: × | I15: × | J15: × | K15: × | L15: × | M15: × | N15: × | O15: × | P15: × | Q15: × | R15: × | S15: × | T15: × | U15: × | V15: × | W15: × | X15: × | Y15: × | Z15: × | AA15: × | AB15: × | AC15: × | AD15: × | AE15: × | AF15: × | AG15: × | AH15: × | AI15: × | AL15: =IF($AJ15="UNKNOWN"," (U1)ALERT_REQ_UNKNOWN"," (U1)"&"ALERT_REQ_"&$AW$17&"_"&IF($AW$6<>$AW$17,$AW$6&"_","")&AJ15) -> (U1)ALERT_REQ_D_SFTPOS_B_RJTB_ | AR15: =IF(AQ80<>"",AQ80,IF(AQ79<>"","};","")) | AS15: =IF(AQ145<>"",AQ145,IF(AQ144<>"","};","")) | AT15: =IF(AJ15<>"",AL15&IF(AJ16<>"",","," ")&REPT(" ",78-LEN(AL15))&"/* "&IF(C15<10,"0"&C15,C15)&" "&AJ15&REPT(" ",48-LEN(AJ15))&"*/",IF(AJ14<>"","};","")) | AU15: =" (U1)"&$AW$16&REPT(" ",67-LEN($AW$16))&"/* u1_vom_act */" -> (U1)ALERT_VOM_IGN_ON /* u1_vom_act */ | AV15: RWTX | AW15: =IF(AW6<>AW17,VLOOKUP(AW6,Matrix!$C$13:$G$37,5,FALSE),Matrix!G13) -> NULL
C16: =ROW()-ROW($C$6) -> 10 | D16: × | E16: × | F16: × | G16: × | H16: × | I16: × | J16: × | K16: × | L16: × | M16: × | N16: × | O16: × | P16: × | Q16: × | R16: × | S16: × | T16: × | U16: × | V16: × | W16: × | X16: × | Y16: × | Z16: × | AA16: × | AB16: × | AC16: × | AD16: × | AE16: × | AF16: × | AG16: × | AH16: × | AI16: × | AL16: =IF($AJ16="UNKNOWN"," (U1)ALERT_REQ_UNKNOWN"," (U1)"&"ALERT_REQ_"&$AW$17&"_"&IF($AW$6<>$AW$17,$AW$6&"_","")&AJ16) -> (U1)ALERT_REQ_D_SFTPOS_B_RJTB_ | AR16: =IF(AQ81<>"",AQ81,IF(AQ80<>"","};","")) | AS16: =IF(AQ146<>"",AQ146,IF(AQ145<>"","};","")) | AT16: =IF(AJ16<>"",AL16&IF(AJ17<>"",","," ")&REPT(" ",78-LEN(AL16))&"/* "&IF(C16<10,"0"&C16,C16)&" "&AJ16&REPT(" ",48-LEN(AJ16))&"*/",IF(AJ15<>"","};","")) | AU16: } | AV16: ACT | AW16: =IF(AW6<>AW17,VLOOKUP(AW6,Matrix!$C$13:$G$37,2,FALSE),Matrix!D13) -> ALERT_VOM_IGN_ON
C17: =ROW()-ROW($C$6) -> 11 | D17: × | E17: × | F17: × | G17: × | H17: × | I17: × | J17: × | K17: × | L17: × | M17: × | N17: × | O17: × | P17: × | Q17: × | R17: × | S17: × | T17: × | U17: × | V17: × | W17: × | X17: × | Y17: × | Z17: × | AA17: × | AB17: × | AC17: × | AD17: × | AE17: × | AF17: × | AG17: × | AH17: × | AI17: × | AL17: =IF($AJ17="UNKNOWN"," (U1)ALERT_REQ_UNKNOWN"," (U1)"&"ALERT_REQ_"&$AW$17&"_"&IF($AW$6<>$AW$17,$AW$6&"_","")&AJ17) -> (U1)ALERT_REQ_D_SFTPOS_B_RJTB_ | AR17: =IF(AQ82<>"",AQ82,IF(AQ81<>"","};","")) | AS17: =IF(AQ147<>"",AQ147,IF(AQ146<>"","};","")) | AT17: =IF(AJ17<>"",AL17&IF(AJ18<>"",","," ")&REPT(" ",78-LEN(AL17))&"/* "&IF(C17<10,"0"&C17,C17)&" "&AJ17&REPT(" ",48-LEN(AJ17))&"*/",IF(AJ16<>"","};","")) | AU17: }; | AV17: ALERT_MTRX変数名 | AW17: =UPPER(Matrix!$D$6) -> D_SFTPOS
C18: =ROW()-ROW($C$6) -> 12 | D18: × | E18: × | F18: × | G18: × | H18: × | I18: × | J18: × | K18: × | L18: × | M18: × | N18: × | O18: × | P18: × | Q18: × | R18: × | S18: × | T18: × | U18: × | V18: × | W18: × | X18: × | Y18: × | Z18: × | AA18: × | AB18: × | AC18: × | AD18: × | AE18: × | AF18: × | AG18: × | AH18: × | AI18: × | AL18: =IF($AJ18="UNKNOWN"," (U1)ALERT_REQ_UNKNOWN"," (U1)"&"ALERT_REQ_"&$AW$17&"_"&IF($AW$6<>$AW$17,$AW$6&"_","")&AJ18) -> (U1)ALERT_REQ_D_SFTPOS_B_RJTB_ | AR18: =IF(AQ83<>"",AQ83,IF(AQ82<>"","};","")) | AS18: =IF(AQ148<>"",AQ148,IF(AQ147<>"","};","")) | AT18: =IF(AJ18<>"",AL18&IF(AJ19<>"",","," ")&REPT(" ",78-LEN(AL18))&"/* "&IF(C18<10,"0"&C18,C18)&" "&AJ18&REPT(" ",48-LEN(AJ18))&"*/",IF(AJ17<>"","};",""))
C19: =ROW()-ROW($C$6) -> 13 | D19: × | E19: × | F19: × | G19: × | H19: × | I19: × | J19: × | K19: × | L19: × | M19: × | N19: × | O19: × | P19: × | Q19: × | R19: × | S19: × | T19: × | U19: × | V19: × | W19: × | X19: × | Y19: × | Z19: × | AA19: × | AB19: × | AC19: × | AD19: × | AE19: × | AF19: × | AG19: × | AH19: × | AI19: × | AL19: =IF($AJ19="UNKNOWN"," (U1)ALERT_REQ_UNKNOWN"," (U1)"&"ALERT_REQ_"&$AW$17&"_"&IF($AW$6<>$AW$17,$AW$6&"_","")&AJ19) -> (U1)ALERT_REQ_D_SFTPOS_B_RJTB_ | AR19: =IF(AQ84<>"",AQ84,IF(AQ83<>"","};","")) | AS19: =IF(AQ149<>"",AQ149,IF(AQ148<>"","};","")) | AT19: =IF(AJ19<>"",AL19&IF(AJ20<>"",","," ")&REPT(" ",78-LEN(AL19))&"/* "&IF(C19<10,"0"&C19,C19)&" "&AJ19&REPT(" ",48-LEN(AJ19))&"*/",IF(AJ18<>"","};",""))
C20: =ROW()-ROW($C$6) -> 14 | D20: × | E20: × | F20: × | G20: × | H20: × | I20: × | J20: × | K20: × | L20: × | M20: × | N20: × | O20: × | P20: × | Q20: × | R20: × | S20: × | T20: × | U20: × | V20: × | W20: × | X20: × | Y20: × | Z20: × | AA20: × | AB20: × | AC20: × | AD20: × | AE20: × | AF20: × | AG20: × | AH20: × | AI20: × | AL20: =IF($AJ20="UNKNOWN"," (U1)ALERT_REQ_UNKNOWN"," (U1)"&"ALERT_REQ_"&$AW$17&"_"&IF($AW$6<>$AW$17,$AW$6&"_","")&AJ20) -> (U1)ALERT_REQ_D_SFTPOS_B_RJTB_ | AR20: =IF(AQ85<>"",AQ85,IF(AQ84<>"","};","")) | AS20: =IF(AQ150<>"",AQ150,IF(AQ149<>"","};","")) | AT20: =IF(AJ20<>"",AL20&IF(AJ21<>"",","," ")&REPT(" ",78-LEN(AL20))&"/* "&IF(C20<10,"0"&C20,C20)&" "&AJ20&REPT(" ",48-LEN(AJ20))&"*/",IF(AJ19<>"","};",""))
C21: =ROW()-ROW($C$6) -> 15 | D21: × | E21: × | F21: × | G21: × | H21: × | I21: × | J21: × | K21: × | L21: × | M21: × | N21: × | O21: × | P21: × | Q21: × | R21: × | S21: × | T21: × | U21: × | V21: × | W21: × | X21: × | Y21: × | Z21: × | AA21: × | AB21: × | AC21: × | AD21: × | AE21: × | AF21: × | AG21: × | AH21: × | AI21: × | AL21: =IF($AJ21="UNKNOWN"," (U1)ALERT_REQ_UNKNOWN"," (U1)"&"ALERT_REQ_"&$AW$17&"_"&IF($AW$6<>$AW$17,$AW$6&"_","")&AJ21) -> (U1)ALERT_REQ_D_SFTPOS_B_RJTB_ | AR21: =IF(AQ86<>"",AQ86,IF(AQ85<>"","};","")) | AS21: =IF(AQ151<>"",AQ151,IF(AQ150<>"","};","")) | AT21: =IF(AJ21<>"",AL21&IF(AJ22<>"",","," ")&REPT(" ",78-LEN(AL21))&"/* "&IF(C21<10,"0"&C21,C21)&" "&AJ21&REPT(" ",48-LEN(AJ21))&"*/",IF(AJ20<>"","};",""))
C22: =ROW()-ROW($C$6) -> 16 | D22: × | E22: × | F22: × | G22: × | H22: × | I22: × | J22: × | K22: × | L22: × | M22: × | N22: × | O22: × | P22: × | Q22: × | R22: × | S22: × | T22: × | U22: × | V22: × | W22: × | X22: × | Y22: × | Z22: × | AA22: × | AB22: × | AC22: × | AD22: × | AE22: × | AF22: × | AG22: × | AH22: × | AI22: × | AL22: =IF($AJ22="UNKNOWN"," (U1)ALERT_REQ_UNKNOWN"," (U1)"&"ALERT_REQ_"&$AW$17&"_"&IF($AW$6<>$AW$17,$AW$6&"_","")&AJ22) -> (U1)ALERT_REQ_D_SFTPOS_B_RJTB_ | AR22: =IF(AQ87<>"",AQ87,IF(AQ86<>"","};","")) | AS22: =IF(AQ152<>"",AQ152,IF(AQ151<>"","};","")) | AT22: =IF(AJ22<>"",AL22&IF(AJ23<>"",","," ")&REPT(" ",78-LEN(AL22))&"/* "&IF(C22<10,"0"&C22,C22)&" "&AJ22&REPT(" ",48-LEN(AJ22))&"*/",IF(AJ21<>"","};",""))
C23: =ROW()-ROW($C$6) -> 17 | D23: × | E23: × | F23: × | G23: × | H23: × | I23: × | J23: × | K23: × | L23: × | M23: × | N23: × | O23: × | P23: × | Q23: × | R23: × | S23: × | T23: × | U23: × | V23: × | W23: × | X23: × | Y23: × | Z23: × | AA23: × | AB23: × | AC23: × | AD23: × | AE23: × | AF23: × | AG23: × | AH23: × | AI23: × | AL23: =IF($AJ23="UNKNOWN"," (U1)ALERT_REQ_UNKNOWN"," (U1)"&"ALERT_REQ_"&$AW$17&"_"&IF($AW$6<>$AW$17,$AW$6&"_","")&AJ23) -> (U1)ALERT_REQ_D_SFTPOS_B_RJTB_ | AR23: =IF(AQ88<>"",AQ88,IF(AQ87<>"","};","")) | AS23: =IF(AQ153<>"",AQ153,IF(AQ152<>"","};","")) | AT23: =IF(AJ23<>"",AL23&IF(AJ24<>"",","," ")&REPT(" ",78-LEN(AL23))&"/* "&IF(C23<10,"0"&C23,C23)&" "&AJ23&REPT(" ",48-LEN(AJ23))&"*/",IF(AJ22<>"","};",""))
C24: =ROW()-ROW($C$6) -> 18 | D24: × | E24: × | F24: × | G24: × | H24: × | I24: × | J24: × | K24: × | L24: × | M24: × | N24: × | O24: × | P24: × | Q24: × | R24: × | S24: × | T24: × | U24: × | V24: × | W24: × | X24: × | Y24: × | Z24: × | AA24: × | AB24: × | AC24: × | AD24: × | AE24: × | AF24: × | AG24: × | AH24: × | AI24: × | AL24: =IF($AJ24="UNKNOWN"," (U1)ALERT_REQ_UNKNOWN"," (U1)"&"ALERT_REQ_"&$AW$17&"_"&IF($AW$6<>$AW$17,$AW$6&"_","")&AJ24) -> (U1)ALERT_REQ_D_SFTPOS_B_RJTB_ | AR24: =IF(AQ89<>"",AQ89,IF(AQ88<>"","};","")) | AS24: =IF(AQ154<>"",AQ154,IF(AQ153<>"","};","")) | AT24: =IF(AJ24<>"",AL24&IF(AJ25<>"",","," ")&REPT(" ",78-LEN(AL24))&"/* "&IF(C24<10,"0"&C24,C24)&" "&AJ24&REPT(" ",48-LEN(AJ24))&"*/",IF(AJ23<>"","};",""))
C25: =ROW()-ROW($C$6) -> 19 | D25: × | E25: × | F25: × | G25: × | H25: × | I25: × | J25: × | K25: × | L25: × | M25: × | N25: × | O25: × | P25: × | Q25: × | R25: × | S25: × | T25: × | U25: × | V25: × | W25: × | X25: × | Y25: × | Z25: × | AA25: × | AB25: × | AC25: × | AD25: × | AE25: × | AF25: × | AG25: × | AH25: × | AI25: × | AL25: =IF($AJ25="UNKNOWN"," (U1)ALERT_REQ_UNKNOWN"," (U1)"&"ALERT_REQ_"&$AW$17&"_"&IF($AW$6<>$AW$17,$AW$6&"_","")&AJ25) -> (U1)ALERT_REQ_D_SFTPOS_B_RJTB_ | AR25: =IF(AQ90<>"",AQ90,IF(AQ89<>"","};","")) | AS25: =IF(AQ155<>"",AQ155,IF(AQ154<>"","};","")) | AT25: =IF(AJ25<>"",AL25&IF(AJ26<>"",","," ")&REPT(" ",78-LEN(AL25))&"/* "&IF(C25<10,"0"&C25,C25)&" "&AJ25&REPT(" ",48-LEN(AJ25))&"*/",IF(AJ24<>"","};",""))
C26: =ROW()-ROW($C$6) -> 20 | D26: × | E26: × | F26: × | G26: × | H26: × | I26: × | J26: × | K26: × | L26: × | M26: × | N26: × | O26: × | P26: × | Q26: × | R26: × | S26: × | T26: × | U26: × | V26: × | W26: × | X26: × | Y26: × | Z26: × | AA26: × | AB26: × | AC26: × | AD26: × | AE26: × | AF26: × | AG26: × | AH26: × | AI26: × | AL26: =IF($AJ26="UNKNOWN"," (U1)ALERT_REQ_UNKNOWN"," (U1)"&"ALERT_REQ_"&$AW$17&"_"&IF($AW$6<>$AW$17,$AW$6&"_","")&AJ26) -> (U1)ALERT_REQ_D_SFTPOS_B_RJTB_ | AR26: =IF(AQ91<>"",AQ91,IF(AQ90<>"","};","")) | AS26: =IF(AQ156<>"",AQ156,IF(AQ155<>"","};","")) | AT26: =IF(AJ26<>"",AL26&IF(AJ27<>"",","," ")&REPT(" ",78-LEN(AL26))&"/* "&IF(C26<10,"0"&C26,C26)&" "&AJ26&REPT(" ",48-LEN(AJ26))&"*/",IF(AJ25<>"","};",""))
C27: =ROW()-ROW($C$6) -> 21 | D27: × | E27: × | F27: × | G27: × | H27: × | I27: × | J27: × | K27: × | L27: × | M27: × | N27: × | O27: × | P27: × | Q27: × | R27: × | S27: × | T27: × | U27: × | V27: × | W27: × | X27: × | Y27: × | Z27: × | AA27: × | AB27: × | AC27: × | AD27: × | AE27: × | AF27: × | AG27: × | AH27: × | AI27: × | AL27: =IF($AJ27="UNKNOWN"," (U1)ALERT_REQ_UNKNOWN"," (U1)"&"ALERT_REQ_"&$AW$17&"_"&IF($AW$6<>$AW$17,$AW$6&"_","")&AJ27) -> (U1)ALERT_REQ_D_SFTPOS_B_RJTB_ | AR27: =IF(AQ92<>"",AQ92,IF(AQ91<>"","};","")) | AS27: =IF(AQ157<>"",AQ157,IF(AQ156<>"","};","")) | AT27: =IF(AJ27<>"",AL27&IF(AJ28<>"",","," ")&REPT(" ",78-LEN(AL27))&"/* "&IF(C27<10,"0"&C27,C27)&" "&AJ27&REPT(" ",48-LEN(AJ27))&"*/",IF(AJ26<>"","};",""))
C28: =ROW()-ROW($C$6) -> 22 | D28: × | E28: × | F28: × | G28: × | H28: × | I28: × | J28: × | K28: × | L28: × | M28: × | N28: × | O28: × | P28: × | Q28: × | R28: × | S28: × | T28: × | U28: × | V28: × | W28: × | X28: × | Y28: × | Z28: × | AA28: × | AB28: × | AC28: × | AD28: × | AE28: × | AF28: × | AG28: × | AH28: × | AI28: × | AL28: =IF($AJ28="UNKNOWN"," (U1)ALERT_REQ_UNKNOWN"," (U1)"&"ALERT_REQ_"&$AW$17&"_"&IF($AW$6<>$AW$17,$AW$6&"_","")&AJ28) -> (U1)ALERT_REQ_D_SFTPOS_B_RJTB_ | AR28: =IF(AQ93<>"",AQ93,IF(AQ92<>"","};","")) | AS28: =IF(AQ158<>"",AQ158,IF(AQ157<>"","};","")) | AT28: =IF(AJ28<>"",AL28&IF(AJ29<>"",","," ")&REPT(" ",78-LEN(AL28))&"/* "&IF(C28<10,"0"&C28,C28)&" "&AJ28&REPT(" ",48-LEN(AJ28))&"*/",IF(AJ27<>"","};",""))
C29: =ROW()-ROW($C$6) -> 23 | D29: × | E29: × | F29: × | G29: × | H29: × | I29: × | J29: × | K29: × | L29: × | M29: × | N29: × | O29: × | P29: × | Q29: × | R29: × | S29: × | T29: × | U29: × | V29: × | W29: × | X29: × | Y29: × | Z29: × | AA29: × | AB29: × | AC29: × | AD29: × | AE29: × | AF29: × | AG29: × | AH29: × | AI29: × | AL29: =IF($AJ29="UNKNOWN"," (U1)ALERT_REQ_UNKNOWN"," (U1)"&"ALERT_REQ_"&$AW$17&"_"&IF($AW$6<>$AW$17,$AW$6&"_","")&AJ29) -> (U1)ALERT_REQ_D_SFTPOS_B_RJTB_ | AR29: =IF(AQ94<>"",AQ94,IF(AQ93<>"","};","")) | AS29: =IF(AQ159<>"",AQ159,IF(AQ158<>"","};","")) | AT29: =IF(AJ29<>"",AL29&IF(AJ30<>"",","," ")&REPT(" ",78-LEN(AL29))&"/* "&IF(C29<10,"0"&C29,C29)&" "&AJ29&REPT(" ",48-LEN(AJ29))&"*/",IF(AJ28<>"","};",""))
... C69: =ROW()-ROW($C$6) -> 63 | D69: × | E69: × | F69: × | G69: × | H69: × | I69: × | J69: × | K69: × | L69: × | M69: × | N69: × | O69: × | P69: × | Q69: × | R69: × | S69: × | T69: × | U69: × | V69: × | W69: × | X69: × | Y69: × | Z69: × | AA69: × | AB69: × | AC69: × | AD69: × | AE69: × | AF69: × | AG69: × | AH69: × | AI69: × | AL69: =IF($AJ69="UNKNOWN"," (U1)ALERT_REQ_UNKNOWN"," (U1)"&"ALERT_REQ_"&$AW$17&"_"&IF($AW$6<>$AW$17,$AW$6&"_","")&AJ69) -> (U1)ALERT_REQ_D_SFTPOS_B_RJTB_ | AR69: =IF(AQ134<>"",AQ134,IF(AQ133<>"","};","")) | AS69: =IF(AQ199<>"",AQ199,IF(AQ198<>"","};","")) | AT69: =IF(AJ69<>"",AL69&IF(AJ70<>"",","," ")&REPT(" ",78-LEN(AL69))&"/* "&IF(C69<10,"0"&C69,C69)&" "&AJ69&REPT(" ",48-LEN(AJ69))&"*/",IF(AJ68<>"","};",""))
A70: Criteria | AR70: =IF(AQ135<>"",AQ135,IF(AQ134<>"","};","")) | AS70: =IF(AQ200<>"",AQ200,IF(AQ199<>"","};","")) | AT70: =IF(AJ70<>"",AL70&IF(AJ71<>"",","," ")&REPT(" ",78-LEN(AL70))&"/* "&IF(C70<10,"0"&C70,C70)&" "&AJ70&REPT(" ",48-LEN(AJ70))&"*/",IF(AJ69<>"","};",""))
B71: =IF(B6<>"",B6,"") -> Table B_RJTB | C71: =IF(C6<>"",C6,"") -> 0 | D71: =IF(D6=1,1,0) -> 0 | E71: =IF(E6=1,1,0) -> 0 | F71: =IF(F6=1,1,0) -> 0 | G71: =IF(G6=1,1,0) -> 0 | H71: =IF(H6=1,1,0) -> 0 | I71: =IF(I6=1,1,0) -> 0 | J71: =IF(J6=1,1,0) -> 0 | K71: =IF(K6=1,1,0) -> 0 | ... AI71: =IF(AI6=1,1,0) -> 0 | AJ71: =IF(AJ6<>"",AJ6,"") -> UNKNOWN | AL71: =BIN2HEX(AB71&AC71&AD71&AE71&AF71&AG71&AH71&AI71,2) -> 00 | AM71: =BIN2HEX(T71&U71&V71&W71&X71&Y71&Z71&AA71,2) -> 00 | AN71: =BIN2HEX(L71&M71&N71&O71&P71&Q71&R71&S71,2) -> 00 | AO71: =BIN2HEX(D71&E71&F71&G71&H71&I71&J71&K71,2) -> 00 | AQ71: =IF(AJ71="",""," (U4)0x"&AO71&AN71&AM71&AL71&"U"&IF(AJ72=""," ",",")&REPT(" ",59)&"/* "&IF(C71<10,"0"&C71,C71)&" "&AJ71&REPT(" ",47-LEN(AJ71))&" */") -> (U4)0x00000000U, /* 00 UNKNOWN */
C72: =IF(C7<>"",C7,"") -> 1 | D72: =IF(D7=1,1,0) -> 0 | E72: =IF(E7=1,1,0) -> 0 | F72: =IF(F7=1,1,0) -> 0 | G72: =IF(G7=1,1,0) -> 0 | H72: =IF(H7=1,1,0) -> 0 | I72: =IF(I7=1,1,0) -> 0 | J72: =IF(J7=1,1,0) -> 0 | K72: =IF(K7=1,1,0) -> 0 | ... AI72: =IF(AI7=1,1,0) -> 1 | AJ72: =IF(AJ7<>"",AJ7,"") -> DBL1 | AL72: =BIN2HEX(AB72&AC72&AD72&AE72&AF72&AG72&AH72&AI72,2) -> 01 | AM72: =BIN2HEX(T72&U72&V72&W72&X72&Y72&Z72&AA72,2) -> 00 | AN72: =BIN2HEX(L72&M72&N72&O72&P72&Q72&R72&S72,2) -> 00 | AO72: =BIN2HEX(D72&E72&F72&G72&H72&I72&J72&K72,2) -> 00 | AQ72: =IF(AJ72="",""," (U4)0x"&AO72&AN72&AM72&AL72&"U"&IF(AJ73=""," ",",")&REPT(" ",59)&"/* "&IF(C72<10,"0"&C72,C72)&" "&AJ72&REPT(" ",47-LEN(AJ72))&" */") -> (U4)0x00000001U, /* 01 DBL1 */
C73: =IF(C8<>"",C8,"") -> 2 | D73: =IF(D8=1,1,0) -> 0 | E73: =IF(E8=1,1,0) -> 0 | F73: =IF(F8=1,1,0) -> 0 | G73: =IF(G8=1,1,0) -> 0 | H73: =IF(H8=1,1,0) -> 0 | I73: =IF(I8=1,1,0) -> 0 | J73: =IF(J8=1,1,0) -> 0 | K73: =IF(K8=1,1,0) -> 0 | ... AI73: =IF(AI8=1,1,0) -> 0 | AJ73: =IF(AJ8<>"",AJ8,"") -> UNKNOWN | AL73: =BIN2HEX(AB73&AC73&AD73&AE73&AF73&AG73&AH73&AI73,2) -> 02 | AM73: =BIN2HEX(T73&U73&V73&W73&X73&Y73&Z73&AA73,2) -> 00 | AN73: =BIN2HEX(L73&M73&N73&O73&P73&Q73&R73&S73,2) -> 00 | AO73: =BIN2HEX(D73&E73&F73&G73&H73&I73&J73&K73,2) -> 00 | AQ73: =IF(AJ73="",""," (U4)0x"&AO73&AN73&AM73&AL73&"U"&IF(AJ74=""," ",",")&REPT(" ",59)&"/* "&IF(C73<10,"0"&C73,C73)&" "&AJ73&REPT(" ",47-LEN(AJ73))&" */") -> (U4)0x00000002U, /* 02 UNKNOWN */
C74: =IF(C9<>"",C9,"") -> 3 | D74: =IF(D9=1,1,0) -> 0 | E74: =IF(E9=1,1,0) -> 0 | F74: =IF(F9=1,1,0) -> 0 | G74: =IF(G9=1,1,0) -> 0 | H74: =IF(H9=1,1,0) -> 0 | I74: =IF(I9=1,1,0) -> 0 | J74: =IF(J9=1,1,0) -> 0 | K74: =IF(K9=1,1,0) -> 0 | ... AI74: =IF(AI9=1,1,0) -> 1 | AJ74: =IF(AJ9<>"",AJ9,"") -> UNKNOWN | AL74: =BIN2HEX(AB74&AC74&AD74&AE74&AF74&AG74&AH74&AI74,2) -> 03 | AM74: =BIN2HEX(T74&U74&V74&W74&X74&Y74&Z74&AA74,2) -> 00 | AN74: =BIN2HEX(L74&M74&N74&O74&P74&Q74&R74&S74,2) -> 00 | AO74: =BIN2HEX(D74&E74&F74&G74&H74&I74&J74&K74,2) -> 00 | AQ74: =IF(AJ74="",""," (U4)0x"&AO74&AN74&AM74&AL74&"U"&IF(AJ75=""," ",",")&REPT(" ",59)&"/* "&IF(C74<10,"0"&C74,C74)&" "&AJ74&REPT(" ",47-LEN(AJ74))&" */") -> (U4)0x00000003U /* 03 UNKNOWN */
C75: =IF(C10<>"",C10,"") -> 4 | D75: =IF(D10=1,1,0) -> 0 | E75: =IF(E10=1,1,0) -> 0 | F75: =IF(F10=1,1,0) -> 0 | G75: =IF(G10=1,1,0) -> 0 | H75: =IF(H10=1,1,0) -> 0 | I75: =IF(I10=1,1,0) -> 0 | J75: =IF(J10=1,1,0) -> 0 | K75: =IF(K10=1,1,0) -> 0 | ... AI75: =IF(AI10=1,1,0) -> 0 | AJ75: =IF(AJ10<>"",AJ10,"") | AL75: =BIN2HEX(AB75&AC75&AD75&AE75&AF75&AG75&AH75&AI75,2) -> 00 | AM75: =BIN2HEX(T75&U75&V75&W75&X75&Y75&Z75&AA75,2) -> 00 | AN75: =BIN2HEX(L75&M75&N75&O75&P75&Q75&R75&S75,2) -> 00 | AO75: =BIN2HEX(D75&E75&F75&G75&H75&I75&J75&K75,2) -> 00 | AQ75: =IF(AJ75="",""," (U4)0x"&AO75&AN75&AM75&AL75&"U"&IF(AJ76=""," ",",")&REPT(" ",59)&"/* "&IF(C75<10,"0"&C75,C75)&" "&AJ75&REPT(" ",47-LEN(AJ75))&" */")
C76: =IF(C11<>"",C11,"") -> 5 | D76: =IF(D11=1,1,0) -> 0 | E76: =IF(E11=1,1,0) -> 0 | F76: =IF(F11=1,1,0) -> 0 | G76: =IF(G11=1,1,0) -> 0 | H76: =IF(H11=1,1,0) -> 0 | I76: =IF(I11=1,1,0) -> 0 | J76: =IF(J11=1,1,0) -> 0 | K76: =IF(K11=1,1,0) -> 0 | ... AI76: =IF(AI11=1,1,0) -> 0 | AJ76: =IF(AJ11<>"",AJ11,"") | AL76: =BIN2HEX(AB76&AC76&AD76&AE76&AF76&AG76&AH76&AI76,2) -> 00 | AM76: =BIN2HEX(T76&U76&V76&W76&X76&Y76&Z76&AA76,2) -> 00 | AN76: =BIN2HEX(L76&M76&N76&O76&P76&Q76&R76&S76,2) -> 00 | AO76: =BIN2HEX(D76&E76&F76&G76&H76&I76&J76&K76,2) -> 00 | AQ76: =IF(AJ76="",""," (U4)0x"&AO76&AN76&AM76&AL76&"U"&IF(AJ77=""," ",",")&REPT(" ",59)&"/* "&IF(C76<10,"0"&C76,C76)&" "&AJ76&REPT(" ",47-LEN(AJ76))&" */")
C77: =IF(C12<>"",C12,"") -> 6 | D77: =IF(D12=1,1,0) -> 0 | E77: =IF(E12=1,1,0) -> 0 | F77: =IF(F12=1,1,0) -> 0 | G77: =IF(G12=1,1,0) -> 0 | H77: =IF(H12=1,1,0) -> 0 | I77: =IF(I12=1,1,0) -> 0 | J77: =IF(J12=1,1,0) -> 0 | K77: =IF(K12=1,1,0) -> 0 | ... AI77: =IF(AI12=1,1,0) -> 0 | AJ77: =IF(AJ12<>"",AJ12,"") | AL77: =BIN2HEX(AB77&AC77&AD77&AE77&AF77&AG77&AH77&AI77,2) -> 00 | AM77: =BIN2HEX(T77&U77&V77&W77&X77&Y77&Z77&AA77,2) -> 00 | AN77: =BIN2HEX(L77&M77&N77&O77&P77&Q77&R77&S77,2) -> 00 | AO77: =BIN2HEX(D77&E77&F77&G77&H77&I77&J77&K77,2) -> 00 | AQ77: =IF(AJ77="",""," (U4)0x"&AO77&AN77&AM77&AL77&"U"&IF(AJ78=""," ",",")&REPT(" ",59)&"/* "&IF(C77<10,"0"&C77,C77)&" "&AJ77&REPT(" ",47-LEN(AJ77))&" */")
C78: =IF(C13<>"",C13,"") -> 7 | D78: =IF(D13=1,1,0) -> 0 | E78: =IF(E13=1,1,0) -> 0 | F78: =IF(F13=1,1,0) -> 0 | G78: =IF(G13=1,1,0) -> 0 | H78: =IF(H13=1,1,0) -> 0 | I78: =IF(I13=1,1,0) -> 0 | J78: =IF(J13=1,1,0) -> 0 | K78: =IF(K13=1,1,0) -> 0 | ... AI78: =IF(AI13=1,1,0) -> 0 | AJ78: =IF(AJ13<>"",AJ13,"") | AL78: =BIN2HEX(AB78&AC78&AD78&AE78&AF78&AG78&AH78&AI78,2) -> 00 | AM78: =BIN2HEX(T78&U78&V78&W78&X78&Y78&Z78&AA78,2) -> 00 | AN78: =BIN2HEX(L78&M78&N78&O78&P78&Q78&R78&S78,2) -> 00 | AO78: =BIN2HEX(D78&E78&F78&G78&H78&I78&J78&K78,2) -> 00 | AQ78: =IF(AJ78="",""," (U4)0x"&AO78&AN78&AM78&AL78&"U"&IF(AJ79=""," ",",")&REPT(" ",59)&"/* "&IF(C78<10,"0"&C78,C78)&" "&AJ78&REPT(" ",47-LEN(AJ78))&" */")
C79: =IF(C14<>"",C14,"") -> 8 | D79: =IF(D14=1,1,0) -> 0 | E79: =IF(E14=1,1,0) -> 0 | F79: =IF(F14=1,1,0) -> 0 | G79: =IF(G14=1,1,0) -> 0 | H79: =IF(H14=1,1,0) -> 0 | I79: =IF(I14=1,1,0) -> 0 | J79: =IF(J14=1,1,0) -> 0 | K79: =IF(K14=1,1,0) -> 0 | ... AI79: =IF(AI14=1,1,0) -> 0 | AJ79: =IF(AJ14<>"",AJ14,"") | AL79: =BIN2HEX(AB79&AC79&AD79&AE79&AF79&AG79&AH79&AI79,2) -> 00 | AM79: =BIN2HEX(T79&U79&V79&W79&X79&Y79&Z79&AA79,2) -> 00 | AN79: =BIN2HEX(L79&M79&N79&O79&P79&Q79&R79&S79,2) -> 00 | AO79: =BIN2HEX(D79&E79&F79&G79&H79&I79&J79&K79,2) -> 00 | AQ79: =IF(AJ79="",""," (U4)0x"&AO79&AN79&AM79&AL79&"U"&IF(AJ80=""," ",",")&REPT(" ",59)&"/* "&IF(C79<10,"0"&C79,C79)&" "&AJ79&REPT(" ",47-LEN(AJ79))&" */")
C80: =IF(C15<>"",C15,"") -> 9 | D80: =IF(D15=1,1,0) -> 0 | E80: =IF(E15=1,1,0) -> 0 | F80: =IF(F15=1,1,0) -> 0 | G80: =IF(G15=1,1,0) -> 0 | H80: =IF(H15=1,1,0) -> 0 | I80: =IF(I15=1,1,0) -> 0 | J80: =IF(J15=1,1,0) -> 0 | K80: =IF(K15=1,1,0) -> 0 | ... AI80: =IF(AI15=1,1,0) -> 0 | AJ80: =IF(AJ15<>"",AJ15,"") | AL80: =BIN2HEX(AB80&AC80&AD80&AE80&AF80&AG80&AH80&AI80,2) -> 00 | AM80: =BIN2HEX(T80&U80&V80&W80&X80&Y80&Z80&AA80,2) -> 00 | AN80: =BIN2HEX(L80&M80&N80&O80&P80&Q80&R80&S80,2) -> 00 | AO80: =BIN2HEX(D80&E80&F80&G80&H80&I80&J80&K80,2) -> 00 | AQ80: =IF(AJ80="",""," (U4)0x"&AO80&AN80&AM80&AL80&"U"&IF(AJ81=""," ",",")&REPT(" ",59)&"/* "&IF(C80<10,"0"&C80,C80)&" "&AJ80&REPT(" ",47-LEN(AJ80))&" */")
C81: =IF(C16<>"",C16,"") -> 10 | D81: =IF(D16=1,1,0) -> 0 | E81: =IF(E16=1,1,0) -> 0 | F81: =IF(F16=1,1,0) -> 0 | G81: =IF(G16=1,1,0) -> 0 | H81: =IF(H16=1,1,0) -> 0 | I81: =IF(I16=1,1,0) -> 0 | J81: =IF(J16=1,1,0) -> 0 | K81: =IF(K16=1,1,0) -> 0 | ... AI81: =IF(AI16=1,1,0) -> 0 | AJ81: =IF(AJ16<>"",AJ16,"") | AL81: =BIN2HEX(AB81&AC81&AD81&AE81&AF81&AG81&AH81&AI81,2) -> 00 | AM81: =BIN2HEX(T81&U81&V81&W81&X81&Y81&Z81&AA81,2) -> 00 | AN81: =BIN2HEX(L81&M81&N81&O81&P81&Q81&R81&S81,2) -> 00 | AO81: =BIN2HEX(D81&E81&F81&G81&H81&I81&J81&K81,2) -> 00 | AQ81: =IF(AJ81="",""," (U4)0x"&AO81&AN81&AM81&AL81&"U"&IF(AJ82=""," ",",")&REPT(" ",59)&"/* "&IF(C81<10,"0"&C81,C81)&" "&AJ81&REPT(" ",47-LEN(AJ81))&" */")
C82: =IF(C17<>"",C17,"") -> 11 | D82: =IF(D17=1,1,0) -> 0 | E82: =IF(E17=1,1,0) -> 0 | F82: =IF(F17=1,1,0) -> 0 | G82: =IF(G17=1,1,0) -> 0 | H82: =IF(H17=1,1,0) -> 0 | I82: =IF(I17=1,1,0) -> 0 | J82: =IF(J17=1,1,0) -> 0 | K82: =IF(K17=1,1,0) -> 0 | ... AI82: =IF(AI17=1,1,0) -> 0 | AJ82: =IF(AJ17<>"",AJ17,"") | AL82: =BIN2HEX(AB82&AC82&AD82&AE82&AF82&AG82&AH82&AI82,2) -> 00 | AM82: =BIN2HEX(T82&U82&V82&W82&X82&Y82&Z82&AA82,2) -> 00 | AN82: =BIN2HEX(L82&M82&N82&O82&P82&Q82&R82&S82,2) -> 00 | AO82: =BIN2HEX(D82&E82&F82&G82&H82&I82&J82&K82,2) -> 00 | AQ82: =IF(AJ82="",""," (U4)0x"&AO82&AN82&AM82&AL82&"U"&IF(AJ83=""," ",",")&REPT(" ",59)&"/* "&IF(C82<10,"0"&C82,C82)&" "&AJ82&REPT(" ",47-LEN(AJ82))&" */")
C83: =IF(C18<>"",C18,"") -> 12 | D83: =IF(D18=1,1,0) -> 0 | E83: =IF(E18=1,1,0) -> 0 | F83: =IF(F18=1,1,0) -> 0 | G83: =IF(G18=1,1,0) -> 0 | H83: =IF(H18=1,1,0) -> 0 | I83: =IF(I18=1,1,0) -> 0 | J83: =IF(J18=1,1,0) -> 0 | K83: =IF(K18=1,1,0) -> 0 | ... AI83: =IF(AI18=1,1,0) -> 0 | AJ83: =IF(AJ18<>"",AJ18,"") | AL83: =BIN2HEX(AB83&AC83&AD83&AE83&AF83&AG83&AH83&AI83,2) -> 00 | AM83: =BIN2HEX(T83&U83&V83&W83&X83&Y83&Z83&AA83,2) -> 00 | AN83: =BIN2HEX(L83&M83&N83&O83&P83&Q83&R83&S83,2) -> 00 | AO83: =BIN2HEX(D83&E83&F83&G83&H83&I83&J83&K83,2) -> 00 | AQ83: =IF(AJ83="",""," (U4)0x"&AO83&AN83&AM83&AL83&"U"&IF(AJ84=""," ",",")&REPT(" ",59)&"/* "&IF(C83<10,"0"&C83,C83)&" "&AJ83&REPT(" ",47-LEN(AJ83))&" */")
... C134: =IF(C69<>"",C69,"") -> 63 | D134: =IF(D69=1,1,0) -> 0 | E134: =IF(E69=1,1,0) -> 0 | F134: =IF(F69=1,1,0) -> 0 | G134: =IF(G69=1,1,0) -> 0 | H134: =IF(H69=1,1,0) -> 0 | I134: =IF(I69=1,1,0) -> 0 | J134: =IF(J69=1,1,0) -> 0 | K134: =IF(K69=1,1,0) -> 0 | ... AI134: =IF(AI69=1,1,0) -> 0 | AJ134: =IF(AJ69<>"",AJ69,"") | AL134: =BIN2HEX(AB134&AC134&AD134&AE134&AF134&AG134&AH134&AI134,2) -> 00 | AM134: =BIN2HEX(T134&U134&V134&W134&X134&Y134&Z134&AA134,2) -> 00 | AN134: =BIN2HEX(L134&M134&N134&O134&P134&Q134&R134&S134,2) -> 00 | AO134: =BIN2HEX(D134&E134&F134&G134&H134&I134&J134&K134,2) -> 00 | AQ134: =IF(AJ134="",""," (U4)0x"&AO134&AN134&AM134&AL134&"U"&IF(AJ135=""," ",",")&REPT(" ",59)&"/* "&IF(C134<10,"0"&C134,C134)&" "&AJ134&REPT(" ",47-LEN(AJ134))&" */")
A135: Mask
B136: =IF(B6<>"",B6,"") -> Table B_RJTB | C136: =IF(C6<>"",C6,"") -> 0 | D136: =IF(OR(D6=0,D6=1),1,0) -> 0 | E136: =IF(OR(E6=0,E6=1),1,0) -> 0 | F136: =IF(OR(F6=0,F6=1),1,0) -> 0 | G136: =IF(OR(G6=0,G6=1),1,0) -> 0 | H136: =IF(OR(H6=0,H6=1),1,0) -> 0 | I136: =IF(OR(I6=0,I6=1),1,0) -> 0 | J136: =IF(OR(J6=0,J6=1),1,0) -> 0 | K136: =IF(OR(K6=0,K6=1),1,0) -> 0 | ... AI136: =IF(OR(AI6=0,AI6=1),1,0) -> 1 | AJ136: =IF(AJ6<>"",AJ6,"") -> UNKNOWN | AL136: =BIN2HEX(AB136&AC136&AD136&AE136&AF136&AG136&AH136&AI136,2) -> 03 | AM136: =BIN2HEX(T136&U136&V136&W136&X136&Y136&Z136&AA136,2) -> 00 | AN136: =BIN2HEX(L136&M136&N136&O136&P136&Q136&R136&S136,2) -> 00 | AO136: =BIN2HEX(D136&E136&F136&G136&H136&I136&J136&K136,2) -> 00 | AQ136: =IF(AJ136="",""," (U4)0x"&AO136&AN136&AM136&AL136&"U"&IF(AJ137=""," ",",")&REPT(" ",59)&"/* "&IF(C136<10,"0"&C136,C136)&" "&AJ136&REPT(" ",47-LEN(AJ136))&" */") -> (U4)0x00000003U, /* 00 UNKNOWN */
C137: =IF(C7<>"",C7,"") -> 1 | D137: =IF(OR(D7=0,D7=1),1,0) -> 0 | E137: =IF(OR(E7=0,E7=1),1,0) -> 0 | F137: =IF(OR(F7=0,F7=1),1,0) -> 0 | G137: =IF(OR(G7=0,G7=1),1,0) -> 0 | H137: =IF(OR(H7=0,H7=1),1,0) -> 0 | I137: =IF(OR(I7=0,I7=1),1,0) -> 0 | J137: =IF(OR(J7=0,J7=1),1,0) -> 0 | K137: =IF(OR(K7=0,K7=1),1,0) -> 0 | ... AI137: =IF(OR(AI7=0,AI7=1),1,0) -> 1 | AJ137: =IF(AJ7<>"",AJ7,"") -> DBL1 | AL137: =BIN2HEX(AB137&AC137&AD137&AE137&AF137&AG137&AH137&AI137,2) -> 03 | AM137: =BIN2HEX(T137&U137&V137&W137&X137&Y137&Z137&AA137,2) -> 00 | AN137: =BIN2HEX(L137&M137&N137&O137&P137&Q137&R137&S137,2) -> 00 | AO137: =BIN2HEX(D137&E137&F137&G137&H137&I137&J137&K137,2) -> 00 | AQ137: =IF(AJ137="",""," (U4)0x"&AO137&AN137&AM137&AL137&"U"&IF(AJ138=""," ",",")&REPT(" ",59)&"/* "&IF(C137<10,"0"&C137,C137)&" "&AJ137&REPT(" ",47-LEN(AJ137))&" */") -> (U4)0x00000003U, /* 01 DBL1 */
C138: =IF(C8<>"",C8,"") -> 2 | D138: =IF(OR(D8=0,D8=1),1,0) -> 0 | E138: =IF(OR(E8=0,E8=1),1,0) -> 0 | F138: =IF(OR(F8=0,F8=1),1,0) -> 0 | G138: =IF(OR(G8=0,G8=1),1,0) -> 0 | H138: =IF(OR(H8=0,H8=1),1,0) -> 0 | I138: =IF(OR(I8=0,I8=1),1,0) -> 0 | J138: =IF(OR(J8=0,J8=1),1,0) -> 0 | K138: =IF(OR(K8=0,K8=1),1,0) -> 0 | ... AI138: =IF(OR(AI8=0,AI8=1),1,0) -> 1 | AJ138: =IF(AJ8<>"",AJ8,"") -> UNKNOWN | AL138: =BIN2HEX(AB138&AC138&AD138&AE138&AF138&AG138&AH138&AI138,2) -> 03 | AM138: =BIN2HEX(T138&U138&V138&W138&X138&Y138&Z138&AA138,2) -> 00 | AN138: =BIN2HEX(L138&M138&N138&O138&P138&Q138&R138&S138,2) -> 00 | AO138: =BIN2HEX(D138&E138&F138&G138&H138&I138&J138&K138,2) -> 00 | AQ138: =IF(AJ138="",""," (U4)0x"&AO138&AN138&AM138&AL138&"U"&IF(AJ139=""," ",",")&REPT(" ",59)&"/* "&IF(C138<10,"0"&C138,C138)&" "&AJ138&REPT(" ",47-LEN(AJ138))&" */") -> (U4)0x00000003U, /* 02 UNKNOWN */
C139: =IF(C9<>"",C9,"") -> 3 | D139: =IF(OR(D9=0,D9=1),1,0) -> 0 | E139: =IF(OR(E9=0,E9=1),1,0) -> 0 | F139: =IF(OR(F9=0,F9=1),1,0) -> 0 | G139: =IF(OR(G9=0,G9=1),1,0) -> 0 | H139: =IF(OR(H9=0,H9=1),1,0) -> 0 | I139: =IF(OR(I9=0,I9=1),1,0) -> 0 | J139: =IF(OR(J9=0,J9=1),1,0) -> 0 | K139: =IF(OR(K9=0,K9=1),1,0) -> 0 | ... AI139: =IF(OR(AI9=0,AI9=1),1,0) -> 1 | AJ139: =IF(AJ9<>"",AJ9,"") -> UNKNOWN | AL139: =BIN2HEX(AB139&AC139&AD139&AE139&AF139&AG139&AH139&AI139,2) -> 03 | AM139: =BIN2HEX(T139&U139&V139&W139&X139&Y139&Z139&AA139,2) -> 00 | AN139: =BIN2HEX(L139&M139&N139&O139&P139&Q139&R139&S139,2) -> 00 | AO139: =BIN2HEX(D139&E139&F139&G139&H139&I139&J139&K139,2) -> 00 | AQ139: =IF(AJ139="",""," (U4)0x"&AO139&AN139&AM139&AL139&"U"&IF(AJ140=""," ",",")&REPT(" ",59)&"/* "&IF(C139<10,"0"&C139,C139)&" "&AJ139&REPT(" ",47-LEN(AJ139))&" */") -> (U4)0x00000003U /* 03 UNKNOWN */
C140: =IF(C10<>"",C10,"") -> 4 | D140: =IF(OR(D10=0,D10=1),1,0) -> 0 | E140: =IF(OR(E10=0,E10=1),1,0) -> 0 | F140: =IF(OR(F10=0,F10=1),1,0) -> 0 | G140: =IF(OR(G10=0,G10=1),1,0) -> 0 | H140: =IF(OR(H10=0,H10=1),1,0) -> 0 | I140: =IF(OR(I10=0,I10=1),1,0) -> 0 | J140: =IF(OR(J10=0,J10=1),1,0) -> 0 | K140: =IF(OR(K10=0,K10=1),1,0) -> 0 | ... AI140: =IF(OR(AI10=0,AI10=1),1,0) -> 0 | AJ140: =IF(AJ10<>"",AJ10,"") | AL140: =BIN2HEX(AB140&AC140&AD140&AE140&AF140&AG140&AH140&AI140,2) -> 00 | AM140: =BIN2HEX(T140&U140&V140&W140&X140&Y140&Z140&AA140,2) -> 00 | AN140: =BIN2HEX(L140&M140&N140&O140&P140&Q140&R140&S140,2) -> 00 | AO140: =BIN2HEX(D140&E140&F140&G140&H140&I140&J140&K140,2) -> 00 | AQ140: =IF(AJ140="",""," (U4)0x"&AO140&AN140&AM140&AL140&"U"&IF(AJ141=""," ",",")&REPT(" ",59)&"/* "&IF(C140<10,"0"&C140,C140)&" "&AJ140&REPT(" ",47-LEN(AJ140))&" */")
C141: =IF(C11<>"",C11,"") -> 5 | D141: =IF(OR(D11=0,D11=1),1,0) -> 0 | E141: =IF(OR(E11=0,E11=1),1,0) -> 0 | F141: =IF(OR(F11=0,F11=1),1,0) -> 0 | G141: =IF(OR(G11=0,G11=1),1,0) -> 0 | H141: =IF(OR(H11=0,H11=1),1,0) -> 0 | I141: =IF(OR(I11=0,I11=1),1,0) -> 0 | J141: =IF(OR(J11=0,J11=1),1,0) -> 0 | K141: =IF(OR(K11=0,K11=1),1,0) -> 0 | ... AI141: =IF(OR(AI11=0,AI11=1),1,0) -> 0 | AJ141: =IF(AJ11<>"",AJ11,"") | AL141: =BIN2HEX(AB141&AC141&AD141&AE141&AF141&AG141&AH141&AI141,2) -> 00 | AM141: =BIN2HEX(T141&U141&V141&W141&X141&Y141&Z141&AA141,2) -> 00 | AN141: =BIN2HEX(L141&M141&N141&O141&P141&Q141&R141&S141,2) -> 00 | AO141: =BIN2HEX(D141&E141&F141&G141&H141&I141&J141&K141,2) -> 00 | AQ141: =IF(AJ141="",""," (U4)0x"&AO141&AN141&AM141&AL141&"U"&IF(AJ142=""," ",",")&REPT(" ",59)&"/* "&IF(C141<10,"0"&C141,C141)&" "&AJ141&REPT(" ",47-LEN(AJ141))&" */")
C142: =IF(C12<>"",C12,"") -> 6 | D142: =IF(OR(D12=0,D12=1),1,0) -> 0 | E142: =IF(OR(E12=0,E12=1),1,0) -> 0 | F142: =IF(OR(F12=0,F12=1),1,0) -> 0 | G142: =IF(OR(G12=0,G12=1),1,0) -> 0 | H142: =IF(OR(H12=0,H12=1),1,0) -> 0 | I142: =IF(OR(I12=0,I12=1),1,0) -> 0 | J142: =IF(OR(J12=0,J12=1),1,0) -> 0 | K142: =IF(OR(K12=0,K12=1),1,0) -> 0 | ... AI142: =IF(OR(AI12=0,AI12=1),1,0) -> 0 | AJ142: =IF(AJ12<>"",AJ12,"") | AL142: =BIN2HEX(AB142&AC142&AD142&AE142&AF142&AG142&AH142&AI142,2) -> 00 | AM142: =BIN2HEX(T142&U142&V142&W142&X142&Y142&Z142&AA142,2) -> 00 | AN142: =BIN2HEX(L142&M142&N142&O142&P142&Q142&R142&S142,2) -> 00 | AO142: =BIN2HEX(D142&E142&F142&G142&H142&I142&J142&K142,2) -> 00 | AQ142: =IF(AJ142="",""," (U4)0x"&AO142&AN142&AM142&AL142&"U"&IF(AJ143=""," ",",")&REPT(" ",59)&"/* "&IF(C142<10,"0"&C142,C142)&" "&AJ142&REPT(" ",47-LEN(AJ142))&" */")
C143: =IF(C13<>"",C13,"") -> 7 | D143: =IF(OR(D13=0,D13=1),1,0) -> 0 | E143: =IF(OR(E13=0,E13=1),1,0) -> 0 | F143: =IF(OR(F13=0,F13=1),1,0) -> 0 | G143: =IF(OR(G13=0,G13=1),1,0) -> 0 | H143: =IF(OR(H13=0,H13=1),1,0) -> 0 | I143: =IF(OR(I13=0,I13=1),1,0) -> 0 | J143: =IF(OR(J13=0,J13=1),1,0) -> 0 | K143: =IF(OR(K13=0,K13=1),1,0) -> 0 | ... AI143: =IF(OR(AI13=0,AI13=1),1,0) -> 0 | AJ143: =IF(AJ13<>"",AJ13,"") | AL143: =BIN2HEX(AB143&AC143&AD143&AE143&AF143&AG143&AH143&AI143,2) -> 00 | AM143: =BIN2HEX(T143&U143&V143&W143&X143&Y143&Z143&AA143,2) -> 00 | AN143: =BIN2HEX(L143&M143&N143&O143&P143&Q143&R143&S143,2) -> 00 | AO143: =BIN2HEX(D143&E143&F143&G143&H143&I143&J143&K143,2) -> 00 | AQ143: =IF(AJ143="",""," (U4)0x"&AO143&AN143&AM143&AL143&"U"&IF(AJ144=""," ",",")&REPT(" ",59)&"/* "&IF(C143<10,"0"&C143,C143)&" "&AJ143&REPT(" ",47-LEN(AJ143))&" */")
C144: =IF(C14<>"",C14,"") -> 8 | D144: =IF(OR(D14=0,D14=1),1,0) -> 0 | E144: =IF(OR(E14=0,E14=1),1,0) -> 0 | F144: =IF(OR(F14=0,F14=1),1,0) -> 0 | G144: =IF(OR(G14=0,G14=1),1,0) -> 0 | H144: =IF(OR(H14=0,H14=1),1,0) -> 0 | I144: =IF(OR(I14=0,I14=1),1,0) -> 0 | J144: =IF(OR(J14=0,J14=1),1,0) -> 0 | K144: =IF(OR(K14=0,K14=1),1,0) -> 0 | ... AI144: =IF(OR(AI14=0,AI14=1),1,0) -> 0 | AJ144: =IF(AJ14<>"",AJ14,"") | AL144: =BIN2HEX(AB144&AC144&AD144&AE144&AF144&AG144&AH144&AI144,2) -> 00 | AM144: =BIN2HEX(T144&U144&V144&W144&X144&Y144&Z144&AA144,2) -> 00 | AN144: =BIN2HEX(L144&M144&N144&O144&P144&Q144&R144&S144,2) -> 00 | AO144: =BIN2HEX(D144&E144&F144&G144&H144&I144&J144&K144,2) -> 00 | AQ144: =IF(AJ144="",""," (U4)0x"&AO144&AN144&AM144&AL144&"U"&IF(AJ145=""," ",",")&REPT(" ",59)&"/* "&IF(C144<10,"0"&C144,C144)&" "&AJ144&REPT(" ",47-LEN(AJ144))&" */")
C145: =IF(C15<>"",C15,"") -> 9 | D145: =IF(OR(D15=0,D15=1),1,0) -> 0 | E145: =IF(OR(E15=0,E15=1),1,0) -> 0 | F145: =IF(OR(F15=0,F15=1),1,0) -> 0 | G145: =IF(OR(G15=0,G15=1),1,0) -> 0 | H145: =IF(OR(H15=0,H15=1),1,0) -> 0 | I145: =IF(OR(I15=0,I15=1),1,0) -> 0 | J145: =IF(OR(J15=0,J15=1),1,0) -> 0 | K145: =IF(OR(K15=0,K15=1),1,0) -> 0 | ... AI145: =IF(OR(AI15=0,AI15=1),1,0) -> 0 | AJ145: =IF(AJ15<>"",AJ15,"") | AL145: =BIN2HEX(AB145&AC145&AD145&AE145&AF145&AG145&AH145&AI145,2) -> 00 | AM145: =BIN2HEX(T145&U145&V145&W145&X145&Y145&Z145&AA145,2) -> 00 | AN145: =BIN2HEX(L145&M145&N145&O145&P145&Q145&R145&S145,2) -> 00 | AO145: =BIN2HEX(D145&E145&F145&G145&H145&I145&J145&K145,2) -> 00 | AQ145: =IF(AJ145="",""," (U4)0x"&AO145&AN145&AM145&AL145&"U"&IF(AJ146=""," ",",")&REPT(" ",59)&"/* "&IF(C145<10,"0"&C145,C145)&" "&AJ145&REPT(" ",47-LEN(AJ145))&" */")
C146: =IF(C16<>"",C16,"") -> 10 | D146: =IF(OR(D16=0,D16=1),1,0) -> 0 | E146: =IF(OR(E16=0,E16=1),1,0) -> 0 | F146: =IF(OR(F16=0,F16=1),1,0) -> 0 | G146: =IF(OR(G16=0,G16=1),1,0) -> 0 | H146: =IF(OR(H16=0,H16=1),1,0) -> 0 | I146: =IF(OR(I16=0,I16=1),1,0) -> 0 | J146: =IF(OR(J16=0,J16=1),1,0) -> 0 | K146: =IF(OR(K16=0,K16=1),1,0) -> 0 | ... AI146: =IF(OR(AI16=0,AI16=1),1,0) -> 0 | AJ146: =IF(AJ16<>"",AJ16,"") | AL146: =BIN2HEX(AB146&AC146&AD146&AE146&AF146&AG146&AH146&AI146,2) -> 00 | AM146: =BIN2HEX(T146&U146&V146&W146&X146&Y146&Z146&AA146,2) -> 00 | AN146: =BIN2HEX(L146&M146&N146&O146&P146&Q146&R146&S146,2) -> 00 | AO146: =BIN2HEX(D146&E146&F146&G146&H146&I146&J146&K146,2) -> 00 | AQ146: =IF(AJ146="",""," (U4)0x"&AO146&AN146&AM146&AL146&"U"&IF(AJ147=""," ",",")&REPT(" ",59)&"/* "&IF(C146<10,"0"&C146,C146)&" "&AJ146&REPT(" ",47-LEN(AJ146))&" */")
C147: =IF(C17<>"",C17,"") -> 11 | D147: =IF(OR(D17=0,D17=1),1,0) -> 0 | E147: =IF(OR(E17=0,E17=1),1,0) -> 0 | F147: =IF(OR(F17=0,F17=1),1,0) -> 0 | G147: =IF(OR(G17=0,G17=1),1,0) -> 0 | H147: =IF(OR(H17=0,H17=1),1,0) -> 0 | I147: =IF(OR(I17=0,I17=1),1,0) -> 0 | J147: =IF(OR(J17=0,J17=1),1,0) -> 0 | K147: =IF(OR(K17=0,K17=1),1,0) -> 0 | ... AI147: =IF(OR(AI17=0,AI17=1),1,0) -> 0 | AJ147: =IF(AJ17<>"",AJ17,"") | AL147: =BIN2HEX(AB147&AC147&AD147&AE147&AF147&AG147&AH147&AI147,2) -> 00 | AM147: =BIN2HEX(T147&U147&V147&W147&X147&Y147&Z147&AA147,2) -> 00 | AN147: =BIN2HEX(L147&M147&N147&O147&P147&Q147&R147&S147,2) -> 00 | AO147: =BIN2HEX(D147&E147&F147&G147&H147&I147&J147&K147,2) -> 00 | AQ147: =IF(AJ147="",""," (U4)0x"&AO147&AN147&AM147&AL147&"U"&IF(AJ148=""," ",",")&REPT(" ",59)&"/* "&IF(C147<10,"0"&C147,C147)&" "&AJ147&REPT(" ",47-LEN(AJ147))&" */")
C148: =IF(C18<>"",C18,"") -> 12 | D148: =IF(OR(D18=0,D18=1),1,0) -> 0 | E148: =IF(OR(E18=0,E18=1),1,0) -> 0 | F148: =IF(OR(F18=0,F18=1),1,0) -> 0 | G148: =IF(OR(G18=0,G18=1),1,0) -> 0 | H148: =IF(OR(H18=0,H18=1),1,0) -> 0 | I148: =IF(OR(I18=0,I18=1),1,0) -> 0 | J148: =IF(OR(J18=0,J18=1),1,0) -> 0 | K148: =IF(OR(K18=0,K18=1),1,0) -> 0 | ... AI148: =IF(OR(AI18=0,AI18=1),1,0) -> 0 | AJ148: =IF(AJ18<>"",AJ18,"") | AL148: =BIN2HEX(AB148&AC148&AD148&AE148&AF148&AG148&AH148&AI148,2) -> 00 | AM148: =BIN2HEX(T148&U148&V148&W148&X148&Y148&Z148&AA148,2) -> 00 | AN148: =BIN2HEX(L148&M148&N148&O148&P148&Q148&R148&S148,2) -> 00 | AO148: =BIN2HEX(D148&E148&F148&G148&H148&I148&J148&K148,2) -> 00 | AQ148: =IF(AJ148="",""," (U4)0x"&AO148&AN148&AM148&AL148&"U"&IF(AJ149=""," ",",")&REPT(" ",59)&"/* "&IF(C148<10,"0"&C148,C148)&" "&AJ148&REPT(" ",47-LEN(AJ148))&" */")
... C199: =IF(C69<>"",C69,"") -> 63 | D199: =IF(OR(D69=0,D69=1),1,0) -> 0 | E199: =IF(OR(E69=0,E69=1),1,0) -> 0 | F199: =IF(OR(F69=0,F69=1),1,0) -> 0 | G199: =IF(OR(G69=0,G69=1),1,0) -> 0 | H199: =IF(OR(H69=0,H69=1),1,0) -> 0 | I199: =IF(OR(I69=0,I69=1),1,0) -> 0 | J199: =IF(OR(J69=0,J69=1),1,0) -> 0 | K199: =IF(OR(K69=0,K69=1),1,0) -> 0 | ... AI199: =IF(OR(AI69=0,AI69=1),1,0) -> 0 | AJ199: =IF(AJ69<>"",AJ69,"") | AL199: =BIN2HEX(AB199&AC199&AD199&AE199&AF199&AG199&AH199&AI199,2) -> 00 | AM199: =BIN2HEX(T199&U199&V199&W199&X199&Y199&Z199&AA199,2) -> 00 | AN199: =BIN2HEX(L199&M199&N199&O199&P199&Q199&R199&S199,2) -> 00 | AO199: =BIN2HEX(D199&E199&F199&G199&H199&I199&J199&K199,2) -> 00 | AQ199: =IF(AJ199="",""," (U4)0x"&AO199&AN199&AM199&AL199&"U"&IF(AJ200=""," ",",")&REPT(" ",59)&"/* "&IF(C199<10,"0"&C199,C199)&" "&AJ199&REPT(" ",47-LEN(AJ199))&" */")

Sheet B_RSBW
AH1: → | AI1: bit
B2: Table Type | C2: Matrix Search | D2: 31 | E2: 30 | F2: 29 | G2: 28 | H2: 27 | I2: 26 | J2: 25 | K2: 24 | L2: 23 | M2: 22 | N2: 21 | O2: 20 | P2: 19 | Q2: 18 | R2: 17 | S2: 16 | T2: 15 | U2: 14 | V2: 13 | W2: 12 | X2: 11 | Y2: 10 | Z2: 9 | AA2: 8 | AB2: 7 | AC2: 6 | AD2: 5 | AE2: 4 | AF2: 3 | AG2: 2 | AH2: 1 | AI2: 0 | AJ2: REQ
B3: =IF(OR(IF(COUNTIF(D6:AC69,"0")<>0,TRUE,FALSE),IF(COUNTIF(D6:AC69,"1")<>0,TRUE,FALSE)),"Search Table","Index Table") -> Search Table | D3: ALERT_VOM_RWT_EN | E3: [reserved] | F3: ALERT_VOM_VCS_ON | G3: ALERT_VOM_IGN_ON | H3: ALERT_VOM_IGN_OFF_WT | I3: ALERT_VOM_IGN_OFF | J3: ALERT_VOM_BAT_WT | K3: ALERT_VOM_BAT_AO | L3: [reserved] | M3: [reserved] | N3: [reserved] | O3: [reserved] | P3: [reserved] | Q3: [reserved] | R3: [reserved] | S3: [reserved] | T3: [reserved] | U3: [reserved] | V3: [reserved] | W3: [reserved] | X3: [reserved] | Y3: [reserved] | Z3: [reserved] | AA3: [reserved] | AB3: [reserved] | AC3: 断続音判定 | AD3: ECT1S92_STS | AF3: SFT_METS | AR3: シート名称は、CH Nameと同じにすること。 1CHしか存在しない場合、機能名と同じにすること。
A4: Master Table | AR4: 貼り付けコード
AR5: ="static const U4 "&AW8&"["&AW10&"]"&" = {" -> static const U4 u4_sp_ALERT_D_SFTPOS_B_RSBW_CRIT[ALERT_D_SFTPOS_B_RSBW_NUM_DST] = { | AS5: ="static const U4 "&$AW$9&"["&$AW$10&"] = {" -> static const U4 u4_sp_ALERT_D_SFTPOS_B_RSBW_MASK[ALERT_D_SFTPOS_B_RSBW_NUM_DST] = { | AT5: ="static const U1 "&$AW$11&"["&$AW$10&"] = {" -> static const U1 u1_sp_ALERT_D_SFTPOS_B_RSBW_DST[ALERT_D_SFTPOS_B_RSBW_NUM_DST] = { | AU5: ="const ST_ALERT_MTRX "&$AW$12&" = {" -> const ST_ALERT_MTRX st_gp_ALERT_D_SFTPOS_MTRX[2] = { | AV5: ="#define "&AW10&REPT(" ",41-LEN(AW10))&"("&AW13&"U)" -> #define ALERT_D_SFTPOS_B_RSBW_NUM_DST (19U)
B6: ="Table "&$AW$6 -> Table B_RSBW | C6: =ROW()-ROW($C$6) -> 0 | D6: × | E6: × | F6: × | G6: × | H6: × | I6: × | J6: × | K6: × | L6: × | M6: × | N6: × | O6: × | P6: × | Q6: × | R6: × | S6: × | T6: × | U6: × | V6: × | W6: × | X6: × | Y6: × | Z6: × | AA6: × | AB6: × | AC6: 0 | AD6: × | AE6: × | AF6: × | AG6: × | AH6: × | AI6: × | AJ6: UNKNOWN | AL6: =IF($AJ6="UNKNOWN"," (U1)ALERT_REQ_UNKNOWN"," (U1)"&"ALERT_REQ_"&$AW$17&"_"&IF($AW$6<>$AW$17,$AW$6&"_","")&AJ6) -> (U1)ALERT_REQ_UNKNOWN | AR6: =IF(AQ71<>"",AQ71,IF(AQ70<>"","};","")) -> (U4)0x00000000U, /* 00 UNKNOWN */ | AS6: =IF(AQ136<>"",AQ136,IF(AQ135<>"","};","")) -> (U4)0x00000040U, /* 00 UNKNOWN */ | AT6: =IF(AJ6<>"",AL6&IF(AJ7<>"",","," ")&REPT(" ",78-LEN(AL6))&"/* "&IF(C6<10,"0"&C6,C6)&" "&AJ6&REPT(" ",48-LEN(AJ6))&"*/",IF(AJ5<>"","};","")) -> (U1)ALERT_REQ_UNKNOWN, /* 00 UNKNOWN */ | AU6: { | AV6: MtxSrch変数名 | AW6: =UPPER(RIGHT(CELL("filename",A1),LEN(CELL("filename",A1))-FIND("]",CELL("filename",A1)))) -> B_RSBW
C7: =ROW()-ROW($C$6) -> 1 | D7: × | E7: × | F7: × | G7: × | H7: × | I7: × | J7: × | K7: × | L7: × | M7: × | N7: × | O7: × | P7: × | Q7: × | R7: × | S7: × | T7: × | U7: × | V7: × | W7: × | X7: × | Y7: × | Z7: × | AA7: × | AB7: × | AC7: 1 | AD7: 0 | AE7: 0 | AF7: 0 | AG7: 0 | AH7: 0 | AI7: 0 | AJ7: UNKNOWN | AL7: =IF($AJ7="UNKNOWN"," (U1)ALERT_REQ_UNKNOWN"," (U1)"&"ALERT_REQ_"&$AW$17&"_"&IF($AW$6<>$AW$17,$AW$6&"_","")&AJ7) -> (U1)ALERT_REQ_UNKNOWN | AR7: =IF(AQ72<>"",AQ72,IF(AQ71<>"","};","")) -> (U4)0x00000040U, /* 01 UNKNOWN */ | AS7: =IF(AQ137<>"",AQ137,IF(AQ136<>"","};","")) -> (U4)0x0000007FU, /* 01 UNKNOWN */ | AT7: =IF(AJ7<>"",AL7&IF(AJ8<>"",","," ")&REPT(" ",78-LEN(AL7))&"/* "&IF(C7<10,"0"&C7,C7)&" "&AJ7&REPT(" ",48-LEN(AJ7))&"*/",IF(AJ6<>"","};","")) -> (U1)ALERT_REQ_UNKNOWN, /* 01 UNKNOWN */ | AU7: =" &"&$AW$14&","&REPT(" ",69-LEN($AW$14))&"/* fp_u4_SRC_CHK */" -> &u4_s_AlertD_sftposBRsbwSrcchk, /* fp_u4_SRC_CHK */ | AV7: Use MtxSrch | AW7: =IF(B3="Search Table",1,0) -> 1
C8: =ROW()-ROW($C$6) -> 2 | D8: × | E8: × | F8: × | G8: × | H8: × | I8: × | J8: × | K8: × | L8: × | M8: × | N8: × | O8: × | P8: × | Q8: × | R8: × | S8: × | T8: × | U8: × | V8: × | W8: × | X8: × | Y8: × | Z8: × | AA8: × | AB8: × | AC8: 1 | AD8: 0 | AE8: 0 | AF8: 0 | AG8: 0 | AH8: 0 | AI8: 1 | AJ8: UNKNOWN | AL8: =IF($AJ8="UNKNOWN"," (U1)ALERT_REQ_UNKNOWN"," (U1)"&"ALERT_REQ_"&$AW$17&"_"&IF($AW$6<>$AW$17,$AW$6&"_","")&AJ8) -> (U1)ALERT_REQ_UNKNOWN | AR8: =IF(AQ73<>"",AQ73,IF(AQ72<>"","};","")) -> (U4)0x00000041U, /* 02 UNKNOWN */ | AS8: =IF(AQ138<>"",AQ138,IF(AQ137<>"","};","")) -> (U4)0x0000007FU, /* 02 UNKNOWN */ | AT8: =IF(AJ8<>"",AL8&IF(AJ9<>"",","," ")&REPT(" ",78-LEN(AL8))&"/* "&IF(C8<10,"0"&C8,C8)&" "&AJ8&REPT(" ",48-LEN(AJ8))&"*/",IF(AJ7<>"","};","")) -> (U1)ALERT_REQ_UNKNOWN, /* 02 UNKNOWN */ | AU8: =IF($AW$15<>"NULL"," &"&$AW$15&","&REPT(" ",69-LEN($AW$15))&"/* fp_vd_XDST */"," vdp_PTR_NA, /* fp_vd_XDST */") -> vdp_PTR_NA, /* fp_vd_XDST */ | AV8: CRIT_NAME | AW8: ="u4_sp_ALERT_"&IF(AW6<>AW17,$AW$17&"_"&$AW$6,AW17)&"_CRIT" -> u4_sp_ALERT_D_SFTPOS_B_RSBW_CRIT
C9: =ROW()-ROW($C$6) -> 3 | D9: × | E9: × | F9: × | G9: × | H9: × | I9: × | J9: × | K9: × | L9: × | M9: × | N9: × | O9: × | P9: × | Q9: × | R9: × | S9: × | T9: × | U9: × | V9: × | W9: × | X9: × | Y9: × | Z9: × | AA9: × | AB9: × | AC9: 1 | AD9: 0 | AE9: 0 | AF9: 0 | AG9: 0 | AH9: 1 | AI9: 0 | AJ9: CYCLE | AL9: =IF($AJ9="UNKNOWN"," (U1)ALERT_REQ_UNKNOWN"," (U1)"&"ALERT_REQ_"&$AW$17&"_"&IF($AW$6<>$AW$17,$AW$6&"_","")&AJ9) -> (U1)ALERT_REQ_D_SFTPOS_B_RSBW_CYCLE | AR9: =IF(AQ74<>"",AQ74,IF(AQ73<>"","};","")) -> (U4)0x00000042U, /* 03 CYCLE */ | AS9: =IF(AQ139<>"",AQ139,IF(AQ138<>"","};","")) -> (U4)0x0000007FU, /* 03 CYCLE */ | AT9: =IF(AJ9<>"",AL9&IF(AJ10<>"",","," ")&REPT(" ",78-LEN(AL9))&"/* "&IF(C9<10,"0"&C9,C9)&" "&AJ9&REPT(" ",48-LEN(AJ9))&"*/",IF(AJ8<>"","};","")) -> (U1)ALERT_REQ_D_SFTPOS_B_RSBW_CYCLE, /* 03 CYCLE */ | AV9: MASK_NAME | AW9: ="u4_sp_ALERT_"&IF(AW6<>AW17,$AW$17&"_"&$AW$6,AW17)&"_MASK" -> u4_sp_ALERT_D_SFTPOS_B_RSBW_MASK
C10: =ROW()-ROW($C$6) -> 4 | D10: × | E10: × | F10: × | G10: × | H10: × | I10: × | J10: × | K10: × | L10: × | M10: × | N10: × | O10: × | P10: × | Q10: × | R10: × | S10: × | T10: × | U10: × | V10: × | W10: × | X10: × | Y10: × | Z10: × | AA10: × | AB10: × | AC10: 1 | AD10: 0 | AE10: 0 | AF10: 0 | AG10: 0 | AH10: 1 | AI10: 1 | AJ10: UNKNOWN | AL10: =IF($AJ10="UNKNOWN"," (U1)ALERT_REQ_UNKNOWN"," (U1)"&"ALERT_REQ_"&$AW$17&"_"&IF($AW$6<>$AW$17,$AW$6&"_","")&AJ10) -> (U1)ALERT_REQ_UNKNOWN | AR10: =IF(AQ75<>"",AQ75,IF(AQ74<>"","};","")) -> (U4)0x00000043U, /* 04 UNKNOWN */ | AS10: =IF(AQ140<>"",AQ140,IF(AQ139<>"","};","")) -> (U4)0x0000007FU, /* 04 UNKNOWN */ | AT10: =IF(AJ10<>"",AL10&IF(AJ11<>"",","," ")&REPT(" ",78-LEN(AL10))&"/* "&IF(C10<10,"0"&C10,C10)&" "&AJ10&REPT(" ",48-LEN(AJ10))&"*/",IF(AJ9<>"","};","")) -> (U1)ALERT_REQ_UNKNOWN, /* 04 UNKNOWN */ | AU10: =IF($AW$7=1," &"&$AW$9&"[0],"&REPT(" ",66-LEN($AW$9))&"/* u4p_MASK */"," (const U4 *)vdp_PTR_NA, /* u4p_MASK */") -> &u4_sp_ALERT_D_SFTPOS_B_RSBW_MASK[0], /* u4p_MASK */ | AV10: MTXSRCH_DEF | AW10: ="ALERT_"&IF(AW6<>AW17,$AW$17&"_"&$AW$6,AW17)&"_NUM_DST" -> ALERT_D_SFTPOS_B_RSBW_NUM_DST
C11: =ROW()-ROW($C$6) -> 5 | D11: × | E11: × | F11: × | G11: × | H11: × | I11: × | J11: × | K11: × | L11: × | M11: × | N11: × | O11: × | P11: × | Q11: × | R11: × | S11: × | T11: × | U11: × | V11: × | W11: × | X11: × | Y11: × | Z11: × | AA11: × | AB11: × | AC11: 1 | AD11: 0 | AE11: 0 | AF11: 0 | AG11: 1 | AH11: 0 | AI11: 0 | AJ11: UNKNOWN | AL11: =IF($AJ11="UNKNOWN"," (U1)ALERT_REQ_UNKNOWN"," (U1)"&"ALERT_REQ_"&$AW$17&"_"&IF($AW$6<>$AW$17,$AW$6&"_","")&AJ11) -> (U1)ALERT_REQ_UNKNOWN | AR11: =IF(AQ76<>"",AQ76,IF(AQ75<>"","};","")) -> (U4)0x00000044U, /* 05 UNKNOWN */ | AS11: =IF(AQ141<>"",AQ141,IF(AQ140<>"","};","")) -> (U4)0x0000007FU, /* 05 UNKNOWN */ | AT11: =IF(AJ11<>"",AL11&IF(AJ12<>"",","," ")&REPT(" ",78-LEN(AL11))&"/* "&IF(C11<10,"0"&C11,C11)&" "&AJ11&REPT(" ",48-LEN(AJ11))&"*/",IF(AJ10<>"","};","")) -> (U1)ALERT_REQ_UNKNOWN, /* 05 UNKNOWN */ | AU11: =IF($AW$7=1," &"&$AW$8&"[0],"&REPT(" ",66-LEN($AW$8))&"/* u4p_CRIT */"," (const U4 *)vdp_PTR_NA, /* u4p_CRIT */") -> &u4_sp_ALERT_D_SFTPOS_B_RSBW_CRIT[0], /* u4p_CRIT */ | AV11: MTXSRCH_OUT_DEF | AW11: ="u1_sp_ALERT_"&IF(AW6<>AW17,$AW$17&"_"&$AW$6,AW17)&"_DST" -> u1_sp_ALERT_D_SFTPOS_B_RSBW_DST
C12: =ROW()-ROW($C$6) -> 6 | D12: × | E12: × | F12: × | G12: × | H12: × | I12: × | J12: × | K12: × | L12: × | M12: × | N12: × | O12: × | P12: × | Q12: × | R12: × | S12: × | T12: × | U12: × | V12: × | W12: × | X12: × | Y12: × | Z12: × | AA12: × | AB12: × | AC12: 1 | AD12: 0 | AE12: 0 | AF12: 0 | AG12: 1 | AH12: 0 | AI12: 1 | AJ12: UNKNOWN | AL12: =IF($AJ12="UNKNOWN"," (U1)ALERT_REQ_UNKNOWN"," (U1)"&"ALERT_REQ_"&$AW$17&"_"&IF($AW$6<>$AW$17,$AW$6&"_","")&AJ12) -> (U1)ALERT_REQ_UNKNOWN | AR12: =IF(AQ77<>"",AQ77,IF(AQ76<>"","};","")) -> (U4)0x00000045U, /* 06 UNKNOWN */ | AS12: =IF(AQ142<>"",AQ142,IF(AQ141<>"","};","")) -> (U4)0x0000007FU, /* 06 UNKNOWN */ | AT12: =IF(AJ12<>"",AL12&IF(AJ13<>"",","," ")&REPT(" ",78-LEN(AL12))&"/* "&IF(C12<10,"0"&C12,C12)&" "&AJ12&REPT(" ",48-LEN(AJ12))&"*/",IF(AJ11<>"","};","")) -> (U1)ALERT_REQ_UNKNOWN, /* 06 UNKNOWN */ | AV12: ALERT_MTRX_NAME | AW12: =Matrix!D8&"["&Matrix!D7&"]" -> st_gp_ALERT_D_SFTPOS_MTRX[2]
C13: =ROW()-ROW($C$6) -> 7 | D13: × | E13: × | F13: × | G13: × | H13: × | I13: × | J13: × | K13: × | L13: × | M13: × | N13: × | O13: × | P13: × | Q13: × | R13: × | S13: × | T13: × | U13: × | V13: × | W13: × | X13: × | Y13: × | Z13: × | AA13: × | AB13: × | AC13: 1 | AD13: 0 | AE13: 0 | AF13: 0 | AG13: 1 | AH13: 1 | AI13: 0 | AJ13: UNKNOWN | AL13: =IF($AJ13="UNKNOWN"," (U1)ALERT_REQ_UNKNOWN"," (U1)"&"ALERT_REQ_"&$AW$17&"_"&IF($AW$6<>$AW$17,$AW$6&"_","")&AJ13) -> (U1)ALERT_REQ_UNKNOWN | AR13: =IF(AQ78<>"",AQ78,IF(AQ77<>"","};","")) -> (U4)0x00000046U, /* 07 UNKNOWN */ | AS13: =IF(AQ143<>"",AQ143,IF(AQ142<>"","};","")) -> (U4)0x0000007FU, /* 07 UNKNOWN */ | AT13: =IF(AJ13<>"",AL13&IF(AJ14<>"",","," ")&REPT(" ",78-LEN(AL13))&"/* "&IF(C13<10,"0"&C13,C13)&" "&AJ13&REPT(" ",48-LEN(AJ13))&"*/",IF(AJ12<>"","};","")) -> (U1)ALERT_REQ_UNKNOWN, /* 07 UNKNOWN */ | AU13: =" &"&$AW$11&"[0],"&REPT(" ",66-LEN($AW$11))&"/* u1p_DST */" -> &u1_sp_ALERT_D_SFTPOS_B_RSBW_DST[0], /* u1p_DST */ | AV13: SRCH_NUM | AW13: =COUNTA($AJ$6:$AJ$69) -> 19
C14: =ROW()-ROW($C$6) -> 8 | D14: × | E14: × | F14: × | G14: × | H14: × | I14: × | J14: × | K14: × | L14: × | M14: × | N14: × | O14: × | P14: × | Q14: × | R14: × | S14: × | T14: × | U14: × | V14: × | W14: × | X14: × | Y14: × | Z14: × | AA14: × | AB14: × | AC14: 1 | AD14: 0 | AE14: 0 | AF14: 0 | AG14: 1 | AH14: 1 | AI14: 1 | AJ14: UNKNOWN | AL14: =IF($AJ14="UNKNOWN"," (U1)ALERT_REQ_UNKNOWN"," (U1)"&"ALERT_REQ_"&$AW$17&"_"&IF($AW$6<>$AW$17,$AW$6&"_","")&AJ14) -> (U1)ALERT_REQ_UNKNOWN | AR14: =IF(AQ79<>"",AQ79,IF(AQ78<>"","};","")) -> (U4)0x00000047U, /* 08 UNKNOWN */ | AS14: =IF(AQ144<>"",AQ144,IF(AQ143<>"","};","")) -> (U4)0x0000007FU, /* 08 UNKNOWN */ | AT14: =IF(AJ14<>"",AL14&IF(AJ15<>"",","," ")&REPT(" ",78-LEN(AL14))&"/* "&IF(C14<10,"0"&C14,C14)&" "&AJ14&REPT(" ",48-LEN(AJ14))&"*/",IF(AJ13<>"","};","")) -> (U1)ALERT_REQ_UNKNOWN, /* 08 UNKNOWN */ | AU14: =" (U2)"&$AW$10&","&REPT(" ",66-LEN($AW$10))&"/* u2_num_srch */" -> (U2)ALERT_D_SFTPOS_B_RSBW_NUM_DST, /* u2_num_srch */ | AV14: SRC CHK | AW14: =IF(AW6<>AW17,VLOOKUP(AW6,Matrix!$C$13:$G$37,4,FALSE),Matrix!F13) -> u4_s_AlertD_sftposBRsbwSrcchk
C15: =ROW()-ROW($C$6) -> 9 | D15: × | E15: × | F15: × | G15: × | H15: × | I15: × | J15: × | K15: × | L15: × | M15: × | N15: × | O15: × | P15: × | Q15: × | R15: × | S15: × | T15: × | U15: × | V15: × | W15: × | X15: × | Y15: × | Z15: × | AA15: × | AB15: × | AC15: 1 | AD15: 0 | AE15: 0 | AF15: 1 | AG15: 0 | AH15: 0 | AI15: 0 | AJ15: UNKNOWN | AL15: =IF($AJ15="UNKNOWN"," (U1)ALERT_REQ_UNKNOWN"," (U1)"&"ALERT_REQ_"&$AW$17&"_"&IF($AW$6<>$AW$17,$AW$6&"_","")&AJ15) -> (U1)ALERT_REQ_UNKNOWN | AR15: =IF(AQ80<>"",AQ80,IF(AQ79<>"","};","")) -> (U4)0x00000048U, /* 09 UNKNOWN */ | AS15: =IF(AQ145<>"",AQ145,IF(AQ144<>"","};","")) -> (U4)0x0000007FU, /* 09 UNKNOWN */ | AT15: =IF(AJ15<>"",AL15&IF(AJ16<>"",","," ")&REPT(" ",78-LEN(AL15))&"/* "&IF(C15<10,"0"&C15,C15)&" "&AJ15&REPT(" ",48-LEN(AJ15))&"*/",IF(AJ14<>"","};","")) -> (U1)ALERT_REQ_UNKNOWN, /* 09 UNKNOWN */ | AU15: =" (U1)"&$AW$16&REPT(" ",67-LEN($AW$16))&"/* u1_vom_act */" -> (U1)ALERT_VOM_IGN_ON /* u1_vom_act */ | AV15: RWTX | AW15: =IF(AW6<>AW17,VLOOKUP(AW6,Matrix!$C$13:$G$37,5,FALSE),Matrix!G13) -> NULL
C16: =ROW()-ROW($C$6) -> 10 | D16: × | E16: × | F16: × | G16: × | H16: × | I16: × | J16: × | K16: × | L16: × | M16: × | N16: × | O16: × | P16: × | Q16: × | R16: × | S16: × | T16: × | U16: × | V16: × | W16: × | X16: × | Y16: × | Z16: × | AA16: × | AB16: × | AC16: 1 | AD16: 0 | AE16: 0 | AF16: 1 | AG16: 0 | AH16: 0 | AI16: 1 | AJ16: UNKNOWN | AL16: =IF($AJ16="UNKNOWN"," (U1)ALERT_REQ_UNKNOWN"," (U1)"&"ALERT_REQ_"&$AW$17&"_"&IF($AW$6<>$AW$17,$AW$6&"_","")&AJ16) -> (U1)ALERT_REQ_UNKNOWN | AR16: =IF(AQ81<>"",AQ81,IF(AQ80<>"","};","")) -> (U4)0x00000049U, /* 10 UNKNOWN */ | AS16: =IF(AQ146<>"",AQ146,IF(AQ145<>"","};","")) -> (U4)0x0000007FU, /* 10 UNKNOWN */ | AT16: =IF(AJ16<>"",AL16&IF(AJ17<>"",","," ")&REPT(" ",78-LEN(AL16))&"/* "&IF(C16<10,"0"&C16,C16)&" "&AJ16&REPT(" ",48-LEN(AJ16))&"*/",IF(AJ15<>"","};","")) -> (U1)ALERT_REQ_UNKNOWN, /* 10 UNKNOWN */ | AU16: } | AV16: ACT | AW16: =IF(AW6<>AW17,VLOOKUP(AW6,Matrix!$C$13:$G$37,2,FALSE),Matrix!D13) -> ALERT_VOM_IGN_ON
C17: =ROW()-ROW($C$6) -> 11 | D17: × | E17: × | F17: × | G17: × | H17: × | I17: × | J17: × | K17: × | L17: × | M17: × | N17: × | O17: × | P17: × | Q17: × | R17: × | S17: × | T17: × | U17: × | V17: × | W17: × | X17: × | Y17: × | Z17: × | AA17: × | AB17: × | AC17: 1 | AD17: 0 | AE17: 0 | AF17: 1 | AG17: 0 | AH17: 1 | AI17: 0 | AJ17: UNKNOWN | AL17: =IF($AJ17="UNKNOWN"," (U1)ALERT_REQ_UNKNOWN"," (U1)"&"ALERT_REQ_"&$AW$17&"_"&IF($AW$6<>$AW$17,$AW$6&"_","")&AJ17) -> (U1)ALERT_REQ_UNKNOWN | AR17: =IF(AQ82<>"",AQ82,IF(AQ81<>"","};","")) -> (U4)0x0000004AU, /* 11 UNKNOWN */ | AS17: =IF(AQ147<>"",AQ147,IF(AQ146<>"","};","")) -> (U4)0x0000007FU, /* 11 UNKNOWN */ | AT17: =IF(AJ17<>"",AL17&IF(AJ18<>"",","," ")&REPT(" ",78-LEN(AL17))&"/* "&IF(C17<10,"0"&C17,C17)&" "&AJ17&REPT(" ",48-LEN(AJ17))&"*/",IF(AJ16<>"","};","")) -> (U1)ALERT_REQ_UNKNOWN, /* 11 UNKNOWN */ | AU17: }; | AV17: ALERT_MTRX変数名 | AW17: =UPPER(Matrix!$D$6) -> D_SFTPOS
C18: =ROW()-ROW($C$6) -> 12 | D18: × | E18: × | F18: × | G18: × | H18: × | I18: × | J18: × | K18: × | L18: × | M18: × | N18: × | O18: × | P18: × | Q18: × | R18: × | S18: × | T18: × | U18: × | V18: × | W18: × | X18: × | Y18: × | Z18: × | AA18: × | AB18: × | AC18: 1 | AD18: 0 | AE18: 0 | AF18: 1 | AG18: 0 | AH18: 1 | AI18: 1 | AJ18: UNKNOWN | AL18: =IF($AJ18="UNKNOWN"," (U1)ALERT_REQ_UNKNOWN"," (U1)"&"ALERT_REQ_"&$AW$17&"_"&IF($AW$6<>$AW$17,$AW$6&"_","")&AJ18) -> (U1)ALERT_REQ_UNKNOWN | AR18: =IF(AQ83<>"",AQ83,IF(AQ82<>"","};","")) -> (U4)0x0000004BU, /* 12 UNKNOWN */ | AS18: =IF(AQ148<>"",AQ148,IF(AQ147<>"","};","")) -> (U4)0x0000007FU, /* 12 UNKNOWN */ | AT18: =IF(AJ18<>"",AL18&IF(AJ19<>"",","," ")&REPT(" ",78-LEN(AL18))&"/* "&IF(C18<10,"0"&C18,C18)&" "&AJ18&REPT(" ",48-LEN(AJ18))&"*/",IF(AJ17<>"","};","")) -> (U1)ALERT_REQ_UNKNOWN, /* 12 UNKNOWN */
C19: =ROW()-ROW($C$6) -> 13 | D19: × | E19: × | F19: × | G19: × | H19: × | I19: × | J19: × | K19: × | L19: × | M19: × | N19: × | O19: × | P19: × | Q19: × | R19: × | S19: × | T19: × | U19: × | V19: × | W19: × | X19: × | Y19: × | Z19: × | AA19: × | AB19: × | AC19: 1 | AD19: 0 | AE19: 0 | AF19: 1 | AG19: 1 | AH19: 0 | AI19: 0 | AJ19: UNKNOWN | AL19: =IF($AJ19="UNKNOWN"," (U1)ALERT_REQ_UNKNOWN"," (U1)"&"ALERT_REQ_"&$AW$17&"_"&IF($AW$6<>$AW$17,$AW$6&"_","")&AJ19) -> (U1)ALERT_REQ_UNKNOWN | AR19: =IF(AQ84<>"",AQ84,IF(AQ83<>"","};","")) -> (U4)0x0000004CU, /* 13 UNKNOWN */ | AS19: =IF(AQ149<>"",AQ149,IF(AQ148<>"","};","")) -> (U4)0x0000007FU, /* 13 UNKNOWN */ | AT19: =IF(AJ19<>"",AL19&IF(AJ20<>"",","," ")&REPT(" ",78-LEN(AL19))&"/* "&IF(C19<10,"0"&C19,C19)&" "&AJ19&REPT(" ",48-LEN(AJ19))&"*/",IF(AJ18<>"","};","")) -> (U1)ALERT_REQ_UNKNOWN, /* 13 UNKNOWN */
C20: =ROW()-ROW($C$6) -> 14 | D20: × | E20: × | F20: × | G20: × | H20: × | I20: × | J20: × | K20: × | L20: × | M20: × | N20: × | O20: × | P20: × | Q20: × | R20: × | S20: × | T20: × | U20: × | V20: × | W20: × | X20: × | Y20: × | Z20: × | AA20: × | AB20: × | AC20: 1 | AD20: 0 | AE20: 0 | AF20: 1 | AG20: 1 | AH20: 0 | AI20: 1 | AJ20: UNKNOWN | AL20: =IF($AJ20="UNKNOWN"," (U1)ALERT_REQ_UNKNOWN"," (U1)"&"ALERT_REQ_"&$AW$17&"_"&IF($AW$6<>$AW$17,$AW$6&"_","")&AJ20) -> (U1)ALERT_REQ_UNKNOWN | AR20: =IF(AQ85<>"",AQ85,IF(AQ84<>"","};","")) -> (U4)0x0000004DU, /* 14 UNKNOWN */ | AS20: =IF(AQ150<>"",AQ150,IF(AQ149<>"","};","")) -> (U4)0x0000007FU, /* 14 UNKNOWN */ | AT20: =IF(AJ20<>"",AL20&IF(AJ21<>"",","," ")&REPT(" ",78-LEN(AL20))&"/* "&IF(C20<10,"0"&C20,C20)&" "&AJ20&REPT(" ",48-LEN(AJ20))&"*/",IF(AJ19<>"","};","")) -> (U1)ALERT_REQ_UNKNOWN, /* 14 UNKNOWN */
C21: =ROW()-ROW($C$6) -> 15 | D21: × | E21: × | F21: × | G21: × | H21: × | I21: × | J21: × | K21: × | L21: × | M21: × | N21: × | O21: × | P21: × | Q21: × | R21: × | S21: × | T21: × | U21: × | V21: × | W21: × | X21: × | Y21: × | Z21: × | AA21: × | AB21: × | AC21: 1 | AD21: 0 | AE21: 0 | AF21: 1 | AG21: 1 | AH21: 1 | AI21: 0 | AJ21: UNKNOWN | AL21: =IF($AJ21="UNKNOWN"," (U1)ALERT_REQ_UNKNOWN"," (U1)"&"ALERT_REQ_"&$AW$17&"_"&IF($AW$6<>$AW$17,$AW$6&"_","")&AJ21) -> (U1)ALERT_REQ_UNKNOWN | AR21: =IF(AQ86<>"",AQ86,IF(AQ85<>"","};","")) -> (U4)0x0000004EU, /* 15 UNKNOWN */ | AS21: =IF(AQ151<>"",AQ151,IF(AQ150<>"","};","")) -> (U4)0x0000007FU, /* 15 UNKNOWN */ | AT21: =IF(AJ21<>"",AL21&IF(AJ22<>"",","," ")&REPT(" ",78-LEN(AL21))&"/* "&IF(C21<10,"0"&C21,C21)&" "&AJ21&REPT(" ",48-LEN(AJ21))&"*/",IF(AJ20<>"","};","")) -> (U1)ALERT_REQ_UNKNOWN, /* 15 UNKNOWN */
C22: =ROW()-ROW($C$6) -> 16 | D22: × | E22: × | F22: × | G22: × | H22: × | I22: × | J22: × | K22: × | L22: × | M22: × | N22: × | O22: × | P22: × | Q22: × | R22: × | S22: × | T22: × | U22: × | V22: × | W22: × | X22: × | Y22: × | Z22: × | AA22: × | AB22: × | AC22: 1 | AD22: 0 | AE22: 0 | AF22: 1 | AG22: 1 | AH22: 1 | AI22: 1 | AJ22: UNKNOWN | AL22: =IF($AJ22="UNKNOWN"," (U1)ALERT_REQ_UNKNOWN"," (U1)"&"ALERT_REQ_"&$AW$17&"_"&IF($AW$6<>$AW$17,$AW$6&"_","")&AJ22) -> (U1)ALERT_REQ_UNKNOWN | AR22: =IF(AQ87<>"",AQ87,IF(AQ86<>"","};","")) -> (U4)0x0000004FU, /* 16 UNKNOWN */ | AS22: =IF(AQ152<>"",AQ152,IF(AQ151<>"","};","")) -> (U4)0x0000007FU, /* 16 UNKNOWN */ | AT22: =IF(AJ22<>"",AL22&IF(AJ23<>"",","," ")&REPT(" ",78-LEN(AL22))&"/* "&IF(C22<10,"0"&C22,C22)&" "&AJ22&REPT(" ",48-LEN(AJ22))&"*/",IF(AJ21<>"","};","")) -> (U1)ALERT_REQ_UNKNOWN, /* 16 UNKNOWN */
C23: =ROW()-ROW($C$6) -> 17 | D23: × | E23: × | F23: × | G23: × | H23: × | I23: × | J23: × | K23: × | L23: × | M23: × | N23: × | O23: × | P23: × | Q23: × | R23: × | S23: × | T23: × | U23: × | V23: × | W23: × | X23: × | Y23: × | Z23: × | AA23: × | AB23: × | AC23: 1 | AD23: 0 | AE23: 1 | AF23: × | AG23: × | AH23: × | AI23: × | AJ23: UNKNOWN | AL23: =IF($AJ23="UNKNOWN"," (U1)ALERT_REQ_UNKNOWN"," (U1)"&"ALERT_REQ_"&$AW$17&"_"&IF($AW$6<>$AW$17,$AW$6&"_","")&AJ23) -> (U1)ALERT_REQ_UNKNOWN | AR23: =IF(AQ88<>"",AQ88,IF(AQ87<>"","};","")) -> (U4)0x00000050U, /* 17 UNKNOWN */ | AS23: =IF(AQ153<>"",AQ153,IF(AQ152<>"","};","")) -> (U4)0x00000070U, /* 17 UNKNOWN */ | AT23: =IF(AJ23<>"",AL23&IF(AJ24<>"",","," ")&REPT(" ",78-LEN(AL23))&"/* "&IF(C23<10,"0"&C23,C23)&" "&AJ23&REPT(" ",48-LEN(AJ23))&"*/",IF(AJ22<>"","};","")) -> (U1)ALERT_REQ_UNKNOWN, /* 17 UNKNOWN */
C24: =ROW()-ROW($C$6) -> 18 | D24: × | E24: × | F24: × | G24: × | H24: × | I24: × | J24: × | K24: × | L24: × | M24: × | N24: × | O24: × | P24: × | Q24: × | R24: × | S24: × | T24: × | U24: × | V24: × | W24: × | X24: × | Y24: × | Z24: × | AA24: × | AB24: × | AC24: 1 | AD24: 1 | AE24: × | AF24: × | AG24: × | AH24: × | AI24: × | AJ24: UNKNOWN | AL24: =IF($AJ24="UNKNOWN"," (U1)ALERT_REQ_UNKNOWN"," (U1)"&"ALERT_REQ_"&$AW$17&"_"&IF($AW$6<>$AW$17,$AW$6&"_","")&AJ24) -> (U1)ALERT_REQ_UNKNOWN | AR24: =IF(AQ89<>"",AQ89,IF(AQ88<>"","};","")) -> (U4)0x00000060U /* 18 UNKNOWN */ | AS24: =IF(AQ154<>"",AQ154,IF(AQ153<>"","};","")) -> (U4)0x00000060U /* 18 UNKNOWN */ | AT24: =IF(AJ24<>"",AL24&IF(AJ25<>"",","," ")&REPT(" ",78-LEN(AL24))&"/* "&IF(C24<10,"0"&C24,C24)&" "&AJ24&REPT(" ",48-LEN(AJ24))&"*/",IF(AJ23<>"","};","")) -> (U1)ALERT_REQ_UNKNOWN /* 18 UNKNOWN */
C25: =ROW()-ROW($C$6) -> 19 | D25: × | E25: × | F25: × | G25: × | H25: × | I25: × | J25: × | K25: × | L25: × | M25: × | N25: × | O25: × | P25: × | Q25: × | R25: × | S25: × | T25: × | U25: × | V25: × | W25: × | X25: × | Y25: × | Z25: × | AA25: × | AB25: × | AC25: × | AD25: × | AE25: × | AF25: × | AG25: × | AH25: × | AI25: × | AL25: =IF($AJ25="UNKNOWN"," (U1)ALERT_REQ_UNKNOWN"," (U1)"&"ALERT_REQ_"&$AW$17&"_"&IF($AW$6<>$AW$17,$AW$6&"_","")&AJ25) -> (U1)ALERT_REQ_D_SFTPOS_B_RSBW_ | AR25: =IF(AQ90<>"",AQ90,IF(AQ89<>"","};","")) -> }; | AS25: =IF(AQ155<>"",AQ155,IF(AQ154<>"","};","")) -> }; | AT25: =IF(AJ25<>"",AL25&IF(AJ26<>"",","," ")&REPT(" ",78-LEN(AL25))&"/* "&IF(C25<10,"0"&C25,C25)&" "&AJ25&REPT(" ",48-LEN(AJ25))&"*/",IF(AJ24<>"","};","")) -> };
C26: =ROW()-ROW($C$6) -> 20 | D26: × | E26: × | F26: × | G26: × | H26: × | I26: × | J26: × | K26: × | L26: × | M26: × | N26: × | O26: × | P26: × | Q26: × | R26: × | S26: × | T26: × | U26: × | V26: × | W26: × | X26: × | Y26: × | Z26: × | AA26: × | AB26: × | AC26: × | AD26: × | AE26: × | AF26: × | AG26: × | AH26: × | AI26: × | AL26: =IF($AJ26="UNKNOWN"," (U1)ALERT_REQ_UNKNOWN"," (U1)"&"ALERT_REQ_"&$AW$17&"_"&IF($AW$6<>$AW$17,$AW$6&"_","")&AJ26) -> (U1)ALERT_REQ_D_SFTPOS_B_RSBW_ | AR26: =IF(AQ91<>"",AQ91,IF(AQ90<>"","};","")) | AS26: =IF(AQ156<>"",AQ156,IF(AQ155<>"","};","")) | AT26: =IF(AJ26<>"",AL26&IF(AJ27<>"",","," ")&REPT(" ",78-LEN(AL26))&"/* "&IF(C26<10,"0"&C26,C26)&" "&AJ26&REPT(" ",48-LEN(AJ26))&"*/",IF(AJ25<>"","};",""))
C27: =ROW()-ROW($C$6) -> 21 | D27: × | E27: × | F27: × | G27: × | H27: × | I27: × | J27: × | K27: × | L27: × | M27: × | N27: × | O27: × | P27: × | Q27: × | R27: × | S27: × | T27: × | U27: × | V27: × | W27: × | X27: × | Y27: × | Z27: × | AA27: × | AB27: × | AC27: × | AD27: × | AE27: × | AF27: × | AG27: × | AH27: × | AI27: × | AL27: =IF($AJ27="UNKNOWN"," (U1)ALERT_REQ_UNKNOWN"," (U1)"&"ALERT_REQ_"&$AW$17&"_"&IF($AW$6<>$AW$17,$AW$6&"_","")&AJ27) -> (U1)ALERT_REQ_D_SFTPOS_B_RSBW_ | AR27: =IF(AQ92<>"",AQ92,IF(AQ91<>"","};","")) | AS27: =IF(AQ157<>"",AQ157,IF(AQ156<>"","};","")) | AT27: =IF(AJ27<>"",AL27&IF(AJ28<>"",","," ")&REPT(" ",78-LEN(AL27))&"/* "&IF(C27<10,"0"&C27,C27)&" "&AJ27&REPT(" ",48-LEN(AJ27))&"*/",IF(AJ26<>"","};",""))
C28: =ROW()-ROW($C$6) -> 22 | D28: × | E28: × | F28: × | G28: × | H28: × | I28: × | J28: × | K28: × | L28: × | M28: × | N28: × | O28: × | P28: × | Q28: × | R28: × | S28: × | T28: × | U28: × | V28: × | W28: × | X28: × | Y28: × | Z28: × | AA28: × | AB28: × | AC28: × | AD28: × | AE28: × | AF28: × | AG28: × | AH28: × | AI28: × | AL28: =IF($AJ28="UNKNOWN"," (U1)ALERT_REQ_UNKNOWN"," (U1)"&"ALERT_REQ_"&$AW$17&"_"&IF($AW$6<>$AW$17,$AW$6&"_","")&AJ28) -> (U1)ALERT_REQ_D_SFTPOS_B_RSBW_ | AR28: =IF(AQ93<>"",AQ93,IF(AQ92<>"","};","")) | AS28: =IF(AQ158<>"",AQ158,IF(AQ157<>"","};","")) | AT28: =IF(AJ28<>"",AL28&IF(AJ29<>"",","," ")&REPT(" ",78-LEN(AL28))&"/* "&IF(C28<10,"0"&C28,C28)&" "&AJ28&REPT(" ",48-LEN(AJ28))&"*/",IF(AJ27<>"","};",""))
C29: =ROW()-ROW($C$6) -> 23 | D29: × | E29: × | F29: × | G29: × | H29: × | I29: × | J29: × | K29: × | L29: × | M29: × | N29: × | O29: × | P29: × | Q29: × | R29: × | S29: × | T29: × | U29: × | V29: × | W29: × | X29: × | Y29: × | Z29: × | AA29: × | AB29: × | AC29: × | AD29: × | AE29: × | AF29: × | AG29: × | AH29: × | AI29: × | AL29: =IF($AJ29="UNKNOWN"," (U1)ALERT_REQ_UNKNOWN"," (U1)"&"ALERT_REQ_"&$AW$17&"_"&IF($AW$6<>$AW$17,$AW$6&"_","")&AJ29) -> (U1)ALERT_REQ_D_SFTPOS_B_RSBW_ | AR29: =IF(AQ94<>"",AQ94,IF(AQ93<>"","};","")) | AS29: =IF(AQ159<>"",AQ159,IF(AQ158<>"","};","")) | AT29: =IF(AJ29<>"",AL29&IF(AJ30<>"",","," ")&REPT(" ",78-LEN(AL29))&"/* "&IF(C29<10,"0"&C29,C29)&" "&AJ29&REPT(" ",48-LEN(AJ29))&"*/",IF(AJ28<>"","};",""))
C30: =ROW()-ROW($C$6) -> 24 | D30: × | E30: × | F30: × | G30: × | H30: × | I30: × | J30: × | K30: × | L30: × | M30: × | N30: × | O30: × | P30: × | Q30: × | R30: × | S30: × | T30: × | U30: × | V30: × | W30: × | X30: × | Y30: × | Z30: × | AA30: × | AB30: × | AC30: × | AD30: × | AE30: × | AF30: × | AG30: × | AH30: × | AI30: × | AL30: =IF($AJ30="UNKNOWN"," (U1)ALERT_REQ_UNKNOWN"," (U1)"&"ALERT_REQ_"&$AW$17&"_"&IF($AW$6<>$AW$17,$AW$6&"_","")&AJ30) -> (U1)ALERT_REQ_D_SFTPOS_B_RSBW_ | AR30: =IF(AQ95<>"",AQ95,IF(AQ94<>"","};","")) | AS30: =IF(AQ160<>"",AQ160,IF(AQ159<>"","};","")) | AT30: =IF(AJ30<>"",AL30&IF(AJ31<>"",","," ")&REPT(" ",78-LEN(AL30))&"/* "&IF(C30<10,"0"&C30,C30)&" "&AJ30&REPT(" ",48-LEN(AJ30))&"*/",IF(AJ29<>"","};",""))
C31: =ROW()-ROW($C$6) -> 25 | D31: × | E31: × | F31: × | G31: × | H31: × | I31: × | J31: × | K31: × | L31: × | M31: × | N31: × | O31: × | P31: × | Q31: × | R31: × | S31: × | T31: × | U31: × | V31: × | W31: × | X31: × | Y31: × | Z31: × | AA31: × | AB31: × | AC31: × | AD31: × | AE31: × | AF31: × | AG31: × | AH31: × | AI31: × | AL31: =IF($AJ31="UNKNOWN"," (U1)ALERT_REQ_UNKNOWN"," (U1)"&"ALERT_REQ_"&$AW$17&"_"&IF($AW$6<>$AW$17,$AW$6&"_","")&AJ31) -> (U1)ALERT_REQ_D_SFTPOS_B_RSBW_ | AR31: =IF(AQ96<>"",AQ96,IF(AQ95<>"","};","")) | AS31: =IF(AQ161<>"",AQ161,IF(AQ160<>"","};","")) | AT31: =IF(AJ31<>"",AL31&IF(AJ32<>"",","," ")&REPT(" ",78-LEN(AL31))&"/* "&IF(C31<10,"0"&C31,C31)&" "&AJ31&REPT(" ",48-LEN(AJ31))&"*/",IF(AJ30<>"","};",""))
C32: =ROW()-ROW($C$6) -> 26 | D32: × | E32: × | F32: × | G32: × | H32: × | I32: × | J32: × | K32: × | L32: × | M32: × | N32: × | O32: × | P32: × | Q32: × | R32: × | S32: × | T32: × | U32: × | V32: × | W32: × | X32: × | Y32: × | Z32: × | AA32: × | AB32: × | AC32: × | AD32: × | AE32: × | AF32: × | AG32: × | AH32: × | AI32: × | AL32: =IF($AJ32="UNKNOWN"," (U1)ALERT_REQ_UNKNOWN"," (U1)"&"ALERT_REQ_"&$AW$17&"_"&IF($AW$6<>$AW$17,$AW$6&"_","")&AJ32) -> (U1)ALERT_REQ_D_SFTPOS_B_RSBW_ | AR32: =IF(AQ97<>"",AQ97,IF(AQ96<>"","};","")) | AS32: =IF(AQ162<>"",AQ162,IF(AQ161<>"","};","")) | AT32: =IF(AJ32<>"",AL32&IF(AJ33<>"",","," ")&REPT(" ",78-LEN(AL32))&"/* "&IF(C32<10,"0"&C32,C32)&" "&AJ32&REPT(" ",48-LEN(AJ32))&"*/",IF(AJ31<>"","};",""))
C33: =ROW()-ROW($C$6) -> 27 | D33: × | E33: × | F33: × | G33: × | H33: × | I33: × | J33: × | K33: × | L33: × | M33: × | N33: × | O33: × | P33: × | Q33: × | R33: × | S33: × | T33: × | U33: × | V33: × | W33: × | X33: × | Y33: × | Z33: × | AA33: × | AB33: × | AC33: × | AD33: × | AE33: × | AF33: × | AG33: × | AH33: × | AI33: × | AL33: =IF($AJ33="UNKNOWN"," (U1)ALERT_REQ_UNKNOWN"," (U1)"&"ALERT_REQ_"&$AW$17&"_"&IF($AW$6<>$AW$17,$AW$6&"_","")&AJ33) -> (U1)ALERT_REQ_D_SFTPOS_B_RSBW_ | AR33: =IF(AQ98<>"",AQ98,IF(AQ97<>"","};","")) | AS33: =IF(AQ163<>"",AQ163,IF(AQ162<>"","};","")) | AT33: =IF(AJ33<>"",AL33&IF(AJ34<>"",","," ")&REPT(" ",78-LEN(AL33))&"/* "&IF(C33<10,"0"&C33,C33)&" "&AJ33&REPT(" ",48-LEN(AJ33))&"*/",IF(AJ32<>"","};",""))
C34: =ROW()-ROW($C$6) -> 28 | D34: × | E34: × | F34: × | G34: × | H34: × | I34: × | J34: × | K34: × | L34: × | M34: × | N34: × | O34: × | P34: × | Q34: × | R34: × | S34: × | T34: × | U34: × | V34: × | W34: × | X34: × | Y34: × | Z34: × | AA34: × | AB34: × | AC34: × | AD34: × | AE34: × | AF34: × | AG34: × | AH34: × | AI34: × | AL34: =IF($AJ34="UNKNOWN"," (U1)ALERT_REQ_UNKNOWN"," (U1)"&"ALERT_REQ_"&$AW$17&"_"&IF($AW$6<>$AW$17,$AW$6&"_","")&AJ34) -> (U1)ALERT_REQ_D_SFTPOS_B_RSBW_ | AR34: =IF(AQ99<>"",AQ99,IF(AQ98<>"","};","")) | AS34: =IF(AQ164<>"",AQ164,IF(AQ163<>"","};","")) | AT34: =IF(AJ34<>"",AL34&IF(AJ35<>"",","," ")&REPT(" ",78-LEN(AL34))&"/* "&IF(C34<10,"0"&C34,C34)&" "&AJ34&REPT(" ",48-LEN(AJ34))&"*/",IF(AJ33<>"","};",""))
C35: =ROW()-ROW($C$6) -> 29 | D35: × | E35: × | F35: × | G35: × | H35: × | I35: × | J35: × | K35: × | L35: × | M35: × | N35: × | O35: × | P35: × | Q35: × | R35: × | S35: × | T35: × | U35: × | V35: × | W35: × | X35: × | Y35: × | Z35: × | AA35: × | AB35: × | AC35: × | AD35: × | AE35: × | AF35: × | AG35: × | AH35: × | AI35: × | AL35: =IF($AJ35="UNKNOWN"," (U1)ALERT_REQ_UNKNOWN"," (U1)"&"ALERT_REQ_"&$AW$17&"_"&IF($AW$6<>$AW$17,$AW$6&"_","")&AJ35) -> (U1)ALERT_REQ_D_SFTPOS_B_RSBW_ | AR35: =IF(AQ100<>"",AQ100,IF(AQ99<>"","};","")) | AS35: =IF(AQ165<>"",AQ165,IF(AQ164<>"","};","")) | AT35: =IF(AJ35<>"",AL35&IF(AJ36<>"",","," ")&REPT(" ",78-LEN(AL35))&"/* "&IF(C35<10,"0"&C35,C35)&" "&AJ35&REPT(" ",48-LEN(AJ35))&"*/",IF(AJ34<>"","};",""))
C36: =ROW()-ROW($C$6) -> 30 | D36: × | E36: × | F36: × | G36: × | H36: × | I36: × | J36: × | K36: × | L36: × | M36: × | N36: × | O36: × | P36: × | Q36: × | R36: × | S36: × | T36: × | U36: × | V36: × | W36: × | X36: × | Y36: × | Z36: × | AA36: × | AB36: × | AC36: × | AD36: × | AE36: × | AF36: × | AG36: × | AH36: × | AI36: × | AL36: =IF($AJ36="UNKNOWN"," (U1)ALERT_REQ_UNKNOWN"," (U1)"&"ALERT_REQ_"&$AW$17&"_"&IF($AW$6<>$AW$17,$AW$6&"_","")&AJ36) -> (U1)ALERT_REQ_D_SFTPOS_B_RSBW_ | AR36: =IF(AQ101<>"",AQ101,IF(AQ100<>"","};","")) | AS36: =IF(AQ166<>"",AQ166,IF(AQ165<>"","};","")) | AT36: =IF(AJ36<>"",AL36&IF(AJ37<>"",","," ")&REPT(" ",78-LEN(AL36))&"/* "&IF(C36<10,"0"&C36,C36)&" "&AJ36&REPT(" ",48-LEN(AJ36))&"*/",IF(AJ35<>"","};",""))
... C69: =ROW()-ROW($C$6) -> 63 | D69: × | E69: × | F69: × | G69: × | H69: × | I69: × | J69: × | K69: × | L69: × | M69: × | N69: × | O69: × | P69: × | Q69: × | R69: × | S69: × | T69: × | U69: × | V69: × | W69: × | X69: × | Y69: × | Z69: × | AA69: × | AB69: × | AC69: × | AD69: × | AE69: × | AF69: × | AG69: × | AH69: × | AI69: × | AL69: =IF($AJ69="UNKNOWN"," (U1)ALERT_REQ_UNKNOWN"," (U1)"&"ALERT_REQ_"&$AW$17&"_"&IF($AW$6<>$AW$17,$AW$6&"_","")&AJ69) -> (U1)ALERT_REQ_D_SFTPOS_B_RSBW_ | AR69: =IF(AQ134<>"",AQ134,IF(AQ133<>"","};","")) | AS69: =IF(AQ199<>"",AQ199,IF(AQ198<>"","};","")) | AT69: =IF(AJ69<>"",AL69&IF(AJ70<>"",","," ")&REPT(" ",78-LEN(AL69))&"/* "&IF(C69<10,"0"&C69,C69)&" "&AJ69&REPT(" ",48-LEN(AJ69))&"*/",IF(AJ68<>"","};",""))
A70: Criteria | AR70: =IF(AQ135<>"",AQ135,IF(AQ134<>"","};","")) | AS70: =IF(AQ200<>"",AQ200,IF(AQ199<>"","};","")) | AT70: =IF(AJ70<>"",AL70&IF(AJ71<>"",","," ")&REPT(" ",78-LEN(AL70))&"/* "&IF(C70<10,"0"&C70,C70)&" "&AJ70&REPT(" ",48-LEN(AJ70))&"*/",IF(AJ69<>"","};",""))
B71: =IF(B6<>"",B6,"") -> Table B_RSBW | C71: =IF(C6<>"",C6,"") -> 0 | D71: =IF(D6=1,1,0) -> 0 | E71: =IF(E6=1,1,0) -> 0 | F71: =IF(F6=1,1,0) -> 0 | G71: =IF(G6=1,1,0) -> 0 | H71: =IF(H6=1,1,0) -> 0 | I71: =IF(I6=1,1,0) -> 0 | J71: =IF(J6=1,1,0) -> 0 | K71: =IF(K6=1,1,0) -> 0 | ... AI71: =IF(AI6=1,1,0) -> 0 | AJ71: =IF(AJ6<>"",AJ6,"") -> UNKNOWN | AL71: =BIN2HEX(AB71&AC71&AD71&AE71&AF71&AG71&AH71&AI71,2) -> 00 | AM71: =BIN2HEX(T71&U71&V71&W71&X71&Y71&Z71&AA71,2) -> 00 | AN71: =BIN2HEX(L71&M71&N71&O71&P71&Q71&R71&S71,2) -> 00 | AO71: =BIN2HEX(D71&E71&F71&G71&H71&I71&J71&K71,2) -> 00 | AQ71: =IF(AJ71="",""," (U4)0x"&AO71&AN71&AM71&AL71&"U"&IF(AJ72=""," ",",")&REPT(" ",59)&"/* "&IF(C71<10,"0"&C71,C71)&" "&AJ71&REPT(" ",47-LEN(AJ71))&" */") -> (U4)0x00000000U, /* 00 UNKNOWN */
C72: =IF(C7<>"",C7,"") -> 1 | D72: =IF(D7=1,1,0) -> 0 | E72: =IF(E7=1,1,0) -> 0 | F72: =IF(F7=1,1,0) -> 0 | G72: =IF(G7=1,1,0) -> 0 | H72: =IF(H7=1,1,0) -> 0 | I72: =IF(I7=1,1,0) -> 0 | J72: =IF(J7=1,1,0) -> 0 | K72: =IF(K7=1,1,0) -> 0 | ... AI72: =IF(AI7=1,1,0) -> 0 | AJ72: =IF(AJ7<>"",AJ7,"") -> UNKNOWN | AL72: =BIN2HEX(AB72&AC72&AD72&AE72&AF72&AG72&AH72&AI72,2) -> 40 | AM72: =BIN2HEX(T72&U72&V72&W72&X72&Y72&Z72&AA72,2) -> 00 | AN72: =BIN2HEX(L72&M72&N72&O72&P72&Q72&R72&S72,2) -> 00 | AO72: =BIN2HEX(D72&E72&F72&G72&H72&I72&J72&K72,2) -> 00 | AQ72: =IF(AJ72="",""," (U4)0x"&AO72&AN72&AM72&AL72&"U"&IF(AJ73=""," ",",")&REPT(" ",59)&"/* "&IF(C72<10,"0"&C72,C72)&" "&AJ72&REPT(" ",47-LEN(AJ72))&" */") -> (U4)0x00000040U, /* 01 UNKNOWN */
C73: =IF(C8<>"",C8,"") -> 2 | D73: =IF(D8=1,1,0) -> 0 | E73: =IF(E8=1,1,0) -> 0 | F73: =IF(F8=1,1,0) -> 0 | G73: =IF(G8=1,1,0) -> 0 | H73: =IF(H8=1,1,0) -> 0 | I73: =IF(I8=1,1,0) -> 0 | J73: =IF(J8=1,1,0) -> 0 | K73: =IF(K8=1,1,0) -> 0 | ... AI73: =IF(AI8=1,1,0) -> 1 | AJ73: =IF(AJ8<>"",AJ8,"") -> UNKNOWN | AL73: =BIN2HEX(AB73&AC73&AD73&AE73&AF73&AG73&AH73&AI73,2) -> 41 | AM73: =BIN2HEX(T73&U73&V73&W73&X73&Y73&Z73&AA73,2) -> 00 | AN73: =BIN2HEX(L73&M73&N73&O73&P73&Q73&R73&S73,2) -> 00 | AO73: =BIN2HEX(D73&E73&F73&G73&H73&I73&J73&K73,2) -> 00 | AQ73: =IF(AJ73="",""," (U4)0x"&AO73&AN73&AM73&AL73&"U"&IF(AJ74=""," ",",")&REPT(" ",59)&"/* "&IF(C73<10,"0"&C73,C73)&" "&AJ73&REPT(" ",47-LEN(AJ73))&" */") -> (U4)0x00000041U, /* 02 UNKNOWN */
C74: =IF(C9<>"",C9,"") -> 3 | D74: =IF(D9=1,1,0) -> 0 | E74: =IF(E9=1,1,0) -> 0 | F74: =IF(F9=1,1,0) -> 0 | G74: =IF(G9=1,1,0) -> 0 | H74: =IF(H9=1,1,0) -> 0 | I74: =IF(I9=1,1,0) -> 0 | J74: =IF(J9=1,1,0) -> 0 | K74: =IF(K9=1,1,0) -> 0 | ... AI74: =IF(AI9=1,1,0) -> 0 | AJ74: =IF(AJ9<>"",AJ9,"") -> CYCLE | AL74: =BIN2HEX(AB74&AC74&AD74&AE74&AF74&AG74&AH74&AI74,2) -> 42 | AM74: =BIN2HEX(T74&U74&V74&W74&X74&Y74&Z74&AA74,2) -> 00 | AN74: =BIN2HEX(L74&M74&N74&O74&P74&Q74&R74&S74,2) -> 00 | AO74: =BIN2HEX(D74&E74&F74&G74&H74&I74&J74&K74,2) -> 00 | AQ74: =IF(AJ74="",""," (U4)0x"&AO74&AN74&AM74&AL74&"U"&IF(AJ75=""," ",",")&REPT(" ",59)&"/* "&IF(C74<10,"0"&C74,C74)&" "&AJ74&REPT(" ",47-LEN(AJ74))&" */") -> (U4)0x00000042U, /* 03 CYCLE */
C75: =IF(C10<>"",C10,"") -> 4 | D75: =IF(D10=1,1,0) -> 0 | E75: =IF(E10=1,1,0) -> 0 | F75: =IF(F10=1,1,0) -> 0 | G75: =IF(G10=1,1,0) -> 0 | H75: =IF(H10=1,1,0) -> 0 | I75: =IF(I10=1,1,0) -> 0 | J75: =IF(J10=1,1,0) -> 0 | K75: =IF(K10=1,1,0) -> 0 | ... AI75: =IF(AI10=1,1,0) -> 1 | AJ75: =IF(AJ10<>"",AJ10,"") -> UNKNOWN | AL75: =BIN2HEX(AB75&AC75&AD75&AE75&AF75&AG75&AH75&AI75,2) -> 43 | AM75: =BIN2HEX(T75&U75&V75&W75&X75&Y75&Z75&AA75,2) -> 00 | AN75: =BIN2HEX(L75&M75&N75&O75&P75&Q75&R75&S75,2) -> 00 | AO75: =BIN2HEX(D75&E75&F75&G75&H75&I75&J75&K75,2) -> 00 | AQ75: =IF(AJ75="",""," (U4)0x"&AO75&AN75&AM75&AL75&"U"&IF(AJ76=""," ",",")&REPT(" ",59)&"/* "&IF(C75<10,"0"&C75,C75)&" "&AJ75&REPT(" ",47-LEN(AJ75))&" */") -> (U4)0x00000043U, /* 04 UNKNOWN */
C76: =IF(C11<>"",C11,"") -> 5 | D76: =IF(D11=1,1,0) -> 0 | E76: =IF(E11=1,1,0) -> 0 | F76: =IF(F11=1,1,0) -> 0 | G76: =IF(G11=1,1,0) -> 0 | H76: =IF(H11=1,1,0) -> 0 | I76: =IF(I11=1,1,0) -> 0 | J76: =IF(J11=1,1,0) -> 0 | K76: =IF(K11=1,1,0) -> 0 | ... AI76: =IF(AI11=1,1,0) -> 0 | AJ76: =IF(AJ11<>"",AJ11,"") -> UNKNOWN | AL76: =BIN2HEX(AB76&AC76&AD76&AE76&AF76&AG76&AH76&AI76,2) -> 44 | AM76: =BIN2HEX(T76&U76&V76&W76&X76&Y76&Z76&AA76,2) -> 00 | AN76: =BIN2HEX(L76&M76&N76&O76&P76&Q76&R76&S76,2) -> 00 | AO76: =BIN2HEX(D76&E76&F76&G76&H76&I76&J76&K76,2) -> 00 | AQ76: =IF(AJ76="",""," (U4)0x"&AO76&AN76&AM76&AL76&"U"&IF(AJ77=""," ",",")&REPT(" ",59)&"/* "&IF(C76<10,"0"&C76,C76)&" "&AJ76&REPT(" ",47-LEN(AJ76))&" */") -> (U4)0x00000044U, /* 05 UNKNOWN */
C77: =IF(C12<>"",C12,"") -> 6 | D77: =IF(D12=1,1,0) -> 0 | E77: =IF(E12=1,1,0) -> 0 | F77: =IF(F12=1,1,0) -> 0 | G77: =IF(G12=1,1,0) -> 0 | H77: =IF(H12=1,1,0) -> 0 | I77: =IF(I12=1,1,0) -> 0 | J77: =IF(J12=1,1,0) -> 0 | K77: =IF(K12=1,1,0) -> 0 | ... AI77: =IF(AI12=1,1,0) -> 1 | AJ77: =IF(AJ12<>"",AJ12,"") -> UNKNOWN | AL77: =BIN2HEX(AB77&AC77&AD77&AE77&AF77&AG77&AH77&AI77,2) -> 45 | AM77: =BIN2HEX(T77&U77&V77&W77&X77&Y77&Z77&AA77,2) -> 00 | AN77: =BIN2HEX(L77&M77&N77&O77&P77&Q77&R77&S77,2) -> 00 | AO77: =BIN2HEX(D77&E77&F77&G77&H77&I77&J77&K77,2) -> 00 | AQ77: =IF(AJ77="",""," (U4)0x"&AO77&AN77&AM77&AL77&"U"&IF(AJ78=""," ",",")&REPT(" ",59)&"/* "&IF(C77<10,"0"&C77,C77)&" "&AJ77&REPT(" ",47-LEN(AJ77))&" */") -> (U4)0x00000045U, /* 06 UNKNOWN */
C78: =IF(C13<>"",C13,"") -> 7 | D78: =IF(D13=1,1,0) -> 0 | E78: =IF(E13=1,1,0) -> 0 | F78: =IF(F13=1,1,0) -> 0 | G78: =IF(G13=1,1,0) -> 0 | H78: =IF(H13=1,1,0) -> 0 | I78: =IF(I13=1,1,0) -> 0 | J78: =IF(J13=1,1,0) -> 0 | K78: =IF(K13=1,1,0) -> 0 | ... AI78: =IF(AI13=1,1,0) -> 0 | AJ78: =IF(AJ13<>"",AJ13,"") -> UNKNOWN | AL78: =BIN2HEX(AB78&AC78&AD78&AE78&AF78&AG78&AH78&AI78,2) -> 46 | AM78: =BIN2HEX(T78&U78&V78&W78&X78&Y78&Z78&AA78,2) -> 00 | AN78: =BIN2HEX(L78&M78&N78&O78&P78&Q78&R78&S78,2) -> 00 | AO78: =BIN2HEX(D78&E78&F78&G78&H78&I78&J78&K78,2) -> 00 | AQ78: =IF(AJ78="",""," (U4)0x"&AO78&AN78&AM78&AL78&"U"&IF(AJ79=""," ",",")&REPT(" ",59)&"/* "&IF(C78<10,"0"&C78,C78)&" "&AJ78&REPT(" ",47-LEN(AJ78))&" */") -> (U4)0x00000046U, /* 07 UNKNOWN */
C79: =IF(C14<>"",C14,"") -> 8 | D79: =IF(D14=1,1,0) -> 0 | E79: =IF(E14=1,1,0) -> 0 | F79: =IF(F14=1,1,0) -> 0 | G79: =IF(G14=1,1,0) -> 0 | H79: =IF(H14=1,1,0) -> 0 | I79: =IF(I14=1,1,0) -> 0 | J79: =IF(J14=1,1,0) -> 0 | K79: =IF(K14=1,1,0) -> 0 | ... AI79: =IF(AI14=1,1,0) -> 1 | AJ79: =IF(AJ14<>"",AJ14,"") -> UNKNOWN | AL79: =BIN2HEX(AB79&AC79&AD79&AE79&AF79&AG79&AH79&AI79,2) -> 47 | AM79: =BIN2HEX(T79&U79&V79&W79&X79&Y79&Z79&AA79,2) -> 00 | AN79: =BIN2HEX(L79&M79&N79&O79&P79&Q79&R79&S79,2) -> 00 | AO79: =BIN2HEX(D79&E79&F79&G79&H79&I79&J79&K79,2) -> 00 | AQ79: =IF(AJ79="",""," (U4)0x"&AO79&AN79&AM79&AL79&"U"&IF(AJ80=""," ",",")&REPT(" ",59)&"/* "&IF(C79<10,"0"&C79,C79)&" "&AJ79&REPT(" ",47-LEN(AJ79))&" */") -> (U4)0x00000047U, /* 08 UNKNOWN */
C80: =IF(C15<>"",C15,"") -> 9 | D80: =IF(D15=1,1,0) -> 0 | E80: =IF(E15=1,1,0) -> 0 | F80: =IF(F15=1,1,0) -> 0 | G80: =IF(G15=1,1,0) -> 0 | H80: =IF(H15=1,1,0) -> 0 | I80: =IF(I15=1,1,0) -> 0 | J80: =IF(J15=1,1,0) -> 0 | K80: =IF(K15=1,1,0) -> 0 | ... AI80: =IF(AI15=1,1,0) -> 0 | AJ80: =IF(AJ15<>"",AJ15,"") -> UNKNOWN | AL80: =BIN2HEX(AB80&AC80&AD80&AE80&AF80&AG80&AH80&AI80,2) -> 48 | AM80: =BIN2HEX(T80&U80&V80&W80&X80&Y80&Z80&AA80,2) -> 00 | AN80: =BIN2HEX(L80&M80&N80&O80&P80&Q80&R80&S80,2) -> 00 | AO80: =BIN2HEX(D80&E80&F80&G80&H80&I80&J80&K80,2) -> 00 | AQ80: =IF(AJ80="",""," (U4)0x"&AO80&AN80&AM80&AL80&"U"&IF(AJ81=""," ",",")&REPT(" ",59)&"/* "&IF(C80<10,"0"&C80,C80)&" "&AJ80&REPT(" ",47-LEN(AJ80))&" */") -> (U4)0x00000048U, /* 09 UNKNOWN */
C81: =IF(C16<>"",C16,"") -> 10 | D81: =IF(D16=1,1,0) -> 0 | E81: =IF(E16=1,1,0) -> 0 | F81: =IF(F16=1,1,0) -> 0 | G81: =IF(G16=1,1,0) -> 0 | H81: =IF(H16=1,1,0) -> 0 | I81: =IF(I16=1,1,0) -> 0 | J81: =IF(J16=1,1,0) -> 0 | K81: =IF(K16=1,1,0) -> 0 | ... AI81: =IF(AI16=1,1,0) -> 1 | AJ81: =IF(AJ16<>"",AJ16,"") -> UNKNOWN | AL81: =BIN2HEX(AB81&AC81&AD81&AE81&AF81&AG81&AH81&AI81,2) -> 49 | AM81: =BIN2HEX(T81&U81&V81&W81&X81&Y81&Z81&AA81,2) -> 00 | AN81: =BIN2HEX(L81&M81&N81&O81&P81&Q81&R81&S81,2) -> 00 | AO81: =BIN2HEX(D81&E81&F81&G81&H81&I81&J81&K81,2) -> 00 | AQ81: =IF(AJ81="",""," (U4)0x"&AO81&AN81&AM81&AL81&"U"&IF(AJ82=""," ",",")&REPT(" ",59)&"/* "&IF(C81<10,"0"&C81,C81)&" "&AJ81&REPT(" ",47-LEN(AJ81))&" */") -> (U4)0x00000049U, /* 10 UNKNOWN */
C82: =IF(C17<>"",C17,"") -> 11 | D82: =IF(D17=1,1,0) -> 0 | E82: =IF(E17=1,1,0) -> 0 | F82: =IF(F17=1,1,0) -> 0 | G82: =IF(G17=1,1,0) -> 0 | H82: =IF(H17=1,1,0) -> 0 | I82: =IF(I17=1,1,0) -> 0 | J82: =IF(J17=1,1,0) -> 0 | K82: =IF(K17=1,1,0) -> 0 | ... AI82: =IF(AI17=1,1,0) -> 0 | AJ82: =IF(AJ17<>"",AJ17,"") -> UNKNOWN | AL82: =BIN2HEX(AB82&AC82&AD82&AE82&AF82&AG82&AH82&AI82,2) -> 4A | AM82: =BIN2HEX(T82&U82&V82&W82&X82&Y82&Z82&AA82,2) -> 00 | AN82: =BIN2HEX(L82&M82&N82&O82&P82&Q82&R82&S82,2) -> 00 | AO82: =BIN2HEX(D82&E82&F82&G82&H82&I82&J82&K82,2) -> 00 | AQ82: =IF(AJ82="",""," (U4)0x"&AO82&AN82&AM82&AL82&"U"&IF(AJ83=""," ",",")&REPT(" ",59)&"/* "&IF(C82<10,"0"&C82,C82)&" "&AJ82&REPT(" ",47-LEN(AJ82))&" */") -> (U4)0x0000004AU, /* 11 UNKNOWN */
C83: =IF(C18<>"",C18,"") -> 12 | D83: =IF(D18=1,1,0) -> 0 | E83: =IF(E18=1,1,0) -> 0 | F83: =IF(F18=1,1,0) -> 0 | G83: =IF(G18=1,1,0) -> 0 | H83: =IF(H18=1,1,0) -> 0 | I83: =IF(I18=1,1,0) -> 0 | J83: =IF(J18=1,1,0) -> 0 | K83: =IF(K18=1,1,0) -> 0 | ... AI83: =IF(AI18=1,1,0) -> 1 | AJ83: =IF(AJ18<>"",AJ18,"") -> UNKNOWN | AL83: =BIN2HEX(AB83&AC83&AD83&AE83&AF83&AG83&AH83&AI83,2) -> 4B | AM83: =BIN2HEX(T83&U83&V83&W83&X83&Y83&Z83&AA83,2) -> 00 | AN83: =BIN2HEX(L83&M83&N83&O83&P83&Q83&R83&S83,2) -> 00 | AO83: =BIN2HEX(D83&E83&F83&G83&H83&I83&J83&K83,2) -> 00 | AQ83: =IF(AJ83="",""," (U4)0x"&AO83&AN83&AM83&AL83&"U"&IF(AJ84=""," ",",")&REPT(" ",59)&"/* "&IF(C83<10,"0"&C83,C83)&" "&AJ83&REPT(" ",47-LEN(AJ83))&" */") -> (U4)0x0000004BU, /* 12 UNKNOWN */
... C134: =IF(C69<>"",C69,"") -> 63 | D134: =IF(D69=1,1,0) -> 0 | E134: =IF(E69=1,1,0) -> 0 | F134: =IF(F69=1,1,0) -> 0 | G134: =IF(G69=1,1,0) -> 0 | H134: =IF(H69=1,1,0) -> 0 | I134: =IF(I69=1,1,0) -> 0 | J134: =IF(J69=1,1,0) -> 0 | K134: =IF(K69=1,1,0) -> 0 | ... AI134: =IF(AI69=1,1,0) -> 0 | AJ134: =IF(AJ69<>"",AJ69,"") | AL134: =BIN2HEX(AB134&AC134&AD134&AE134&AF134&AG134&AH134&AI134,2) -> 00 | AM134: =BIN2HEX(T134&U134&V134&W134&X134&Y134&Z134&AA134,2) -> 00 | AN134: =BIN2HEX(L134&M134&N134&O134&P134&Q134&R134&S134,2) -> 00 | AO134: =BIN2HEX(D134&E134&F134&G134&H134&I134&J134&K134,2) -> 00 | AQ134: =IF(AJ134="",""," (U4)0x"&AO134&AN134&AM134&AL134&"U"&IF(AJ135=""," ",",")&REPT(" ",59)&"/* "&IF(C134<10,"0"&C134,C134)&" "&AJ134&REPT(" ",47-LEN(AJ134))&" */")
A135: Mask
B136: =IF(B6<>"",B6,"") -> Table B_RSBW | C136: =IF(C6<>"",C6,"") -> 0 | D136: =IF(OR(D6=0,D6=1),1,0) -> 0 | E136: =IF(OR(E6=0,E6=1),1,0) -> 0 | F136: =IF(OR(F6=0,F6=1),1,0) -> 0 | G136: =IF(OR(G6=0,G6=1),1,0) -> 0 | H136: =IF(OR(H6=0,H6=1),1,0) -> 0 | I136: =IF(OR(I6=0,I6=1),1,0) -> 0 | J136: =IF(OR(J6=0,J6=1),1,0) -> 0 | K136: =IF(OR(K6=0,K6=1),1,0) -> 0 | ... AI136: =IF(OR(AI6=0,AI6=1),1,0) -> 0 | AJ136: =IF(AJ6<>"",AJ6,"") -> UNKNOWN | AL136: =BIN2HEX(AB136&AC136&AD136&AE136&AF136&AG136&AH136&AI136,2) -> 40 | AM136: =BIN2HEX(T136&U136&V136&W136&X136&Y136&Z136&AA136,2) -> 00 | AN136: =BIN2HEX(L136&M136&N136&O136&P136&Q136&R136&S136,2) -> 00 | AO136: =BIN2HEX(D136&E136&F136&G136&H136&I136&J136&K136,2) -> 00 | AQ136: =IF(AJ136="",""," (U4)0x"&AO136&AN136&AM136&AL136&"U"&IF(AJ137=""," ",",")&REPT(" ",59)&"/* "&IF(C136<10,"0"&C136,C136)&" "&AJ136&REPT(" ",47-LEN(AJ136))&" */") -> (U4)0x00000040U, /* 00 UNKNOWN */
C137: =IF(C7<>"",C7,"") -> 1 | D137: =IF(OR(D7=0,D7=1),1,0) -> 0 | E137: =IF(OR(E7=0,E7=1),1,0) -> 0 | F137: =IF(OR(F7=0,F7=1),1,0) -> 0 | G137: =IF(OR(G7=0,G7=1),1,0) -> 0 | H137: =IF(OR(H7=0,H7=1),1,0) -> 0 | I137: =IF(OR(I7=0,I7=1),1,0) -> 0 | J137: =IF(OR(J7=0,J7=1),1,0) -> 0 | K137: =IF(OR(K7=0,K7=1),1,0) -> 0 | ... AI137: =IF(OR(AI7=0,AI7=1),1,0) -> 1 | AJ137: =IF(AJ7<>"",AJ7,"") -> UNKNOWN | AL137: =BIN2HEX(AB137&AC137&AD137&AE137&AF137&AG137&AH137&AI137,2) -> 7F | AM137: =BIN2HEX(T137&U137&V137&W137&X137&Y137&Z137&AA137,2) -> 00 | AN137: =BIN2HEX(L137&M137&N137&O137&P137&Q137&R137&S137,2) -> 00 | AO137: =BIN2HEX(D137&E137&F137&G137&H137&I137&J137&K137,2) -> 00 | AQ137: =IF(AJ137="",""," (U4)0x"&AO137&AN137&AM137&AL137&"U"&IF(AJ138=""," ",",")&REPT(" ",59)&"/* "&IF(C137<10,"0"&C137,C137)&" "&AJ137&REPT(" ",47-LEN(AJ137))&" */") -> (U4)0x0000007FU, /* 01 UNKNOWN */
C138: =IF(C8<>"",C8,"") -> 2 | D138: =IF(OR(D8=0,D8=1),1,0) -> 0 | E138: =IF(OR(E8=0,E8=1),1,0) -> 0 | F138: =IF(OR(F8=0,F8=1),1,0) -> 0 | G138: =IF(OR(G8=0,G8=1),1,0) -> 0 | H138: =IF(OR(H8=0,H8=1),1,0) -> 0 | I138: =IF(OR(I8=0,I8=1),1,0) -> 0 | J138: =IF(OR(J8=0,J8=1),1,0) -> 0 | K138: =IF(OR(K8=0,K8=1),1,0) -> 0 | ... AI138: =IF(OR(AI8=0,AI8=1),1,0) -> 1 | AJ138: =IF(AJ8<>"",AJ8,"") -> UNKNOWN | AL138: =BIN2HEX(AB138&AC138&AD138&AE138&AF138&AG138&AH138&AI138,2) -> 7F | AM138: =BIN2HEX(T138&U138&V138&W138&X138&Y138&Z138&AA138,2) -> 00 | AN138: =BIN2HEX(L138&M138&N138&O138&P138&Q138&R138&S138,2) -> 00 | AO138: =BIN2HEX(D138&E138&F138&G138&H138&I138&J138&K138,2) -> 00 | AQ138: =IF(AJ138="",""," (U4)0x"&AO138&AN138&AM138&AL138&"U"&IF(AJ139=""," ",",")&REPT(" ",59)&"/* "&IF(C138<10,"0"&C138,C138)&" "&AJ138&REPT(" ",47-LEN(AJ138))&" */") -> (U4)0x0000007FU, /* 02 UNKNOWN */
C139: =IF(C9<>"",C9,"") -> 3 | D139: =IF(OR(D9=0,D9=1),1,0) -> 0 | E139: =IF(OR(E9=0,E9=1),1,0) -> 0 | F139: =IF(OR(F9=0,F9=1),1,0) -> 0 | G139: =IF(OR(G9=0,G9=1),1,0) -> 0 | H139: =IF(OR(H9=0,H9=1),1,0) -> 0 | I139: =IF(OR(I9=0,I9=1),1,0) -> 0 | J139: =IF(OR(J9=0,J9=1),1,0) -> 0 | K139: =IF(OR(K9=0,K9=1),1,0) -> 0 | ... AI139: =IF(OR(AI9=0,AI9=1),1,0) -> 1 | AJ139: =IF(AJ9<>"",AJ9,"") -> CYCLE | AL139: =BIN2HEX(AB139&AC139&AD139&AE139&AF139&AG139&AH139&AI139,2) -> 7F | AM139: =BIN2HEX(T139&U139&V139&W139&X139&Y139&Z139&AA139,2) -> 00 | AN139: =BIN2HEX(L139&M139&N139&O139&P139&Q139&R139&S139,2) -> 00 | AO139: =BIN2HEX(D139&E139&F139&G139&H139&I139&J139&K139,2) -> 00 | AQ139: =IF(AJ139="",""," (U4)0x"&AO139&AN139&AM139&AL139&"U"&IF(AJ140=""," ",",")&REPT(" ",59)&"/* "&IF(C139<10,"0"&C139,C139)&" "&AJ139&REPT(" ",47-LEN(AJ139))&" */") -> (U4)0x0000007FU, /* 03 CYCLE */
C140: =IF(C10<>"",C10,"") -> 4 | D140: =IF(OR(D10=0,D10=1),1,0) -> 0 | E140: =IF(OR(E10=0,E10=1),1,0) -> 0 | F140: =IF(OR(F10=0,F10=1),1,0) -> 0 | G140: =IF(OR(G10=0,G10=1),1,0) -> 0 | H140: =IF(OR(H10=0,H10=1),1,0) -> 0 | I140: =IF(OR(I10=0,I10=1),1,0) -> 0 | J140: =IF(OR(J10=0,J10=1),1,0) -> 0 | K140: =IF(OR(K10=0,K10=1),1,0) -> 0 | ... AI140: =IF(OR(AI10=0,AI10=1),1,0) -> 1 | AJ140: =IF(AJ10<>"",AJ10,"") -> UNKNOWN | AL140: =BIN2HEX(AB140&AC140&AD140&AE140&AF140&AG140&AH140&AI140,2) -> 7F | AM140: =BIN2HEX(T140&U140&V140&W140&X140&Y140&Z140&AA140,2) -> 00 | AN140: =BIN2HEX(L140&M140&N140&O140&P140&Q140&R140&S140,2) -> 00 | AO140: =BIN2HEX(D140&E140&F140&G140&H140&I140&J140&K140,2) -> 00 | AQ140: =IF(AJ140="",""," (U4)0x"&AO140&AN140&AM140&AL140&"U"&IF(AJ141=""," ",",")&REPT(" ",59)&"/* "&IF(C140<10,"0"&C140,C140)&" "&AJ140&REPT(" ",47-LEN(AJ140))&" */") -> (U4)0x0000007FU, /* 04 UNKNOWN */
C141: =IF(C11<>"",C11,"") -> 5 | D141: =IF(OR(D11=0,D11=1),1,0) -> 0 | E141: =IF(OR(E11=0,E11=1),1,0) -> 0 | F141: =IF(OR(F11=0,F11=1),1,0) -> 0 | G141: =IF(OR(G11=0,G11=1),1,0) -> 0 | H141: =IF(OR(H11=0,H11=1),1,0) -> 0 | I141: =IF(OR(I11=0,I11=1),1,0) -> 0 | J141: =IF(OR(J11=0,J11=1),1,0) -> 0 | K141: =IF(OR(K11=0,K11=1),1,0) -> 0 | ... AI141: =IF(OR(AI11=0,AI11=1),1,0) -> 1 | AJ141: =IF(AJ11<>"",AJ11,"") -> UNKNOWN | AL141: =BIN2HEX(AB141&AC141&AD141&AE141&AF141&AG141&AH141&AI141,2) -> 7F | AM141: =BIN2HEX(T141&U141&V141&W141&X141&Y141&Z141&AA141,2) -> 00 | AN141: =BIN2HEX(L141&M141&N141&O141&P141&Q141&R141&S141,2) -> 00 | AO141: =BIN2HEX(D141&E141&F141&G141&H141&I141&J141&K141,2) -> 00 | AQ141: =IF(AJ141="",""," (U4)0x"&AO141&AN141&AM141&AL141&"U"&IF(AJ142=""," ",",")&REPT(" ",59)&"/* "&IF(C141<10,"0"&C141,C141)&" "&AJ141&REPT(" ",47-LEN(AJ141))&" */") -> (U4)0x0000007FU, /* 05 UNKNOWN */
C142: =IF(C12<>"",C12,"") -> 6 | D142: =IF(OR(D12=0,D12=1),1,0) -> 0 | E142: =IF(OR(E12=0,E12=1),1,0) -> 0 | F142: =IF(OR(F12=0,F12=1),1,0) -> 0 | G142: =IF(OR(G12=0,G12=1),1,0) -> 0 | H142: =IF(OR(H12=0,H12=1),1,0) -> 0 | I142: =IF(OR(I12=0,I12=1),1,0) -> 0 | J142: =IF(OR(J12=0,J12=1),1,0) -> 0 | K142: =IF(OR(K12=0,K12=1),1,0) -> 0 | ... AI142: =IF(OR(AI12=0,AI12=1),1,0) -> 1 | AJ142: =IF(AJ12<>"",AJ12,"") -> UNKNOWN | AL142: =BIN2HEX(AB142&AC142&AD142&AE142&AF142&AG142&AH142&AI142,2) -> 7F | AM142: =BIN2HEX(T142&U142&V142&W142&X142&Y142&Z142&AA142,2) -> 00 | AN142: =BIN2HEX(L142&M142&N142&O142&P142&Q142&R142&S142,2) -> 00 | AO142: =BIN2HEX(D142&E142&F142&G142&H142&I142&J142&K142,2) -> 00 | AQ142: =IF(AJ142="",""," (U4)0x"&AO142&AN142&AM142&AL142&"U"&IF(AJ143=""," ",",")&REPT(" ",59)&"/* "&IF(C142<10,"0"&C142,C142)&" "&AJ142&REPT(" ",47-LEN(AJ142))&" */") -> (U4)0x0000007FU, /* 06 UNKNOWN */
C143: =IF(C13<>"",C13,"") -> 7 | D143: =IF(OR(D13=0,D13=1),1,0) -> 0 | E143: =IF(OR(E13=0,E13=1),1,0) -> 0 | F143: =IF(OR(F13=0,F13=1),1,0) -> 0 | G143: =IF(OR(G13=0,G13=1),1,0) -> 0 | H143: =IF(OR(H13=0,H13=1),1,0) -> 0 | I143: =IF(OR(I13=0,I13=1),1,0) -> 0 | J143: =IF(OR(J13=0,J13=1),1,0) -> 0 | K143: =IF(OR(K13=0,K13=1),1,0) -> 0 | ... AI143: =IF(OR(AI13=0,AI13=1),1,0) -> 1 | AJ143: =IF(AJ13<>"",AJ13,"") -> UNKNOWN | AL143: =BIN2HEX(AB143&AC143&AD143&AE143&AF143&AG143&AH143&AI143,2) -> 7F | AM143: =BIN2HEX(T143&U143&V143&W143&X143&Y143&Z143&AA143,2) -> 00 | AN143: =BIN2HEX(L143&M143&N143&O143&P143&Q143&R143&S143,2) -> 00 | AO143: =BIN2HEX(D143&E143&F143&G143&H143&I143&J143&K143,2) -> 00 | AQ143: =IF(AJ143="",""," (U4)0x"&AO143&AN143&AM143&AL143&"U"&IF(AJ144=""," ",",")&REPT(" ",59)&"/* "&IF(C143<10,"0"&C143,C143)&" "&AJ143&REPT(" ",47-LEN(AJ143))&" */") -> (U4)0x0000007FU, /* 07 UNKNOWN */
C144: =IF(C14<>"",C14,"") -> 8 | D144: =IF(OR(D14=0,D14=1),1,0) -> 0 | E144: =IF(OR(E14=0,E14=1),1,0) -> 0 | F144: =IF(OR(F14=0,F14=1),1,0) -> 0 | G144: =IF(OR(G14=0,G14=1),1,0) -> 0 | H144: =IF(OR(H14=0,H14=1),1,0) -> 0 | I144: =IF(OR(I14=0,I14=1),1,0) -> 0 | J144: =IF(OR(J14=0,J14=1),1,0) -> 0 | K144: =IF(OR(K14=0,K14=1),1,0) -> 0 | ... AI144: =IF(OR(AI14=0,AI14=1),1,0) -> 1 | AJ144: =IF(AJ14<>"",AJ14,"") -> UNKNOWN | AL144: =BIN2HEX(AB144&AC144&AD144&AE144&AF144&AG144&AH144&AI144,2) -> 7F | AM144: =BIN2HEX(T144&U144&V144&W144&X144&Y144&Z144&AA144,2) -> 00 | AN144: =BIN2HEX(L144&M144&N144&O144&P144&Q144&R144&S144,2) -> 00 | AO144: =BIN2HEX(D144&E144&F144&G144&H144&I144&J144&K144,2) -> 00 | AQ144: =IF(AJ144="",""," (U4)0x"&AO144&AN144&AM144&AL144&"U"&IF(AJ145=""," ",",")&REPT(" ",59)&"/* "&IF(C144<10,"0"&C144,C144)&" "&AJ144&REPT(" ",47-LEN(AJ144))&" */") -> (U4)0x0000007FU, /* 08 UNKNOWN */
C145: =IF(C15<>"",C15,"") -> 9 | D145: =IF(OR(D15=0,D15=1),1,0) -> 0 | E145: =IF(OR(E15=0,E15=1),1,0) -> 0 | F145: =IF(OR(F15=0,F15=1),1,0) -> 0 | G145: =IF(OR(G15=0,G15=1),1,0) -> 0 | H145: =IF(OR(H15=0,H15=1),1,0) -> 0 | I145: =IF(OR(I15=0,I15=1),1,0) -> 0 | J145: =IF(OR(J15=0,J15=1),1,0) -> 0 | K145: =IF(OR(K15=0,K15=1),1,0) -> 0 | ... AI145: =IF(OR(AI15=0,AI15=1),1,0) -> 1 | AJ145: =IF(AJ15<>"",AJ15,"") -> UNKNOWN | AL145: =BIN2HEX(AB145&AC145&AD145&AE145&AF145&AG145&AH145&AI145,2) -> 7F | AM145: =BIN2HEX(T145&U145&V145&W145&X145&Y145&Z145&AA145,2) -> 00 | AN145: =BIN2HEX(L145&M145&N145&O145&P145&Q145&R145&S145,2) -> 00 | AO145: =BIN2HEX(D145&E145&F145&G145&H145&I145&J145&K145,2) -> 00 | AQ145: =IF(AJ145="",""," (U4)0x"&AO145&AN145&AM145&AL145&"U"&IF(AJ146=""," ",",")&REPT(" ",59)&"/* "&IF(C145<10,"0"&C145,C145)&" "&AJ145&REPT(" ",47-LEN(AJ145))&" */") -> (U4)0x0000007FU, /* 09 UNKNOWN */
C146: =IF(C16<>"",C16,"") -> 10 | D146: =IF(OR(D16=0,D16=1),1,0) -> 0 | E146: =IF(OR(E16=0,E16=1),1,0) -> 0 | F146: =IF(OR(F16=0,F16=1),1,0) -> 0 | G146: =IF(OR(G16=0,G16=1),1,0) -> 0 | H146: =IF(OR(H16=0,H16=1),1,0) -> 0 | I146: =IF(OR(I16=0,I16=1),1,0) -> 0 | J146: =IF(OR(J16=0,J16=1),1,0) -> 0 | K146: =IF(OR(K16=0,K16=1),1,0) -> 0 | ... AI146: =IF(OR(AI16=0,AI16=1),1,0) -> 1 | AJ146: =IF(AJ16<>"",AJ16,"") -> UNKNOWN | AL146: =BIN2HEX(AB146&AC146&AD146&AE146&AF146&AG146&AH146&AI146,2) -> 7F | AM146: =BIN2HEX(T146&U146&V146&W146&X146&Y146&Z146&AA146,2) -> 00 | AN146: =BIN2HEX(L146&M146&N146&O146&P146&Q146&R146&S146,2) -> 00 | AO146: =BIN2HEX(D146&E146&F146&G146&H146&I146&J146&K146,2) -> 00 | AQ146: =IF(AJ146="",""," (U4)0x"&AO146&AN146&AM146&AL146&"U"&IF(AJ147=""," ",",")&REPT(" ",59)&"/* "&IF(C146<10,"0"&C146,C146)&" "&AJ146&REPT(" ",47-LEN(AJ146))&" */") -> (U4)0x0000007FU, /* 10 UNKNOWN */
C147: =IF(C17<>"",C17,"") -> 11 | D147: =IF(OR(D17=0,D17=1),1,0) -> 0 | E147: =IF(OR(E17=0,E17=1),1,0) -> 0 | F147: =IF(OR(F17=0,F17=1),1,0) -> 0 | G147: =IF(OR(G17=0,G17=1),1,0) -> 0 | H147: =IF(OR(H17=0,H17=1),1,0) -> 0 | I147: =IF(OR(I17=0,I17=1),1,0) -> 0 | J147: =IF(OR(J17=0,J17=1),1,0) -> 0 | K147: =IF(OR(K17=0,K17=1),1,0) -> 0 | ... AI147: =IF(OR(AI17=0,AI17=1),1,0) -> 1 | AJ147: =IF(AJ17<>"",AJ17,"") -> UNKNOWN | AL147: =BIN2HEX(AB147&AC147&AD147&AE147&AF147&AG147&AH147&AI147,2) -> 7F | AM147: =BIN2HEX(T147&U147&V147&W147&X147&Y147&Z147&AA147,2) -> 00 | AN147: =BIN2HEX(L147&M147&N147&O147&P147&Q147&R147&S147,2) -> 00 | AO147: =BIN2HEX(D147&E147&F147&G147&H147&I147&J147&K147,2) -> 00 | AQ147: =IF(AJ147="",""," (U4)0x"&AO147&AN147&AM147&AL147&"U"&IF(AJ148=""," ",",")&REPT(" ",59)&"/* "&IF(C147<10,"0"&C147,C147)&" "&AJ147&REPT(" ",47-LEN(AJ147))&" */") -> (U4)0x0000007FU, /* 11 UNKNOWN */
C148: =IF(C18<>"",C18,"") -> 12 | D148: =IF(OR(D18=0,D18=1),1,0) -> 0 | E148: =IF(OR(E18=0,E18=1),1,0) -> 0 | F148: =IF(OR(F18=0,F18=1),1,0) -> 0 | G148: =IF(OR(G18=0,G18=1),1,0) -> 0 | H148: =IF(OR(H18=0,H18=1),1,0) -> 0 | I148: =IF(OR(I18=0,I18=1),1,0) -> 0 | J148: =IF(OR(J18=0,J18=1),1,0) -> 0 | K148: =IF(OR(K18=0,K18=1),1,0) -> 0 | ... AI148: =IF(OR(AI18=0,AI18=1),1,0) -> 1 | AJ148: =IF(AJ18<>"",AJ18,"") -> UNKNOWN | AL148: =BIN2HEX(AB148&AC148&AD148&AE148&AF148&AG148&AH148&AI148,2) -> 7F | AM148: =BIN2HEX(T148&U148&V148&W148&X148&Y148&Z148&AA148,2) -> 00 | AN148: =BIN2HEX(L148&M148&N148&O148&P148&Q148&R148&S148,2) -> 00 | AO148: =BIN2HEX(D148&E148&F148&G148&H148&I148&J148&K148,2) -> 00 | AQ148: =IF(AJ148="",""," (U4)0x"&AO148&AN148&AM148&AL148&"U"&IF(AJ149=""," ",",")&REPT(" ",59)&"/* "&IF(C148<10,"0"&C148,C148)&" "&AJ148&REPT(" ",47-LEN(AJ148))&" */") -> (U4)0x0000007FU, /* 12 UNKNOWN */
... C199: =IF(C69<>"",C69,"") -> 63 | D199: =IF(OR(D69=0,D69=1),1,0) -> 0 | E199: =IF(OR(E69=0,E69=1),1,0) -> 0 | F199: =IF(OR(F69=0,F69=1),1,0) -> 0 | G199: =IF(OR(G69=0,G69=1),1,0) -> 0 | H199: =IF(OR(H69=0,H69=1),1,0) -> 0 | I199: =IF(OR(I69=0,I69=1),1,0) -> 0 | J199: =IF(OR(J69=0,J69=1),1,0) -> 0 | K199: =IF(OR(K69=0,K69=1),1,0) -> 0 | ... AI199: =IF(OR(AI69=0,AI69=1),1,0) -> 0 | AJ199: =IF(AJ69<>"",AJ69,"") | AL199: =BIN2HEX(AB199&AC199&AD199&AE199&AF199&AG199&AH199&AI199,2) -> 00 | AM199: =BIN2HEX(T199&U199&V199&W199&X199&Y199&Z199&AA199,2) -> 00 | AN199: =BIN2HEX(L199&M199&N199&O199&P199&Q199&R199&S199,2) -> 00 | AO199: =BIN2HEX(D199&E199&F199&G199&H199&I199&J199&K199,2) -> 00 | AQ199: =IF(AJ199="",""," (U4)0x"&AO199&AN199&AM199&AL199&"U"&IF(AJ200=""," ",",")&REPT(" ",59)&"/* "&IF(C199<10,"0"&C199,C199)&" "&AJ199&REPT(" ",47-LEN(AJ199))&" */")

Sheet Reference
B2: BC_RJTB判定 | W2: 制御仕様→TT
B3: Table Type | C3: Index
C4: 入力 | N4: REQ | O4: 振る舞い
B5: 種類 | C5: Vehicle Operation Mode | K5: CAN | N5: ALERT_CH_D_SFTPOS_B_RJTB | O5: TT | P5: PD | Q5: BC | R5: RW
B6: 有効電源状態 | C6: - | D6: - | E6: - | F6: - | G6: - | H6: - | I6: - | J6: - | K6: IG-ON | L6: IG-ON | N6: ALERT_VOM_IGN_ON
B7: 端子名称/ メッセージラベル | C7: VOM | K7: ECT1G92 | L7: ECT1G92
B8: 信号名(データラベル) | C8: RWT_EN | D8: [reserved] | E8: VCS_ON | F8: IGN_ON | G8: IGN_OFF_WT | H8: IGN_OFF | I8: BAT_WT | J8: BAT_AO | K8: ECT1G92_STS | L8: B_RJTB_SIG | N8: 判定結果
B9: 取り得る値 | C9: 0b/ 1b | D9: - | E9: 0b/ 1b | F9: 0b/ 1b | G9: 0b/ 1b | H9: 0b/ 1b | I9: 0b/ 1b | J9: 0b/ 1b | K9: 通常(0b)/ 未受信(1b) | L9: 非吹鳴(0b)/ 2連発(1b) | N9: UNKNOWN/ DBL1 | Q9: 2連発/ -
B10: IG-ON +通常 + 非吹鳴 | C10: * | D10: * | E10: * | F10: * | G10: * | H10: * | I10: * | J10: * | K10: 0b | L10: 0b | N10: UNKNOWN | Q10: -
B11: IG-ON +通常 + 2連発 | C11: * | D11: * | E11: * | F11: * | G11: * | H11: * | I11: * | J11: * | K11: 0b | L11: 1b | N11: DBL1 | Q11: 2連発
B12: IG-ON + 未受信 + * | C12: * | D12: * | E12: * | F12: * | G12: * | H12: * | I12: * | J12: * | K12: 1b | L12: *b | N12: UNKNOWN | Q12: -
B13: IG-OFF + * + * | C13: * | D13: * | E13: * | F13: * | G13: * | H13: * | I13: * | J13: * | K13: *b | L13: *b | N13: UNKNOWN | Q13: -
B20: B_RSBW判定
B21: Table Type | C21: Matrix Search
C22: 入力 | N22: REQ | O22: 振る舞い
B23: 種類 | C23: Vehicle Operation Mode | K23: 他ドメイン情報 | L23: CAN | M23: 内部データ | N23: ALERT_CH_D_SFTPOS_B_RSBW | O23: TT | P23: PD | Q23: BC | R23: RW
B24: 有効電源状態 | C24: - | D24: - | E24: - | F24: - | G24: - | H24: - | I24: - | J24: - | K24: - | L24: IG-ON | M24: - | N24: ALERT_VOM_IGN_ON
B25: 端子名称/ メッセージラベル | C25: VOM | K25: リバース音の設定 | L25: ECT1S92 | M25: SFT_MET = 0010b
B26: 信号名(データラベル) | C26: RWT_EN | D26: [reserved] | E26: VCS_ON | F26: IGN_ON | G26: IGN_OFF_WT | H26: IGN_OFF | I26: BAT_WT | J26: BAT_AO | K26: u4_g_AlertRevBzrSoundType | L26: ECT1S92_STS | M26: SFT_METS | N26: 判定結果
B27: 取り得る値 | C27: 0b/ 1b | D27: - | E27: 0b/ 1b | F27: 0b/ 1b | G27: 0b/ 1b | H27: 0b/ 1b | I27: 0b/ 1b | J27: 0b/ 1b | K27: 無音(0b)/ 断続音(1b) | L27: 通常(00b)/ 未受信(01b)/ 途絶(10b)/ 未受信途絶(11b)/ | M27: SFT_METS != 0010b 吹鳴要求なし/ SFT_METS = 0010b 吹鳴要求あり | N27: UNKNOWN/ CYCLE | Q27: 断続/ -
B28: IG-ON + 無音 + ** + **** | C28: * | D28: * | E28: * | F28: * | G28: * | H28: * | I28: * | J28: * | K28: 0b | L28: **b | M28: ****b | N28: UNKNOWN | Q28: - | W28: 制御仕様→BZR
B29: IG-ON + 断続音 + 通常 + 吹鳴要求なし | C29: * | D29: * | E29: * | F29: * | G29: * | H29: * | I29: * | J29: * | K29: 1b | L29: 00b | M29: 0000b | N29: UNKNOWN | Q29: -
B30: IG-ON + 断続音 + 通常 + 吹鳴要求なし | C30: * | D30: * | E30: * | F30: * | G30: * | H30: * | I30: * | J30: * | K30: 1b | L30: 00b | M30: 0001b | N30: UNKNOWN | Q30: -
B31: IG-ON + 断続音 + 通常 + 吹鳴要求あり | C31: * | D31: * | E31: * | F31: * | G31: * | H31: * | I31: * | J31: * | K31: 1b | L31: 00b | M31: 0010b | N31: CYCLE | Q31: 断続
B32: IG-ON + 断続音 + 通常 + 吹鳴要求なし | C32: * | D32: * | E32: * | F32: * | G32: * | H32: * | I32: * | J32: * | K32: 1b | L32: 00b | M32: 0011b | N32: UNKNOWN | Q32: -
B33: IG-ON + 断続音 + 通常 + 吹鳴要求なし | C33: * | D33: * | E33: * | F33: * | G33: * | H33: * | I33: * | J33: * | K33: 1b | L33: 00b | M33: 0100b | N33: UNKNOWN | Q33: -
B34: IG-ON + 断続音 + 通常 + 吹鳴要求なし | C34: * | D34: * | E34: * | F34: * | G34: * | H34: * | I34: * | J34: * | K34: 1b | L34: 00b | M34: 0101b | N34: UNKNOWN | Q34: -
B35: IG-ON + 断続音 + 通常 + 吹鳴要求なし | C35: * | D35: * | E35: * | F35: * | G35: * | H35: * | I35: * | J35: * | K35: 1b | L35: 00b | M35: 0110b | N35: UNKNOWN | Q35: -
B36: IG-ON + 断続音 + 通常 + 吹鳴要求なし | C36: * | D36: * | E36: * | F36: * | G36: * | H36: * | I36: * | J36: * | K36: 1b | L36: 00b | M36: 0111b | N36: UNKNOWN | Q36: -
B37: IG-ON + 断続音 + 通常 + 吹鳴要求なし | C37: * | D37: * | E37: * | F37: * | G37: * | H37: * | I37: * | J37: * | K37: 1b | L37: 00b | M37: 1000b | N37: UNKNOWN | Q37: -
B38: IG-ON + 断続音 + 通常 + 吹鳴要求なし | C38: * | D38: * | E38: * | F38: * | G38: * | H38: * | I38: * | J38: * | K38: 1b | L38: 00b | M38: 1001b | N38: UNKNOWN | Q38: -
B39: IG-ON + 断続音 + 通常 + 吹鳴要求なし | C39: * | D39: * | E39: * | F39: * | G39: * | H39: * | I39: * | J39: * | K39: 1b | L39: 00b | M39: 1010b | N39: UNKNOWN | Q39: -
B40: IG-ON + 断続音 + 通常 + 吹鳴要求なし | C40: * | D40: * | E40: * | F40: * | G40: * | H40: * | I40: * | J40: * | K40: 1b | L40: 00b | M40: 1011b | N40: UNKNOWN | Q40: -
... B48: IG-OFF + * + ** + **** | C48: * | D48: * | E48: * | F48: * | G48: * | H48: * | I48: * | J48: * | K48: *b | L48: **b | M48: ****b | N48: UNKNOWN | Q48: -
W72: ■MET-M_CONTBUZZ2-CSTD-0004-C1（添付資料1）.xlsx
W83: 制御仕様→MID
W96: 制御仕様→Variable_MID
W112: その他
W114: なし

Sheet 【参考】Reference (19PFv3)
B2: BC_RJTB判定 | W2: 制御仕様→TT
B3: Table Type | C3: Matrix Search
C4: 入力 | N4: REQ | O4: 振る舞い
B5: 種類 | C5: Vehicle Operation Mode | K5: CAN | N5: ALERT_CH_D_SFTPOS_B_RJTB | O5: TT | P5: PD | Q5: BC | R5: RW
B6: 有効電源状態 | C6: - | D6: - | E6: - | F6: - | G6: - | H6: - | I6: - | J6: - | K6: IG-ON | L6: IG-ON | M6: IG-ON | N6: ALERT_VOM_IGN_ON
B7: 端子名称/ メッセージラベル | C7: VOM | K7: ECT1G92 | L7: ECT1G92 | M7: ECT1G92
B8: 信号名(データラベル) | C8: RWT_EN | D8: [reserved] | E8: VCS_ON | F8: IGN_ON | G8: IGN_OFF_WT | H8: IGN_OFF | I8: BAT_WT | J8: BAT_AO | K8: ECT1G92_STS | L8: B_RJTB2_SIG | M8: B_RJTB_SIG | N8: 判定結果
B9: 取り得る値 | C9: 0b/ 1b | D9: - | E9: 0b/ 1b | F9: 0b/ 1b | G9: 0b/ 1b | H9: 0b/ 1b | I9: 0b/ 1b | J9: 0b/ 1b | K9: 通常(0b)/ 未受信(1b) | L9: 非吹鳴(001b以外)/ 2連発(001b)/ | M9: 非吹鳴(0b)/ 2連発(1b) | N9: UNKNOWN/ DBL1/DBL2/DBL3 | Q9: 2連発/ -
B10: IG-ON +通常 + 非吹鳴 + 非吹鳴 | C10: * | D10: * | E10: * | F10: * | G10: * | H10: * | I10: * | J10: * | K10: 0b | L10: 000b | M10: 0b | N10: UNKNOWN | Q10: -
B11: IG-ON +通常 + 非吹鳴 + 2連発 | C11: * | D11: * | E11: * | F11: * | G11: * | H11: * | I11: * | J11: * | K11: 0b | L11: 000b | M11: 1b | N11: DBL1 | Q11: 2連発
B12: IG-ON +通常 + 2連発 + 非吹鳴 | C12: * | D12: * | E12: * | F12: * | G12: * | H12: * | I12: * | J12: * | K12: 0b | L12: 001b | M12: 0b | N12: DBL2 | Q12: 2連発
B13: IG-ON +通常 + 2連発 + 2連発 | C13: * | D13: * | E13: * | F13: * | G13: * | H13: * | I13: * | J13: * | K13: 0b | L13: 001b | M13: 1b | N13: DBL3 | Q13: 2連発
B14: IG-ON +通常 + 非吹鳴 + 非吹鳴 | C14: * | D14: * | E14: * | F14: * | G14: * | H14: * | I14: * | J14: * | K14: 0b | L14: 010b | M14: 0b | N14: UNKNOWN | Q14: -
B15: IG-ON +通常 + 非吹鳴 + 2連発 | C15: * | D15: * | E15: * | F15: * | G15: * | H15: * | I15: * | J15: * | K15: 0b | L15: 010b | M15: 1b | N15: UNKNOWN | Q15: -
B16: IG-ON +通常 + 非吹鳴 + 非吹鳴 | C16: * | D16: * | E16: * | F16: * | G16: * | H16: * | I16: * | J16: * | K16: 0b | L16: 011b | M16: 0b | N16: UNKNOWN | Q16: -
B17: IG-ON +通常 + 非吹鳴 + 2連発 | C17: * | D17: * | E17: * | F17: * | G17: * | H17: * | I17: * | J17: * | K17: 0b | L17: 011b | M17: 1b | N17: UNKNOWN | Q17: -
B18: IG-ON +通常 + 非吹鳴 + 非吹鳴 | C18: * | D18: * | E18: * | F18: * | G18: * | H18: * | I18: * | J18: * | K18: 0b | L18: 100b | M18: 0b | N18: UNKNOWN | Q18: -
B19: IG-ON +通常 + 非吹鳴 + 2連発 | C19: * | D19: * | E19: * | F19: * | G19: * | H19: * | I19: * | J19: * | K19: 0b | L19: 100b | M19: 1b | N19: UNKNOWN | Q19: -
B20: IG-ON +通常 + 非吹鳴 + 非吹鳴 | C20: * | D20: * | E20: * | F20: * | G20: * | H20: * | I20: * | J20: * | K20: 0b | L20: 101b | M20: 0b | N20: UNKNOWN | Q20: -
... B39: IG-ON +通常 + 非吹鳴 + 2連発 | C39: * | D39: * | E39: * | F39: * | G39: * | H39: * | I39: * | J39: * | K39: 0b | L39: 110b | M39: 1b | N39: UNKNOWN | Q39: -
B40: IG-ON +通常 + 非吹鳴 + 非吹鳴 | C40: * | D40: * | E40: * | F40: * | G40: * | H40: * | I40: * | J40: * | K40: 0b | L40: 111b | M40: 0b | N40: UNKNOWN | Q40: - | W40: 制御仕様→BZR
B41: IG-ON +通常 + 非吹鳴 + 2連発 | C41: * | D41: * | E41: * | F41: * | G41: * | H41: * | I41: * | J41: * | K41: 0b | L41: 111b | M41: 1b | N41: UNKNOWN | Q41: -
B42: IG-ON + 未受信 + *** + * | C42: * | D42: * | E42: * | F42: * | G42: * | H42: * | I42: * | J42: * | K42: 1b | L42: ***b | M42: *b | N42: UNKNOWN | Q42: -
B43: IG-OFF + * + *** + * | C43: * | D43: * | E43: * | F43: * | G43: * | H43: * | I43: * | J43: * | K43: *b | L43: ***b | M43: *b | N43: UNKNOWN | Q43: -
B50: B_RCVT判定
B51: Table Type | C51: Matrix Search
C52: 入力 | Q52: REQ | R52: 振る舞い
B53: 種類 | C53: Vehicle Operation Mode | K53: 他ドメイン情報 | N53: 内部データ | O53: CAN | P53: 内部データ | Q53: ALERT_CH_D_SFTPOS_B_RCVT | R53: TT | S53: PD | T53: BC | U53: RW
B54: 有効電源状態 | C54: - | D54: - | E54: - | F54: - | G54: - | H54: - | I54: - | J54: - | K54: - | L54: - | M54: - | N54: - | O54: IG-ON | P54: - | Q54: ALERT_VOM_IGN_ON
B55: 端子名称/ メッセージラベル | C55: VOM | K55: リバース音の設定 | L55: トランスミッション判定フラグ | M55: 走行可能フラグ | N55: 状態経過時間 | O55: ECT1S92 | P55: SFT_MET = 0010b
B56: 信号名(データラベル) | C56: RWT_EN | D56: [reserved] | E56: VCS_ON | F56: IGN_ON | G56: IGN_OFF_WT | H56: IGN_OFF | I56: BAT_WT | J56: BAT_AO | K56: u1_g_VardefBzRevDstByPid() == JPN | L56: - | M56: Ready to travel flag | N56: elpsd_03s | O56: ECT1S92_STS | P56: SFT_MET = 0010b | Q56: 判定結果
B57: 取り得る値 | C57: 0b/ 1b | D57: - | E57: 0b/ 1b | F57: 0b/ 1b | G57: 0b/ 1b | H57: 0b/ 1b | I57: 0b/ 1b | J57: 0b/ 1b | K57: FALSE(0b)/ TRUE(1b) | L57: MT(0b)/ MT以外(1b) | M57: フラグOFF(0b)/ フラグON(1b)/ | N57: 0.3s未満(0b)/ 0.3s以上(1b) | O57: 通常(00b)/ 未受信(01b)/ 途絶(10b)/ 未受信途絶(11b)/ | P57: SFT_MET != 0010b (0b)/ SFT_MET = 0010b (1b) | Q57: UNKNOWN/ CYCLE | T57: 断続/ -
B58: IG-ON + 無音 + * + * + * + ** + * | C58: * | D58: * | E58: * | F58: * | G58: * | H58: * | I58: * | J58: * | K58: 0b | L58: *b | M58: *b | N58: *b | O58: **b | P58: *b | Q58: UNKNOWN | T58: -
B59: IG-ON + 断続音 + MT + * + * + ** + * | C59: * | D59: * | E59: * | F59: * | G59: * | H59: * | I59: * | J59: * | K59: 1b | L59: 0b | M59: *b | N59: *b | O59: **b | P59: *b | Q59: UNKNOWN | T59: -
B60: IG-ON + 断続音 + MT以外 + フラグOFF + * + ** + * | C60: * | D60: * | E60: * | F60: * | G60: * | H60: * | I60: * | J60: * | K60: 1b | L60: 1b | M60: 0b | N60: *b | O60: **b | P60: *b | Q60: UNKNOWN | T60: -
B61: IG-ON + 断続音 + MT以外 + フラグON + 0.3s未満 + ** + * | C61: * | D61: * | E61: * | F61: * | G61: * | H61: * | I61: * | J61: * | K61: 1b | L61: 1b | M61: 1b | N61: 0b | O61: **b | P61: *b | Q61: UNKNOWN | T61: -
B62: IG-ON + 断続音 + MT以外 + フラグON + 0.3s以上 + 通常 + SFT_MET != 0010b | C62: * | D62: * | E62: * | F62: * | G62: * | H62: * | I62: * | J62: * | K62: 1b | L62: 1b | M62: 1b | N62: 1b | O62: 00b | P62: 0b | Q62: UNKNOWN | T62: -
B63: IG-ON + 断続音 + MT以外 + フラグON + 0.3s以上 + 通常 + SFT_MET = 0010b | C63: * | D63: * | E63: * | F63: * | G63: * | H63: * | I63: * | J63: * | K63: 1b | L63: 1b | M63: 1b | N63: 1b | O63: 00b | P63: 1b | Q63: CYCLE | T63: 2連発
B64: IG-ON + 断続音 + MT以外 + フラグON + 0.3s以上 + 未受信 + SFT_MET != 0010b | C64: * | D64: * | E64: * | F64: * | G64: * | H64: * | I64: * | J64: * | K64: 1b | L64: 1b | M64: 1b | N64: 1b | O64: 01b | P64: 0b | Q64: UNKNOWN | T64: -
B65: IG-ON + 断続音 + MT以外 + フラグON + 0.3s以上 + 未受信 + SFT_MET = 0010b | C65: * | D65: * | E65: * | F65: * | G65: * | H65: * | I65: * | J65: * | K65: 1b | L65: 1b | M65: 1b | N65: 1b | O65: 01b | P65: 1b | Q65: UNKNOWN | T65: -
B66: IG-ON + 断続音 + MT以外 + フラグON + 0.3s以上 + 途絶 + SFT_MET != 0010b | C66: * | D66: * | E66: * | F66: * | G66: * | H66: * | I66: * | J66: * | K66: 1b | L66: 1b | M66: 1b | N66: 1b | O66: 10b | P66: 0b | Q66: UNKNOWN | T66: -
B67: IG-ON + 断続音 + MT以外 + フラグON + 0.3s以上 + 途絶 + SFT_MET = 0010b | C67: * | D67: * | E67: * | F67: * | G67: * | H67: * | I67: * | J67: * | K67: 1b | L67: 1b | M67: 1b | N67: 1b | O67: 10b | P67: 1b | Q67: UNKNOWN | T67: -
B68: IG-ON + 断続音 + MT以外 + フラグON + 0.3s以上 + 未受信途絶 + SFT_MET != 0010b | C68: * | D68: * | E68: * | F68: * | G68: * | H68: * | I68: * | J68: * | K68: 1b | L68: 1b | M68: 1b | N68: 1b | O68: 11b | P68: 0b | Q68: UNKNOWN | T68: -
... B70: IG-OFF +* + * + * + * + ** + * | C70: * | D70: * | E70: * | F70: * | G70: * | H70: * | I70: * | J70: * | K70: *b | L70: *b | M70: *b | N70: *b | O70: **b | P70: *b | Q70: UNKNOWN | T70: -
B77: B_RSBW判定
B78: Table Type | C78: Matrix Search
C79: 入力 | N79: REQ | O79: 振る舞い
B80: 種類 | C80: Vehicle Operation Mode | K80: 他ドメイン情報 | L80: CAN | M80: 内部データ | N80: ALERT_CH_D_SFTPOS_B_RSBW | O80: TT | P80: PD | Q80: BC | R80: RW
B81: 有効電源状態 | C81: - | D81: - | E81: - | F81: - | G81: - | H81: - | I81: - | J81: - | K81: - | L81: IG-ON | M81: - | N81: ALERT_VOM_IGN_ON | W81: ■MET-M_CONTBUZZ-CSTD-0036-C7（添付資料1）.xlsx
B82: 端子名称/ メッセージラベル | C82: VOM | K82: リバース音の設定 | L82: ECT1S92 | M82: SFT_MET = 0010b
B83: 信号名(データラベル) | C83: RWT_EN | D83: [reserved] | E83: VCS_ON | F83: IGN_ON | G83: IGN_OFF_WT | H83: IGN_OFF | I83: BAT_WT | J83: BAT_AO | K83: u4_g_AlertRevBzrSoundType | L83: ECT1S92_STS | M83: SFT_METS = 0010b | N83: 判定結果
B84: 取り得る値 | C84: 0b/ 1b | D84: - | E84: 0b/ 1b | F84: 0b/ 1b | G84: 0b/ 1b | H84: 0b/ 1b | I84: 0b/ 1b | J84: 0b/ 1b | K84: 無音(0b)/ 断続音(1b) | L84: 通常(00b)/ 未受信(01b)/ 途絶(10b)/ 未受信途絶(11b)/ | M84: SFT_METS != 0010b (0b)/ SFT_METS = 0010b (1b) | N84: UNKNOWN/ CYCLE | Q84: 断続/ -
B85: IG-ON + 前回値非吹鳴 + 前回値非吹鳴 + 通常 + 非吹鳴 + 非吹鳴 | C85: * | D85: * | E85: * | F85: * | G85: * | H85: * | I85: * | J85: * | K85: 0b | L85: **b | M85: *b | N85: UNKNOWN | Q85: -
B86: IG-ON + 前回値非吹鳴 + 前回値非吹鳴 + 通常 + 非吹鳴 + 非吹鳴 | C86: * | D86: * | E86: * | F86: * | G86: * | H86: * | I86: * | J86: * | K86: 1b | L86: 00b | M86: 0b | N86: UNKNOWN | Q86: -
B87: IG-ON + 前回値非吹鳴 + 前回値非吹鳴 + 通常 + 非吹鳴 + 2連発 | C87: * | D87: * | E87: * | F87: * | G87: * | H87: * | I87: * | J87: * | K87: 1b | L87: 00b | M87: 1b | N87: CYCLE | Q87: 2連発
B88: IG-ON + 前回値非吹鳴 + 前回値非吹鳴 + 通常 + 非吹鳴 + 非吹鳴 | C88: * | D88: * | E88: * | F88: * | G88: * | H88: * | I88: * | J88: * | K88: 1b | L88: 01b | M88: 0b | N88: UNKNOWN | Q88: - | W88: 制御仕様→MID
B89: IG-ON + 前回値非吹鳴 + 前回値非吹鳴 + 通常 + 非吹鳴 + 2連発 | C89: * | D89: * | E89: * | F89: * | G89: * | H89: * | I89: * | J89: * | K89: 1b | L89: 01b | M89: 1b | N89: UNKNOWN | Q89: -
B90: IG-ON + 前回値非吹鳴 + 前回値非吹鳴 + 通常 + 非吹鳴 + 非吹鳴 | C90: * | D90: * | E90: * | F90: * | G90: * | H90: * | I90: * | J90: * | K90: 1b | L90: 10b | M90: 0b | N90: UNKNOWN | Q90: -
B91: IG-ON + 前回値非吹鳴 + 前回値非吹鳴 + 通常 + 非吹鳴 + 2連発 | C91: * | D91: * | E91: * | F91: * | G91: * | H91: * | I91: * | J91: * | K91: 1b | L91: 10b | M91: 1b | N91: UNKNOWN | Q91: -
B92: IG-ON + 前回値非吹鳴 + 前回値非吹鳴 + 通常 + 非吹鳴 + 非吹鳴 | C92: * | D92: * | E92: * | F92: * | G92: * | H92: * | I92: * | J92: * | K92: 1b | L92: 11b | M92: 0b | N92: UNKNOWN | Q92: -
B93: IG-ON + 前回値非吹鳴 + 前回値非吹鳴 + 通常 + 非吹鳴 + 2連発 | C93: * | D93: * | E93: * | F93: * | G93: * | H93: * | I93: * | J93: * | K93: 1b | L93: 11b | M93: 1b | N93: UNKNOWN | Q93: -
B94: IG-ON + *** + *** + * + *** + * | C94: * | D94: * | E94: * | F94: * | G94: * | H94: * | I94: * | J94: * | K94: *b | L94: **b | M94: *b | N94: UNKNOWN | Q94: -
W126: その他

Sheet History
B2: Rev. | C2: =MAX(B4:B28) -> 20
B3: Rev. | C3: 変更者 | D3: テンプレート変更内容
B4: 0 | C4: 岩田 | D4: 新規作成
B5: 1 | C5: 岩田 | D5: ・Historyシートに変更者列を追加 ・ALERT_MTRX_NAMEがCH名ではなく、機能名で出力されるように修正 ・DSTテーブルの終端「};」の後ろに半角スペースが入らないように修正
B6: 2 | C6: MSE佐野 | D6: [表紙] バージョン表示用の数式修正
B7: 3 | C7: 岩田 | D7: [Matrix] ・選択できる初期化関数名修正 ・Matrix構造体名の欄を追加 ・機能名とCH名の文字数制限による条件付き書式を追加
B8: 4 | C8: MSE平出 | D8: [CH_Design] ・機能の電源状態を記載する欄を追加 ・「コメント」を「条件」に変更 [AIRBAG] テーブル作成シート ・Statusをリストから選択するように修正。 リストの元は、CH_DesignのStausを使用。
B9: 5 | C9: MSE鈴木大 | D9: [CH_Design] ・TT欄、BC欄の記載ルールをセルコメントとして追記。周期やDutyがわかるように変更。
B10: 6 | C10: 岩田 | D10: [AIRBAG] テーブル作成シート ・DST数に接尾語"U"を追加
B11: 7 | C11: MSE平出 | D11: [CH_Design] ・StatusでUNKNOWNを指定できるようにダミー行を追加
B12: 8 | C12: 岩田 | D12: [AIRBAG] テーブル作成シート ・64要素で出力させた際に、終端の"};"が出力されるように修正
B13: 9 | C13: 岩田 | D13: [AIRBAG] テーブル作成シート ・VOM CHKにIG OFF Bit追加
B14: 10 | C14: MSE内藤 | D14: [真理値表] 出力判定方法（Index or Matrix Search）を記載する欄を追加
B15: 11 | C15: 岩田 | D15: [真理値表] ・Referenceシートに命名変更 [Matrix] ・編集可能範囲設定 ・入力仕様情報追加 [CH_Design] ・編集可能範囲設定 [AIRBAG] ・Table利用方式を選択式に変更 ・Search Tableの凡例としてTT、Index Tableの凡例としてBCシートに命名変更し、新規作成
... B24: 20 | C24: MSE小澤 | D24: [はじめに] ・2.上位文書 #0 Alert設計資料 格納先パスを以下に変更 https://aip01.dndev.net/svn/aip/tmcapp/sd/evidence/trunk/02_Design/01_Vom/Alert/03_Component/alert_design.pptx ・2.上位文書 #1 LComSpec(warning.xlsx)を削除 [TT][BC] ・AU列の数式を修正(メンバがNULLの場合、NULLの定義名をvdp_PTR_NAに修正)
