Workbook
Name _1: #N/A
Name _10: '[1]#REF'!$GJ$2:$GJ$7971
Name _11: '[1]#REF'!$GJ$2:$GJ$7971
Name _12: '[1]#REF'!$GJ$2:$GJ$7971
Name _13: '[1]#REF'!$GJ$2:$GJ$7971
Name _2: #N/A
Name _3: #N/A
Name _3.1.1: #N/A
Name _3.1.2: #N/A
Name _3.1.3: #N/A
Name _3.1.4: #N/A
Name _3.1.5: #N/A
Name _3.1.6: #N/A
Name _3.1.7: #N/A
Name _3.1.8: #N/A
Name _3.3: #N/A
Name _3.3.1: #N/A
Name _3.3.2: #N/A
Name _3.4.1: #N/A
Name _3.4.2: #N/A
Name _3.4.3: #N/A
Name _3.4.4: #N/A
Name _3.4.5: #N/A
Name _3.4.6: #N/A
Name _3.4.7: #N/A
Name _3.4.8: #N/A
Name _3.4.9: #N/A
Name _4: #N/A
Name _5: #N/A
Name _6: #N/A
Name _7: #N/A
Name _8: #N/A
Name _9: '[1]#REF'!$GJ$2:$GJ$7971
Name \w: '[1]#REF'!#REF!
Name ■_目次_■: #REF!
Name ■プロジェクト体制図: #REF!
Name ■ロール: #REF!
Name ■教育計画: #REF!
Name ■計画チーム: #REF!
Name ■見積もりチーム: #REF!
Name ■削除項目: #REF!
Name ■必要な技術: #REF!
Name ■要件受け入れチーム: #REF!
Name ★JOB名称: #REF!
Name ★依頼者名: #REF!
Name ★作業種別: #REF!
Name ★発生種別: #REF!
Name aa: '[1]#REF'!$DU$3
Name ADLSB: #REF!
Name ANTI_ALIAS: #REF!
Name ApiConfirmSearchListExistenceByString: #REF!
Name ApiConfirmSearchListExistenceByTagKind: #REF!
Name ApiGetSearchListIndexWord: #REF!
Name ApiScrollSearchJumpAsync: #REF!
Name ApiScrollSearchJumpByWord: #REF!
Name Attribute: #REF!
Name B: #REF!
Name B_WRNBAR_000: #REF!
Name BASELINE_SHIFT: #REF!
Name baseName: #REF!

Sheet 表紙
A9: =MID(CELL("filename",A1), FIND("[",CELL("filename",A1))+1, FIND("]",CELL("filename",A1))-FIND("[",CELL("filename",A1))-6) -> alert_P_OILLEV-CSTD-0-06-A-C2
Y18: (株)デンソー
Y19: 承認 | AD19: 検討 | AI19: 作成
AA22: <DN確認印> | AF22: <DN検討印>
Y26: デンソーテクノ（株） HMI3部2室
Y27: 承認 | AD27: 検討 | AI27: 作成
AA30: <DT確認印> | AF30: <DT検討印>
Y34: DENSO TECHNO PHIL. INC
Y35: 承認 | AD35: 検討 | AI35: 作成

Sheet _表紙
H2: コンポーネント | I2: Vom::Alert
D3: =REPLACE(LEFT(CELL("filename",$B$1),FIND(".xls",CELL("filename",$B$1))-1),1,FIND("[",CELL("filename",$B$1)),) -> alert_P_OILLEV-CSTD-0-06-A-C2 | H3: Gitリポジトリ | I3: https://aip01.dndev.net/bitbucket/scm/aip_tp/tmcapp_ict1_alert.git
E4: =DGET(B8:C37,"Ver.",H4:H5) -> 1.19.１ | H4: ROW
H5: =MAX(B9:B37) -> 24
C7: 更新履歴 | E7: 対象ソフトVer | G7: 承認欄 [DENSO] | M7: 承認欄 [NTTデータMSE] | S7: 承認欄 [DT]
B8: ROW | C8: Ver. | D8: 更新内容 | E8: Git(CommitID) | F8: Component Version | G8: 承認者 | H8: 承認日 | I8: 検討者 | J8: 検討日 | K8: 作成者 | L8: 作成日 | M8: 承認者 | N8: 承認日 | O8: 検討者 | P8: 検討日 | Q8: 作成者 | R8: 作成日 | S8: 承認者 | T8: 承認日 | U8: 検討者 | V8: 検討日 | W8: 作成者 | X8: 作成日
B9: =IF(C9=0,0,ROW()-ROW($B$8)) -> 1 | C9: 1.0.0 | D9: 新規作成 | E9: - | F9: 5.5.0 | G9: - | H9: - | I9: - | J9: - | K9: - | L9: - | M9: 鈴木直行 | N9: 43913 | O9: 鈴木大助 | P9: 43914 | Q9: 平出 | R9: 43914 | S9: - | T9: - | U9: - | V9: - | W9: - | X9: -
B10: =IF(C10=0,0,ROW()-ROW($B$8)) -> 2 | C10: 1.1.0 | D10: 800B CV-R対応 [Config_IFシート] ・ジカ線の名前を変更（OILWからOIL_W） [P_OILLEVシート] ・OIL_Wを追加し、見直し [Referenceシート] ・CAN信号のフレームを変更 ・真理値表にOIL_Wを追加し、見直し verdefからエンジン型式情報を取得してE/G 回転数を抽出するように修正 | E10: - | F10: 5.5.0 | G10: - | H10: - | I10: - | J10: - | K10: - | L10: - | M10: 鈴木直行 | N10: 44041 | O10: 鈴木大助 | P10: 44041 | Q10: 森 | R10: 44041 | S10: - | T10: - | U10: - | V10: - | W10: - | X10: -
B11: =IF(C11=0,0,ROW()-ROW($B$8)) -> 3 | C11: 1.1.1 | D11: 残課題対応 水温LSBの変更を考慮した水温使用箇所Config化(METHUD800B-8286) [Reference]シート ・水温情報を外部ドメインから取得する旨を明記 | E11: - | F11: 5.5.0 | G11: - | H11: - | I11: - | J11: - | K11: - | L11: - | M11: 鈴木直行 | N11: 44090 | O11: 鈴木大助 | P11: 44090 | Q11: 社本 | R11: 44090 | S11: - | T11: - | U11: - | V11: - | W11: - | X11: -
B12: =IF(C12=0,0,ROW()-ROW($B$8)) -> 4 | C12: 1.1.2 | D12: 3点照合不具合対応 エンジン回転数の閾値を、Config関数から取得するように修正 [Config_IF]シート ・u1_g_AlertCfgHighEngTyp()を削除し、u2_g_AlertCfgOilrpm(void)を追加 | E12: - | F12: 5.5.0 | G12: - | H12: - | I12: - | J12: - | K12: - | L12: - | Q12: 森 | R12: 44187 | S12: - | T12: - | U12: - | V12: - | W12: - | X12: -
B13: =IF(C13=0,0,ROW()-ROW($B$8)) -> 5 | C13: 1.2.0 | D13: 840B CV対応 仕様書Rev17⇒19変更 [Matrix]シート ・ロケーション変更 [Reference]シート ・M_REMWAR制御仕様，定数仕様，DMSのキャプチャ画像を変更 ・B_OILLVのMessage Labelが2種+非適用のパターンがある旨を記載 | E13: - | F13: 5.5.0 | G13: - | H13: - | I13: - | J13: - | K13: - | L13: - | Q13: 高橋 | R13: 44279 | S13: - | T13: - | U13: - | V13: - | W13: - | X13: -
B14: =IF(C14=0,0,ROW()-ROW($B$8)) -> 6 | C14: 1.3.0 | D14: 840B 1A対応(流用元：840B CV alert_P_OILLEV-CSTD-0-02-A-C2.xlsx) [Matrix]シート ・対象仕様書変更 ・ロケーション変更 [Config_IF]シート ・u4_g_AlertCfgOilrpm()について戻り値をU4に変更。閾値の無い場合の説明を追記 [Reference]シート ・定数仕様のキャプチャを840B 1A用に変更 ・エンジン型式情報：095E(2.5HV)での制御についてコメント追加 | E14: - | F14: 5.5.0 | G14: - | H14: - | I14: - | J14: - | K14: - | L14: - | Q14: 高橋 | R14: 44484 | S14: - | T14: - | U14: - | V14: - | W14: - | X14: -
B15: =IF(C15=0,0,ROW()-ROW($B$8)) -> 7 | C15: 1.4.0 | D15: 840B ジカ線判定追加対応 [Matrix]シート ・ロケーション変更 [Config_IF]シート ・u1_g_AlertOillvSw()を追加 [Reference]シート ・吹き出しコメント追記 | E15: - | F15: 5.5.0 | G15: - | H15: - | I15: - | J15: - | K15: - | L15: - | Q15: 永原 | R15: 44511 | S15: - | T15: - | U15: - | V15: - | W15: - | X15: -
B16: =IF(C16=0,0,ROW()-ROW($B$8)) -> 8 | C16: 1.5.0 | D16: 840B MPT対応 893B対応 [Matrix]シート ・対象仕様書変更 ・ロケーション変更 [Config_IF]シート ・u4_g_AlertCfgOilrpm()をu1_g_AlertCfgOilrpm()に変更 [Reference]シート ・定数仕様のキャプチャを840 MPT用に変更 ・ジカ線・CAN通信適用有無の判定についてコメント追記 ・新規追加のエンジン型式：M20A-FKS(DS-20)についてコメント追記 ・エンジン型式信号(ENG1F03)未受信・途絶・未受信通信途絶時の制御についてコメント追記 ・未定義のエンジン型式信号取得時の制御についてコメント追記 ・エンジン型式情報が095E(2.5HV)及びM20A-FKS(DS-20)の場合の制御についてコメント追記 [Referece2]シート追加 | E16: - | F16: 5.5.0 | G16: - | H16: - | I16: - | J16: - | K16: - | L16: - | Q16: 永原 | R16: 44557 | S16: - | T16: - | U16: - | V16: - | W16: - | X16: -
B17: =IF(C17=0,0,ROW()-ROW($B$8)) -> 9 | C17: 1.6.0 | D17: 面企画#2 CV対応 [Matrix]シート ・ロケーション変更 [Reference]シート ・定数仕様のキャプチャを面企画#2 CV用に変更 [Reference2シート] ・面企画#2としてエンジンTYPE組み直しに伴い 真理値表に組み直し結果を反映 ・真理値表に新規エンジン型式追加 （上記組み直し結果に追加されていることを確認済み） [Reference3]シート ・エンジン型式とP_OILLEVの定数仕様一覧としてシート追加 | E17: - | F17: 5.5.0 | G17: - | H17: - | I17: - | J17: - | K17: - | L17: - | Q17: 永原 | R17: 44634 | S17: - | T17: - | U17: - | V17: - | W17: - | X17: -
B18: =IF(C18=0,0,ROW()-ROW($B$8)) -> 10 | C18: 1.7.0 | D18: 面企画#2 117D向けエンジン型式追加対応 [Reference]シート ・定数仕様のキャプチャを更新 ・追加した定数仕様に関し赤字コメント追記 [Reference2シート] ・117D向け新規追加エンジン型式に対するマクロ定義を記載 ・上記新規追加エンジン型式を真理値表に追加 | E18: - | F18: 5.5.0 | G18: - | H18: - | I18: - | J18: - | K18: - | L18: - | Q18: 永原 | R18: 44658 | S18: - | T18: - | U18: - | V18: - | W18: - | X18: -
B19: =IF(C19=0,0,ROW()-ROW($B$8)) -> 11 | C19: 1.8.0 | D19: 面企画#2 1A 定数仕様v2.3.d(117D, 115D) 向けエンジン型式対応 ・設計書のリビジョンをRev20に更新 [Matrix]シート ・ロケーション変更 [Reference]シート ・定数仕様のキャプチャを更新 ・追加した定数仕様に関し赤字コメント追記 [Reference2]シート ・「117D向けのエンジン型式 vs マクロ定義名の対応表」削除し、「P_OILLEV定数 対応エンジン型式 vs M_ENG定数 エンジン型式 vs マクロ定義名の対応表」追加。 ・「エンジンタイプと実際のエンジン型式」の参照先を[(参照)エンジン型式設定]シート参照に変更。 ・真理値表に「右記以外」「115D907B885B」「117D908B935B」のB_OILLV/OILW追加 [Reference3]シート ・面開発管理用_20220519_標準仕様DB_v0058+QA対応.xlsm 追加。 ・M_ENG、P_OILLEV 定数値更新 | E19: - | F19: 5.5.0 | G19: - | H19: - | I19: - | J19: - | K19: - | L19: - | Q19: 大野 | R19: 44782 | S19: - | T19: - | U19: - | V19: - | W19: - | X19: -
B20: =IF(C20=0,0,ROW()-ROW($B$8)) -> 12 | C20: 1.8.1 | D20: 面企画#2 1A 定数仕様v2.3.d(117D, 115D) 向けエンジン型式対応 [Reference]シート ・117Dの定数仕様の箇所に、オイルSWなしのコメントを追記。 [Reference2]シート ・真理値表から「117D908B935B」列削除。 「115D907B885B(117D以外)」→「115D907B885B/117D908B935B/その他]に変更。 ・取り得る値[VALID + TYPE8 + TRUE] 箇所に117Dのコメント追記。 [Reference3]シート ・117Dの定数仕様の箇所に、オイルSW 〇→-に変更し、コメントを追記。 | E20: - | F20: 5.5.0 | G20: - | H20: - | I20: - | J20: - | K20: - | L20: - | Q20: 大野 | R20: 44798 | S20: - | T20: - | U20: - | V20: - | W20: - | X20: -
B21: =IF(C21=0,0,ROW()-ROW($B$8)) -> 13 | C21: 1.9.0 | D21: 面企画#2 1A 対応および、定数仕様(130D, 330D) 向けエンジン型式対応 [Matrix]シート ・ロケーション変更 [Reference]シート ・定数仕様のキャプチャを更新 ・追加した定数仕様に関し赤字コメント追記 [Reference2]シート ・130D, 330D の記載追加。 ・真理値表に「130D」のB_OILLV/OILW追加 [Reference3]シート ・面開発管理用_220705_標準仕様DB_v0061.xlsm 追加。 ・M_ENG、P_OILLEV 定数値更新 | E21: - | F21: 5.5.0 | G21: - | H21: - | I21: - | J21: - | K21: - | L21: - | Q21: 大野 | R21: 44799 | S21: - | T21: - | U21: - | V21: - | W21: - | X21: -
B22: =IF(C22=0,0,ROW()-ROW($B$8)) -> 14 | C22: 1.10.0 | D22: 面企画#2.5 296D CV [Reference]シート ・296Dの定数仕様を追記 [Reference2]シート ・真理値表にTYPE14/TYPE15を追記 ・対応表に296Dを追記 [Reference3]シート ・定数仕様一覧に296Dを追記 [(参照)エンジン型式設定]シート ・エンジン型式設定まとめに296Dを追記 | E22: - | F22: 5.5.0 | G22: - | H22: - | I22: - | J22: - | K22: - | L22: - | Q22: 吉澤 | R22: 44809 | S22: - | T22: - | U22: - | V22: - | W22: - | X22: -
B23: =IF(C23=0,0,ROW()-ROW($B$8)) -> 15 | C23: 1.11.0 | D23: 面企画#2 1A 定数仕様(130D) 向けエンジン型式対応 [Reference]シート ・130Dの定数仕様コメント記載 [Reference2]シート ・対応表の130D TYPE9の設定値を変更 [Reference3]シート ・定数仕様一覧の130Dにコメント追加 | E23: - | F23: 5.5.0 | G23: - | H23: - | I23: - | J23: - | K23: - | L23: - | Q23: 大野 | R23: 44816 | S23: - | T23: - | U23: - | V23: - | W23: - | X23: -
... B30: =IF(C30=0,0,ROW()-ROW($B$8)) -> 22 | C30: 1.18.0 | D30: 19PFv3 CV MET-M_ENG-CSTD-0-対応_MET19PFV3-418 [Config_IF]シート ・u1_g_AlertCfgOilrpmのコメントを更新 ・u1_g_AlertOillvSwのコメントを更新 ・396D448Dの定数仕様を追記 [Reference2]シート ・対応表に396D448Dを追記 [Reference3]シート ・定数仕様一覧に396D448Dを追記 | E30: - | F30: 5.5.0 | G30: - | H30: - | I30: - | J30: - | K30: - | L30: - | Q30: 大野 | R30: 44995 | S30: - | T30: - | U30: - | V30: - | W30: - | X30: -
B31: =IF(C31=0,0,ROW()-ROW($B$8)) -> 23 | C31: 1.19.0 | D31: 19PFv3 R4小対応_MET19PFV3-43349 [Reference]シート ・DetailedSpecの内容を更新 [Reference3]シートを削除 [(参照)エンジン型式設定]シートを削除 | E31: - | F31: 5.5.0 | G31: - | H31: - | I31: - | J31: - | K31: - | L31: - | M31: - | N31: - | O31: - | P31: - | Q31: - | R31: - | W31: DTPH Patrick | X31: 45786
B32: =IF(C32=0,0,ROW()-ROW($B$8)) -> 24 | C32: 1.19.１ | D32: 品質総点検(R4)：Alert設計書の修正対応 [Config_IF]シート ・Alert Config IF Listの変更 | E32: - | F32: - | G32: - | H32: - | I32: - | J32: - | K32: - | L32: - | W32: DTPH Kiko | X32: 45812
B33: =IF(C33=0,0,ROW()-ROW($B$8)) -> 0

Sheet はじめに
B2: １．本書の目的
C3: TMC Specを分析した結果で、Vom::Alertの実装に必要となる情報を抽出し、Alert Config Toolのインプットとする。
B6: ２．上位文書
C7: # | E7: path
C8: 0 | D8: Alert設計資料 | E8: https://aip01.dndev.net/svn/aip/tmcapp/sd/evidence/trunk/02_Design/01_Vom/Alert/03_Component/alert_design.pptx
B12: ３．用語の説明
C13: # | D13: 用語 | E13: 説明
C14: 0 | D14: Alert Config Tool | E14: TMC Specと本設計書のトレースをデータベース管理するTool。
C15: 1 | D15: TT | E15: Telltale
C16: 2 | D16: PD | E16: Pop-up Display
C17: 3 | D17: BC | E17: Buzzer/Chime
C18: 4 | D18: RW | E18: Remote Warning
C19: 5 | D19: CH | E19: Alert Channel。 各Specを分析した結果で決定されるモジュール内分割単位。
C20: 6 | D20: VOM | E20: Vehicle Operation Mode
B24: ４．各シートの説明
C25: # | D25: 用語 | E25: 説明
C26: 0 | D26: Matrix | E26: 対象となるTMC Specならびに分析した結果で決定されるAlert Channel情報について記載する。 Alert Config Toolのインプットとする。
C27: 1 | D27: CH_Design | E27: 対象のTMC Specにおいて、Vom::Alertが外部に提供する各CHの出力(REQ)について記載する。 機能判定欄については、出力先によって実施責務が異なるため、出力先毎に有無を記載する。 TT機能判定、BC機能判定、PD機能判定 ： VSV側にて参照 RW機能判定 ： Vom::Alertにて参照 TMC Specにて定義される機能有無判定の要否について抽出した結果で記載する。 ※機種(e.x.775B)毎の要否ではないため、対象機種に応じた更新(メンテナンス)は行わない。 PD欄については、Alert制御仕様書にて定義されるWarning Noを記載する。 Alert Config Toolのインプットとする。
C28: 2 | D28: Config_IF | E28: 対象のTMC Specにおいて、 Vom::Alertが使用する外部ドメインIF Vom::Alertが使用するConfig IF、定義 について記載する。 Alert Config Toolのインプットとする。
C29: 3 | D29: TT/BC | E29: シート名は各CH名を採用する。 対象のTMC Specを分析した結果で、各CHのインプット/アウトプットの判定条件について記載する。 コーディング時のインプットとする。
C30: 4 | D30: Reference | E30: 対象のTMC Specを分析した際の中間成果物。参考情報として記載。メンテナンス対象外。
C31: 5 | D31: History | E31: テンプレート変更履歴
B37: ５．入力セルの凡例
E38: ユーザ入力セル
E39: 自動計算セル

Sheet Matrix
B2: 対象仕様書 | D2: MET-P_OILLEV-CSTD-0-06-A-C2.xlsm
B3: ロケーション | D3: https://aip01.dndev.net/svn/met/toyota/std/rd/spec/19PFver3/tags/00.Product/v6.4.d/制御仕様/MET-P_OILLEV-CSTD-0-06-A-C2/
B4: モジュール名 | D4: =_表紙!D3&".c" -> alert_P_OILLEV-CSTD-0-06-A-C2.c
D5: =IF(LEN(_表紙!D3&".c") = LENB(_表紙!D3&".c"),"※モジュール名 全角チェックOK","※モジュール名 全角チェックNG：ファイル名に全角文字が使用されています！") -> ※モジュール名 全角チェックOK
B6: 機能名 | D6: =MID(D4, LEN("alert_") + 1, FIND("-",D4,1) - LEN("alert_") - 1) -> P_OILLEV
B7: 判定要素数 | D7: =COUNTA($D$13:$D$37) -> 1
B8: Matrix名 | D8: ="st_gp_ALERT_"&UPPER(D6)&"_MTRX" -> st_gp_ALERT_P_OILLEV_MTRX
B9: 初期化関数名 | D9: vd_g_AlertP_oillevInit
B10: 処理時間
B12: No | C12: CH Name | D12: VOM | E12: RW | F12: Srcchk | G12: RwTx | H12: CH | I12: REQ | K12: VOM | L12: 初期化関数名 | M12: CH名称中間データ
B13: 1 | C13: - | D13: ALERT_VOM_IGN_ON | E13: ○ | F13: =IF($D13<>"","u4_s_Alert"&UPPER(LEFT($D$6,1))&LOWER(MID($D$6,2,100))&IF($D$7=1,"",N13)&"Srcchk","") -> u4_s_AlertP_oillevSrcchk | G13: =IF($D13<>"",IF($E13="○","vd_s_Alert"&UPPER(LEFT($D$6,1))&LOWER(MID($D$6,2,100))&IF($D$7=1,"",N13)&"RwTx","NULL"),"") -> vd_s_AlertP_oillevRwTx | H13: =IF($D13<>"","ALERT_CH_"&UPPER($D$6)&IF($D$7=1,"","_"&UPPER($C13)),"") -> ALERT_CH_P_OILLEV | I13: =IF($D13<>"","ALERT_REQ_"&UPPER($D$6)&IF($D$7=1,"","_"&UPPER($C13)),"") -> ALERT_REQ_P_OILLEV | K13: ALERT_VOM_BAT_AO | L13: NULL | M13: =FIND("_",C13,1) -> #VALUE! | N13: =IF(IFERROR(M13,0),UPPER(LEFT(C13,1))&LOWER(MID(C13,2,M13-2))&UPPER(MID(C13,M13+1,1))&LOWER(MID(C13,M13+2,100)),UPPER(LEFT(C13,1))&LOWER(MID(C13,2,100))) -> -
B14: 2 | F14: =IF($D14<>"","u4_s_Alert"&UPPER(LEFT($D$6,1))&LOWER(MID($D$6,2,100))&IF($D$7=1,"",N14)&"Srcchk","") | G14: =IF($D14<>"",IF($E14="○","vd_s_Alert"&UPPER(LEFT($D$6,1))&LOWER(MID($D$6,2,100))&IF($D$7=1,"",N14)&"RwTx","NULL"),"") | H14: =IF($D14<>"","ALERT_CH_"&UPPER($D$6)&IF($D$7=1,"","_"&UPPER($C14)),"") | I14: =IF($D14<>"","ALERT_REQ_"&UPPER($D$6)&IF($D$7=1,"","_"&UPPER($C14)),"") | K14: ALERT_VOM_BAT_WT | L14: ="vd_g_Alert"&UPPER(LEFT(D6,1))&LOWER(MID(D6,2,100))&"Init" -> vd_g_AlertP_oillevInit | M14: =FIND("_",C14,1) -> #VALUE! | N14: =IF(IFERROR(M14,0),UPPER(LEFT(C14,1))&LOWER(MID(C14,2,M14-2))&UPPER(MID(C14,M14+1,1))&LOWER(MID(C14,M14+2,100)),UPPER(LEFT(C14,1))&LOWER(MID(C14,2,100)))
B15: 3 | F15: =IF($D15<>"","u4_s_Alert"&UPPER(LEFT($D$6,1))&LOWER(MID($D$6,2,100))&IF($D$7=1,"",N15)&"Srcchk","") | G15: =IF($D15<>"",IF($E15="○","vd_s_Alert"&UPPER(LEFT($D$6,1))&LOWER(MID($D$6,2,100))&IF($D$7=1,"",N15)&"RwTx","NULL"),"") | H15: =IF($D15<>"","ALERT_CH_"&UPPER($D$6)&IF($D$7=1,"","_"&UPPER($C15)),"") | I15: =IF($D15<>"","ALERT_REQ_"&UPPER($D$6)&IF($D$7=1,"","_"&UPPER($C15)),"") | K15: ALERT_VOM_IGN_OFF | M15: =FIND("_",C15,1) -> #VALUE! | N15: =IF(IFERROR(M15,0),UPPER(LEFT(C15,1))&LOWER(MID(C15,2,M15-2))&UPPER(MID(C15,M15+1,1))&LOWER(MID(C15,M15+2,100)),UPPER(LEFT(C15,1))&LOWER(MID(C15,2,100)))
B16: 4 | F16: =IF($D16<>"","u4_s_Alert"&UPPER(LEFT($D$6,1))&LOWER(MID($D$6,2,100))&IF($D$7=1,"",N16)&"Srcchk","") | G16: =IF($D16<>"",IF($E16="○","vd_s_Alert"&UPPER(LEFT($D$6,1))&LOWER(MID($D$6,2,100))&IF($D$7=1,"",N16)&"RwTx","NULL"),"") | H16: =IF($D16<>"","ALERT_CH_"&UPPER($D$6)&IF($D$7=1,"","_"&UPPER($C16)),"") | I16: =IF($D16<>"","ALERT_REQ_"&UPPER($D$6)&IF($D$7=1,"","_"&UPPER($C16)),"") | K16: ALERT_VOM_IGN_OFF_WT | M16: =FIND("_",C16,1) -> #VALUE! | N16: =IF(IFERROR(M16,0),UPPER(LEFT(C16,1))&LOWER(MID(C16,2,M16-2))&UPPER(MID(C16,M16+1,1))&LOWER(MID(C16,M16+2,100)),UPPER(LEFT(C16,1))&LOWER(MID(C16,2,100)))
B17: 5 | F17: =IF($D17<>"","u4_s_Alert"&UPPER(LEFT($D$6,1))&LOWER(MID($D$6,2,100))&IF($D$7=1,"",N17)&"Srcchk","") | G17: =IF($D17<>"",IF($E17="○","vd_s_Alert"&UPPER(LEFT($D$6,1))&LOWER(MID($D$6,2,100))&IF($D$7=1,"",N17)&"RwTx","NULL"),"") | H17: =IF($D17<>"","ALERT_CH_"&UPPER($D$6)&IF($D$7=1,"","_"&UPPER($C17)),"") | I17: =IF($D17<>"","ALERT_REQ_"&UPPER($D$6)&IF($D$7=1,"","_"&UPPER($C17)),"") | K17: ALERT_VOM_IGN_ON | M17: =FIND("_",C17,1) -> #VALUE! | N17: =IF(IFERROR(M17,0),UPPER(LEFT(C17,1))&LOWER(MID(C17,2,M17-2))&UPPER(MID(C17,M17+1,1))&LOWER(MID(C17,M17+2,100)),UPPER(LEFT(C17,1))&LOWER(MID(C17,2,100)))
B18: 6 | F18: =IF($D18<>"","u4_s_Alert"&UPPER(LEFT($D$6,1))&LOWER(MID($D$6,2,100))&IF($D$7=1,"",N18)&"Srcchk","") | G18: =IF($D18<>"",IF($E18="○","vd_s_Alert"&UPPER(LEFT($D$6,1))&LOWER(MID($D$6,2,100))&IF($D$7=1,"",N18)&"RwTx","NULL"),"") | H18: =IF($D18<>"","ALERT_CH_"&UPPER($D$6)&IF($D$7=1,"","_"&UPPER($C18)),"") | I18: =IF($D18<>"","ALERT_REQ_"&UPPER($D$6)&IF($D$7=1,"","_"&UPPER($C18)),"") | K18: ALERT_VOM_VCS_ON | M18: =FIND("_",C18,1) -> #VALUE! | N18: =IF(IFERROR(M18,0),UPPER(LEFT(C18,1))&LOWER(MID(C18,2,M18-2))&UPPER(MID(C18,M18+1,1))&LOWER(MID(C18,M18+2,100)),UPPER(LEFT(C18,1))&LOWER(MID(C18,2,100)))
B19: 7 | F19: =IF($D19<>"","u4_s_Alert"&UPPER(LEFT($D$6,1))&LOWER(MID($D$6,2,100))&IF($D$7=1,"",N19)&"Srcchk","") | G19: =IF($D19<>"",IF($E19="○","vd_s_Alert"&UPPER(LEFT($D$6,1))&LOWER(MID($D$6,2,100))&IF($D$7=1,"",N19)&"RwTx","NULL"),"") | H19: =IF($D19<>"","ALERT_CH_"&UPPER($D$6)&IF($D$7=1,"","_"&UPPER($C19)),"") | I19: =IF($D19<>"","ALERT_REQ_"&UPPER($D$6)&IF($D$7=1,"","_"&UPPER($C19)),"") | K19: ALERT_VOM_VCS_ON | M19: =FIND("_",C19,1) -> #VALUE! | N19: =IF(IFERROR(M19,0),UPPER(LEFT(C19,1))&LOWER(MID(C19,2,M19-2))&UPPER(MID(C19,M19+1,1))&LOWER(MID(C19,M19+2,100)),UPPER(LEFT(C19,1))&LOWER(MID(C19,2,100)))
B20: 8 | F20: =IF($D20<>"","u4_s_Alert"&UPPER(LEFT($D$6,1))&LOWER(MID($D$6,2,100))&IF($D$7=1,"",N20)&"Srcchk","") | G20: =IF($D20<>"",IF($E20="○","vd_s_Alert"&UPPER(LEFT($D$6,1))&LOWER(MID($D$6,2,100))&IF($D$7=1,"",N20)&"RwTx","NULL"),"") | H20: =IF($D20<>"","ALERT_CH_"&UPPER($D$6)&IF($D$7=1,"","_"&UPPER($C20)),"") | I20: =IF($D20<>"","ALERT_REQ_"&UPPER($D$6)&IF($D$7=1,"","_"&UPPER($C20)),"") | K20: ALERT_VOM_VCS_ON | M20: =FIND("_",C20,1) -> #VALUE! | N20: =IF(IFERROR(M20,0),UPPER(LEFT(C20,1))&LOWER(MID(C20,2,M20-2))&UPPER(MID(C20,M20+1,1))&LOWER(MID(C20,M20+2,100)),UPPER(LEFT(C20,1))&LOWER(MID(C20,2,100)))
B21: 9 | F21: =IF($D21<>"","u4_s_Alert"&UPPER(LEFT($D$6,1))&LOWER(MID($D$6,2,100))&IF($D$7=1,"",N21)&"Srcchk","") | G21: =IF($D21<>"",IF($E21="○","vd_s_Alert"&UPPER(LEFT($D$6,1))&LOWER(MID($D$6,2,100))&IF($D$7=1,"",N21)&"RwTx","NULL"),"") | H21: =IF($D21<>"","ALERT_CH_"&UPPER($D$6)&IF($D$7=1,"","_"&UPPER($C21)),"") | I21: =IF($D21<>"","ALERT_REQ_"&UPPER($D$6)&IF($D$7=1,"","_"&UPPER($C21)),"") | K21: ALERT_VOM_VCS_ON | M21: =FIND("_",C21,1) -> #VALUE! | N21: =IF(IFERROR(M21,0),UPPER(LEFT(C21,1))&LOWER(MID(C21,2,M21-2))&UPPER(MID(C21,M21+1,1))&LOWER(MID(C21,M21+2,100)),UPPER(LEFT(C21,1))&LOWER(MID(C21,2,100)))
B22: 10 | F22: =IF($D22<>"","u4_s_Alert"&UPPER(LEFT($D$6,1))&LOWER(MID($D$6,2,100))&IF($D$7=1,"",N22)&"Srcchk","") | G22: =IF($D22<>"",IF($E22="○","vd_s_Alert"&UPPER(LEFT($D$6,1))&LOWER(MID($D$6,2,100))&IF($D$7=1,"",N22)&"RwTx","NULL"),"") | H22: =IF($D22<>"","ALERT_CH_"&UPPER($D$6)&IF($D$7=1,"","_"&UPPER($C22)),"") | I22: =IF($D22<>"","ALERT_REQ_"&UPPER($D$6)&IF($D$7=1,"","_"&UPPER($C22)),"") | K22: ALERT_VOM_VCS_ON | M22: =FIND("_",C22,1) -> #VALUE! | N22: =IF(IFERROR(M22,0),UPPER(LEFT(C22,1))&LOWER(MID(C22,2,M22-2))&UPPER(MID(C22,M22+1,1))&LOWER(MID(C22,M22+2,100)),UPPER(LEFT(C22,1))&LOWER(MID(C22,2,100)))
B23: 11 | F23: =IF($D23<>"","u4_s_Alert"&UPPER(LEFT($D$6,1))&LOWER(MID($D$6,2,100))&IF($D$7=1,"",N23)&"Srcchk","") | G23: =IF($D23<>"",IF($E23="○","vd_s_Alert"&UPPER(LEFT($D$6,1))&LOWER(MID($D$6,2,100))&IF($D$7=1,"",N23)&"RwTx","NULL"),"") | H23: =IF($D23<>"","ALERT_CH_"&UPPER($D$6)&IF($D$7=1,"","_"&UPPER($C23)),"") | I23: =IF($D23<>"","ALERT_REQ_"&UPPER($D$6)&IF($D$7=1,"","_"&UPPER($C23)),"") | K23: ALERT_VOM_VCS_ON | M23: =FIND("_",C23,1) -> #VALUE! | N23: =IF(IFERROR(M23,0),UPPER(LEFT(C23,1))&LOWER(MID(C23,2,M23-2))&UPPER(MID(C23,M23+1,1))&LOWER(MID(C23,M23+2,100)),UPPER(LEFT(C23,1))&LOWER(MID(C23,2,100)))
B24: 12 | F24: =IF($D24<>"","u4_s_Alert"&UPPER(LEFT($D$6,1))&LOWER(MID($D$6,2,100))&IF($D$7=1,"",N24)&"Srcchk","") | G24: =IF($D24<>"",IF($E24="○","vd_s_Alert"&UPPER(LEFT($D$6,1))&LOWER(MID($D$6,2,100))&IF($D$7=1,"",N24)&"RwTx","NULL"),"") | H24: =IF($D24<>"","ALERT_CH_"&UPPER($D$6)&IF($D$7=1,"","_"&UPPER($C24)),"") | I24: =IF($D24<>"","ALERT_REQ_"&UPPER($D$6)&IF($D$7=1,"","_"&UPPER($C24)),"") | K24: ALERT_VOM_VCS_ON | M24: =FIND("_",C24,1) -> #VALUE! | N24: =IF(IFERROR(M24,0),UPPER(LEFT(C24,1))&LOWER(MID(C24,2,M24-2))&UPPER(MID(C24,M24+1,1))&LOWER(MID(C24,M24+2,100)),UPPER(LEFT(C24,1))&LOWER(MID(C24,2,100)))
B25: 13 | F25: =IF($D25<>"","u4_s_Alert"&UPPER(LEFT($D$6,1))&LOWER(MID($D$6,2,100))&IF($D$7=1,"",N25)&"Srcchk","") | G25: =IF($D25<>"",IF($E25="○","vd_s_Alert"&UPPER(LEFT($D$6,1))&LOWER(MID($D$6,2,100))&IF($D$7=1,"",N25)&"RwTx","NULL"),"") | H25: =IF($D25<>"","ALERT_CH_"&UPPER($D$6)&IF($D$7=1,"","_"&UPPER($C25)),"") | I25: =IF($D25<>"","ALERT_REQ_"&UPPER($D$6)&IF($D$7=1,"","_"&UPPER($C25)),"") | K25: ALERT_VOM_VCS_ON | M25: =FIND("_",C25,1) -> #VALUE! | N25: =IF(IFERROR(M25,0),UPPER(LEFT(C25,1))&LOWER(MID(C25,2,M25-2))&UPPER(MID(C25,M25+1,1))&LOWER(MID(C25,M25+2,100)),UPPER(LEFT(C25,1))&LOWER(MID(C25,2,100)))
B26: 14 | F26: =IF($D26<>"","u4_s_Alert"&UPPER(LEFT($D$6,1))&LOWER(MID($D$6,2,100))&IF($D$7=1,"",N26)&"Srcchk","") | G26: =IF($D26<>"",IF($E26="○","vd_s_Alert"&UPPER(LEFT($D$6,1))&LOWER(MID($D$6,2,100))&IF($D$7=1,"",N26)&"RwTx","NULL"),"") | H26: =IF($D26<>"","ALERT_CH_"&UPPER($D$6)&IF($D$7=1,"","_"&UPPER($C26)),"") | I26: =IF($D26<>"","ALERT_REQ_"&UPPER($D$6)&IF($D$7=1,"","_"&UPPER($C26)),"") | K26: ALERT_VOM_VCS_ON | M26: =FIND("_",C26,1) -> #VALUE! | N26: =IF(IFERROR(M26,0),UPPER(LEFT(C26,1))&LOWER(MID(C26,2,M26-2))&UPPER(MID(C26,M26+1,1))&LOWER(MID(C26,M26+2,100)),UPPER(LEFT(C26,1))&LOWER(MID(C26,2,100)))
... B37: 25 | F37: =IF($D37<>"","u4_s_Alert"&UPPER(LEFT($D$6,1))&LOWER(MID($D$6,2,100))&IF($D$7=1,"",N37)&"Srcchk","") | G37: =IF($D37<>"",IF($E37="○","vd_s_Alert"&UPPER(LEFT($D$6,1))&LOWER(MID($D$6,2,100))&IF($D$7=1,"",N37)&"RwTx","NULL"),"") | H37: =IF($D37<>"","ALERT_CH_"&UPPER($D$6)&IF($D$7=1,"","_"&UPPER($C37)),"") | I37: =IF($D37<>"","ALERT_REQ_"&UPPER($D$6)&IF($D$7=1,"","_"&UPPER($C37)),"") | K37: ALERT_VOM_VCS_ON | M37: =FIND("_",C37,1) -> #VALUE! | N37: =IF(IFERROR(M37,0),UPPER(LEFT(C37,1))&LOWER(MID(C37,2,M37-2))&UPPER(MID(C37,M37+1,1))&LOWER(MID(C37,M37+2,100)),UPPER(LEFT(C37,1))&LOWER(MID(C37,2,100)))

Sheet Config_IF
B2: Other Domain Define | O2: Alert Config IF List
B3: No | C3: define Name | D3: class | E3: define | F3: comment | G3: 文字数 | O3: No | P3: Return | Q3: Config Function Name | R3: comment
B4: 0 | C4: なし | O4: 0 | P4: なし | Q4: なし
B5: 1 | C5: OIL_W | D5: HW | E5: =IF($C5<>"","ALERT_" & D5 & "_ID_"&UPPER(Matrix!$D$6) & "_" & $C5,"") -> ALERT_HW_ID_P_OILLEV_OIL_W | F5: 直線信号「OIL_W」をu1_g_IoHwDifltSwitchを使用して取得する際の IOHWのIDを設定する。 OIL_Wが繋がっていないときには、UNKNOWNが返却される値を設定すること | G5: =IF(E5<>"",LEN(E5),"") -> 26 | O5: 1 | P5: U1 | Q5: u1_g_AlertCfgOilrpm(U2 * u2p_a_Rpm) | R5: 「19PFv3」でエンジン型式情報を使用していないので、CONSTSORT制御書にOLSRPM（E/G回転数閾値）とCAN信号判定・ジカ線信号判定の有効無効を参照して、下記に設定する。 引数：E/G回転数閾値 ＝ 0U 戻り値：CAN信号判定が有効(1)
B6: 2 | E6: =IF($C6<>"","ALERT_" & D6 & "_ID_"&UPPER(Matrix!$D$6) & "_" & $C6,"") | G6: =IF(E6<>"",LEN(E6),"") | O6: 2 | P6: U1 | Q6: u1_g_AlertOillvSw(void) | R6: 直線信号「OIL_W」の参照必要、不要を判断する。 戻り値は((U1)FALSE) ※オイルレベルSW（直線）：固定「-」
B7: 3 | E7: =IF($C7<>"","ALERT_" & D7 & "_ID_"&UPPER(Matrix!$D$6) & "_" & $C7,"") | G7: =IF(E7<>"",LEN(E7),"") | O7: 3
B8: 4 | E8: =IF($C8<>"","ALERT_" & D8 & "_ID_"&UPPER(Matrix!$D$6) & "_" & $C8,"") | G8: =IF(E8<>"",LEN(E8),"") | O8: 4
B9: 5 | E9: =IF($C9<>"","ALERT_" & D9 & "_ID_"&UPPER(Matrix!$D$6) & "_" & $C9,"") | G9: =IF(E9<>"",LEN(E9),"") | O9: 5
B10: 6 | E10: =IF($C10<>"","ALERT_" & D10 & "_ID_"&UPPER(Matrix!$D$6) & "_" & $C10,"") | G10: =IF(E10<>"",LEN(E10),"") | O10: 6
B11: 7 | E11: =IF($C11<>"","ALERT_" & D11 & "_ID_"&UPPER(Matrix!$D$6) & "_" & $C11,"") | G11: =IF(E11<>"",LEN(E11),"") | O11: 7
B12: 8 | E12: =IF($C12<>"","ALERT_" & D12 & "_ID_"&UPPER(Matrix!$D$6) & "_" & $C12,"") | G12: =IF(E12<>"",LEN(E12),"") | O12: 8
B13: 9 | E13: =IF($C13<>"","ALERT_" & D13 & "_ID_"&UPPER(Matrix!$D$6) & "_" & $C13,"") | G13: =IF(E13<>"",LEN(E13),"") | O13: 9
B14: 10 | E14: =IF($C14<>"","ALERT_" & D14 & "_ID_"&UPPER(Matrix!$D$6) & "_" & $C14,"") | G14: =IF(E14<>"",LEN(E14),"") | O14: 10
B15: 11 | E15: =IF($C15<>"","ALERT_" & D15 & "_ID_"&UPPER(Matrix!$D$6) & "_" & $C15,"") | G15: =IF(E15<>"",LEN(E15),"") | O15: 11
B16: 12 | E16: =IF($C16<>"","ALERT_" & D16 & "_ID_"&UPPER(Matrix!$D$6) & "_" & $C16,"") | G16: =IF(E16<>"",LEN(E16),"") | O16: 12
B17: 13 | E17: =IF($C17<>"","ALERT_" & D17 & "_ID_"&UPPER(Matrix!$D$6) & "_" & $C17,"") | G17: =IF(E17<>"",LEN(E17),"") | O17: 13
B18: 14 | E18: =IF($C18<>"","ALERT_" & D18 & "_ID_"&UPPER(Matrix!$D$6) & "_" & $C18,"") | G18: =IF(E18<>"",LEN(E18),"") | O18: 14
... B29: 25 | E29: =IF($C29<>"","ALERT_" & D29 & "_ID_"&UPPER(Matrix!$D$6) & "_" & $C29,"") | G29: =IF(E29<>"",LEN(E29),"") | O29: 25
B32: Alert Domain Define | O32: Constant Externs List
B33: No | C33: define Name | D33: calss | E33: define | F33: Value | G33: 文字数 | O33: No | P33: Type | Q33: Constant define | R33: comment
B34: 0 | C34: なし | F34: なし | O34: 0 | P34: なし | Q34: なし | R34: なし
B35: 1 | E35: =IF($C35<>"","ALERT_" & UPPER(#REF!) & "_" & $C35,"") | G35: =IF(E35<>"",LEN(E35),"") | O35: 1
B36: 2 | E36: =IF($C36<>"","ALERT_" & UPPER(#REF!) & "_" & $C36,"") | G36: =IF(E36<>"",LEN(E36),"") | O36: 2
B37: 3 | E37: =IF($C37<>"","ALERT_" & UPPER(#REF!) & "_" & $C37,"") | G37: =IF(E37<>"",LEN(E37),"") | O37: 3
B38: 4 | E38: =IF($C38<>"","ALERT_" & UPPER(#REF!) & "_" & $C38,"") | G38: =IF(E38<>"",LEN(E38),"") | O38: 4
B39: 5 | E39: =IF($C39<>"","ALERT_" & UPPER(#REF!) & "_" & $C39,"") | G39: =IF(E39<>"",LEN(E39),"") | O39: 5
B40: 6 | E40: =IF($C40<>"","ALERT_" & UPPER(#REF!) & "_" & $C40,"") | G40: =IF(E40<>"",LEN(E40),"") | O40: 6
B41: 7 | E41: =IF($C41<>"","ALERT_" & UPPER(#REF!) & "_" & $C41,"") | G41: =IF(E41<>"",LEN(E41),"") | O41: 7
B42: 8 | E42: =IF($C42<>"","ALERT_" & UPPER(#REF!) & "_" & $C42,"") | G42: =IF(E42<>"",LEN(E42),"") | O42: 8
B43: 9 | E43: =IF($C43<>"","ALERT_" & UPPER(#REF!) & "_" & $C43,"") | G43: =IF(E43<>"",LEN(E43),"") | O43: 9
B44: 10 | E44: =IF($C44<>"","ALERT_" & UPPER(#REF!) & "_" & $C44,"") | G44: =IF(E44<>"",LEN(E44),"") | O44: 10
B45: 11 | E45: =IF($C45<>"","ALERT_" & UPPER(#REF!) & "_" & $C45,"") | G45: =IF(E45<>"",LEN(E45),"") | O45: 11
B46: 12 | E46: =IF($C46<>"","ALERT_" & UPPER(#REF!) & "_" & $C46,"") | G46: =IF(E46<>"",LEN(E46),"") | O46: 12
... B59: 25 | E59: =IF($C59<>"","ALERT_" & UPPER(#REF!) & "_" & $C59,"") | G59: =IF(E59<>"",LEN(E59),"") | O59: 25

Sheet CH_Design
C1: 出力なしは、ここでは定義しないこと。システム共通のALERT_REQ_UNKNOWNを使用するため。
B2: ALERT CH | C2: REQ | D2: Value | E2: TT機能判定 | F2: TT | G2: BC機能判定 | H2: BC | I2: PD機能判定 | J2: PD | K2: RW機能判定 | L2: RW | M2: 文字数 | N2: 定義名 | O2: Code for alert_mtrx.h
C3: UNKNOWN | U3: 電源状態一覧
B4: ALERT_CH_P_OILLEV | C4: OILLVLO | D4: 0 | E4: なし | F4: - | G4: なし | H4: - | I4: なし | J4: P_OILLEV-CSTD-0-MEF01-REQ02 | K4: なし | L4: OLW | M4: =LEN(N4) -> 26 | N4: =VLOOKUP($B4,Matrix!$H$13:$I$37,2,FALSE)&"_"&C4 -> ALERT_REQ_P_OILLEV_OILLVLO | O4: ="#define "&N4&REPT(" ",48-M4)&"("&D4&"U)" -> #define ALERT_REQ_P_OILLEV_OILLVLO (0U) | U4: 電源状態一覧
M5: =LEN(N5) -> #N/A | N5: =VLOOKUP($B5,Matrix!$H$13:$I$37,2,FALSE)&"_"&C5 -> #N/A | O5: ="#define "&N5&REPT(" ",48-M5)&"("&D5&"U)" -> #N/A | U5: ＋B
M6: =LEN(N6) -> #N/A | N6: =VLOOKUP($B6,Matrix!$H$13:$I$37,2,FALSE)&"_"&C6 -> #N/A | O6: ="#define "&N6&REPT(" ",48-M6)&"("&D6&"U)" -> #N/A | U6: IG-ON
M7: =LEN(N7) -> #N/A | N7: =VLOOKUP($B7,Matrix!$H$13:$I$37,2,FALSE)&"_"&C7 -> #N/A | O7: ="#define "&N7&REPT(" ",48-M7)&"("&D7&"U)" -> #N/A | U7: IG-OFF
M8: =LEN(N8) -> #N/A | N8: =VLOOKUP($B8,Matrix!$H$13:$I$37,2,FALSE)&"_"&C8 -> #N/A | O8: ="#define "&N8&REPT(" ",48-M8)&"("&D8&"U)" -> #N/A | U8: ACC-ON
M9: =LEN(N9) -> #N/A | N9: =VLOOKUP($B9,Matrix!$H$13:$I$37,2,FALSE)&"_"&C9 -> #N/A | O9: ="#define "&N9&REPT(" ",48-M9)&"("&D9&"U)" -> #N/A | U9: ACC-OFF
M10: =LEN(N10) -> #N/A | N10: =VLOOKUP($B10,Matrix!$H$13:$I$37,2,FALSE)&"_"&C10 -> #N/A | O10: ="#define "&N10&REPT(" ",48-M10)&"("&D10&"U)" -> #N/A
M11: =LEN(N11) -> #N/A | N11: =VLOOKUP($B11,Matrix!$H$13:$I$37,2,FALSE)&"_"&C11 -> #N/A | O11: ="#define "&N11&REPT(" ",48-M11)&"("&D11&"U)" -> #N/A
M12: =LEN(N12) -> #N/A | N12: =VLOOKUP($B12,Matrix!$H$13:$I$37,2,FALSE)&"_"&C12 -> #N/A | O12: ="#define "&N12&REPT(" ",48-M12)&"("&D12&"U)" -> #N/A
M13: =LEN(N13) -> #N/A | N13: =VLOOKUP($B13,Matrix!$H$13:$I$37,2,FALSE)&"_"&C13 -> #N/A | O13: ="#define "&N13&REPT(" ",48-M13)&"("&D13&"U)" -> #N/A
M14: =LEN(N14) -> #N/A | N14: =VLOOKUP($B14,Matrix!$H$13:$I$37,2,FALSE)&"_"&C14 -> #N/A | O14: ="#define "&N14&REPT(" ",48-M14)&"("&D14&"U)" -> #N/A
M15: =LEN(N15) -> #N/A | N15: =VLOOKUP($B15,Matrix!$H$13:$I$37,2,FALSE)&"_"&C15 -> #N/A | O15: ="#define "&N15&REPT(" ",48-M15)&"("&D15&"U)" -> #N/A
M16: =LEN(N16) -> #N/A | N16: =VLOOKUP($B16,Matrix!$H$13:$I$37,2,FALSE)&"_"&C16 -> #N/A | O16: ="#define "&N16&REPT(" ",48-M16)&"("&D16&"U)" -> #N/A
M17: =LEN(N17) -> #N/A | N17: =VLOOKUP($B17,Matrix!$H$13:$I$37,2,FALSE)&"_"&C17 -> #N/A | O17: ="#define "&N17&REPT(" ",48-M17)&"("&D17&"U)" -> #N/A
M18: =LEN(N18) -> #N/A | N18: =VLOOKUP($B18,Matrix!$H$13:$I$37,2,FALSE)&"_"&C18 -> #N/A | O18: ="#define "&N18&REPT(" ",48-M18)&"("&D18&"U)" -> #N/A
M19: =LEN(N19) -> #N/A | N19: =VLOOKUP($B19,Matrix!$H$13:$I$37,2,FALSE)&"_"&C19 -> #N/A | O19: ="#define "&N19&REPT(" ",48-M19)&"("&D19&"U)" -> #N/A
M20: =LEN(N20) -> #N/A | N20: =VLOOKUP($B20,Matrix!$H$13:$I$37,2,FALSE)&"_"&C20 -> #N/A | O20: ="#define "&N20&REPT(" ",48-M20)&"("&D20&"U)" -> #N/A
M21: =LEN(N21) -> #N/A | N21: =VLOOKUP($B21,Matrix!$H$13:$I$37,2,FALSE)&"_"&C21 -> #N/A | O21: ="#define "&N21&REPT(" ",48-M21)&"("&D21&"U)" -> #N/A
... M103: =LEN(N103) -> #N/A | N103: =VLOOKUP($B103,Matrix!$H$13:$I$37,2,FALSE)&"_"&C103 -> #N/A | O103: ="#define "&N103&REPT(" ",48-M103)&"("&D103&"U)" -> #N/A

Sheet P_OILLEV
AH1: → | AI1: bit
B2: Table Type | C2: INDEX | D2: 31 | E2: 30 | F2: 29 | G2: 28 | H2: 27 | I2: 26 | J2: 25 | K2: 24 | L2: 23 | M2: 22 | N2: 21 | O2: 20 | P2: 19 | Q2: 18 | R2: 17 | S2: 16 | T2: 15 | U2: 14 | V2: 13 | W2: 12 | X2: 11 | Y2: 10 | Z2: 9 | AA2: 8 | AB2: 7 | AC2: 6 | AD2: 5 | AE2: 4 | AF2: 3 | AG2: 2 | AH2: 1 | AI2: 0 | AJ2: REQ
B3: =IF(OR(IF(COUNTIF(D6:AC69,"0")<>0,TRUE,FALSE),IF(COUNTIF(D6:AC69,"1")<>0,TRUE,FALSE)),"Search Table","Index Table") -> Index Table | D3: ALERT_VOM_RWT_EN | E3: [reserved] | F3: ALERT_VOM_VCS_ON | G3: ALERT_VOM_IGN_ON | H3: ALERT_VOM_IGN_OFF_WT | I3: ALERT_VOM_IGN_OFF | J3: ALERT_VOM_BAT_WT | K3: ALERT_VOM_BAT_AO | L3: [reserved] | M3: [reserved] | N3: [reserved] | O3: [reserved] | P3: [reserved] | Q3: [reserved] | R3: [reserved] | S3: [reserved] | T3: [reserved] | U3: [reserved] | V3: [reserved] | W3: [reserved] | X3: [reserved] | Y3: [reserved] | Z3: [reserved] | AA3: [reserved] | AB3: [reserved] | AC3: [reserved] | AD3: ENG1G97_STS | AE3: B_OILLV_SIG | AF3: OIL_W | AG3: オイルレベル低_継続時間 | AI3: 前回REQ | AR3: シート名称は、CH Nameと同じにすること。 1CHしか存在しない場合、機能名と同じにすること。
A4: Master Table | AR4: 貼り付けコード
AR5: ="static const U4 "&AW8&"["&AW10&"]"&" = {" -> static const U4 u4_sp_ALERT_P_OILLEV_CRIT[ALERT_P_OILLEV_NUM_DST] = { | AS5: ="static const U4 "&$AW$9&"["&$AW$10&"] = {" -> static const U4 u4_sp_ALERT_P_OILLEV_MASK[ALERT_P_OILLEV_NUM_DST] = { | AT5: ="static const U1 "&$AW$11&"["&$AW$10&"] = {" -> static const U1 u1_sp_ALERT_P_OILLEV_DST[ALERT_P_OILLEV_NUM_DST] = { | AU5: ="const ST_ALERT_MTRX "&$AW$12&" = {" -> const ST_ALERT_MTRX st_gp_ALERT_P_OILLEV_MTRX[1] = { | AV5: ="#define "&AW10&REPT(" ",41-LEN(AW10))&"("&AW13&"U)" -> #define ALERT_P_OILLEV_NUM_DST (64U)
B6: ="Table "&$AW$6 -> Table P_OILLEV | C6: =ROW()-ROW($C$6) -> 0 | D6: × | E6: × | F6: × | G6: × | H6: × | I6: × | J6: × | K6: × | L6: × | M6: × | N6: × | O6: × | P6: × | Q6: × | R6: × | S6: × | T6: × | U6: × | V6: × | W6: × | X6: × | Y6: × | Z6: × | AA6: × | AB6: × | AC6: × | AD6: 0 | AE6: 0 | AF6: 0 | AG6: 0 | AH6: 0 | AI6: 0 | AJ6: UNKNOWN | AL6: =IF($AJ6="UNKNOWN"," (U1)ALERT_REQ_UNKNOWN"," (U1)"&"ALERT_REQ_"&$AW$17&"_"&IF($AW$6<>$AW$17,$AW$6&"_","")&AJ6) -> (U1)ALERT_REQ_UNKNOWN | AR6: =IF(AQ71<>"",AQ71,IF(AQ70<>"","};","")) -> (U4)0x00000000U, /* 00 UNKNOWN */ | AS6: =IF(AQ136<>"",AQ136,IF(AQ135<>"","};","")) -> (U4)0x0000003FU, /* 00 UNKNOWN */ | AT6: =IF(AJ6<>"",AL6&IF(AJ7<>"",","," ")&REPT(" ",78-LEN(AL6))&"/* "&IF(C6<10,"0"&C6,C6)&" "&AJ6&REPT(" ",48-LEN(AJ6))&"*/",IF(AJ5<>"","};","")) -> (U1)ALERT_REQ_UNKNOWN, /* 00 UNKNOWN */ | AU6: { | AV6: MtxSrch変数名 | AW6: =UPPER(RIGHT(CELL("filename",A1),LEN(CELL("filename",A1))-FIND("]",CELL("filename",A1)))) -> P_OILLEV
C7: =ROW()-ROW($C$6) -> 1 | D7: × | E7: × | F7: × | G7: × | H7: × | I7: × | J7: × | K7: × | L7: × | M7: × | N7: × | O7: × | P7: × | Q7: × | R7: × | S7: × | T7: × | U7: × | V7: × | W7: × | X7: × | Y7: × | Z7: × | AA7: × | AB7: × | AC7: × | AD7: 0 | AE7: 0 | AF7: 0 | AG7: 0 | AH7: 0 | AI7: 1 | AJ7: UNKNOWN | AL7: =IF($AJ7="UNKNOWN"," (U1)ALERT_REQ_UNKNOWN"," (U1)"&"ALERT_REQ_"&$AW$17&"_"&IF($AW$6<>$AW$17,$AW$6&"_","")&AJ7) -> (U1)ALERT_REQ_UNKNOWN | AR7: =IF(AQ72<>"",AQ72,IF(AQ71<>"","};","")) -> (U4)0x00000001U, /* 01 UNKNOWN */ | AS7: =IF(AQ137<>"",AQ137,IF(AQ136<>"","};","")) -> (U4)0x0000003FU, /* 01 UNKNOWN */ | AT7: =IF(AJ7<>"",AL7&IF(AJ8<>"",","," ")&REPT(" ",78-LEN(AL7))&"/* "&IF(C7<10,"0"&C7,C7)&" "&AJ7&REPT(" ",48-LEN(AJ7))&"*/",IF(AJ6<>"","};","")) -> (U1)ALERT_REQ_UNKNOWN, /* 01 UNKNOWN */ | AU7: =" &"&$AW$14&","&REPT(" ",69-LEN($AW$14))&"/* fp_u4_SRC_CHK */" -> &u4_s_AlertP_oillevSrcchk, /* fp_u4_SRC_CHK */ | AV7: Use MtxSrch | AW7: =IF(B3="Search Table",1,0) -> 0
C8: =ROW()-ROW($C$6) -> 2 | D8: × | E8: × | F8: × | G8: × | H8: × | I8: × | J8: × | K8: × | L8: × | M8: × | N8: × | O8: × | P8: × | Q8: × | R8: × | S8: × | T8: × | U8: × | V8: × | W8: × | X8: × | Y8: × | Z8: × | AA8: × | AB8: × | AC8: × | AD8: 0 | AE8: 0 | AF8: 0 | AG8: 0 | AH8: 1 | AI8: 0 | AJ8: UNKNOWN | AL8: =IF($AJ8="UNKNOWN"," (U1)ALERT_REQ_UNKNOWN"," (U1)"&"ALERT_REQ_"&$AW$17&"_"&IF($AW$6<>$AW$17,$AW$6&"_","")&AJ8) -> (U1)ALERT_REQ_UNKNOWN | AR8: =IF(AQ73<>"",AQ73,IF(AQ72<>"","};","")) -> (U4)0x00000002U, /* 02 UNKNOWN */ | AS8: =IF(AQ138<>"",AQ138,IF(AQ137<>"","};","")) -> (U4)0x0000003FU, /* 02 UNKNOWN */ | AT8: =IF(AJ8<>"",AL8&IF(AJ9<>"",","," ")&REPT(" ",78-LEN(AL8))&"/* "&IF(C8<10,"0"&C8,C8)&" "&AJ8&REPT(" ",48-LEN(AJ8))&"*/",IF(AJ7<>"","};","")) -> (U1)ALERT_REQ_UNKNOWN, /* 02 UNKNOWN */ | AU8: =IF($AW$15<>"NULL"," &"&$AW$15&","&REPT(" ",69-LEN($AW$15))&"/* fp_vd_XDST */"," vdp_PTR_NA, /* fp_vd_XDST */") -> &vd_s_AlertP_oillevRwTx, /* fp_vd_XDST */ | AV8: CRIT_NAME | AW8: ="u4_sp_ALERT_"&IF(AW6<>AW17,$AW$17&"_"&$AW$6,AW17)&"_CRIT" -> u4_sp_ALERT_P_OILLEV_CRIT
C9: =ROW()-ROW($C$6) -> 3 | D9: × | E9: × | F9: × | G9: × | H9: × | I9: × | J9: × | K9: × | L9: × | M9: × | N9: × | O9: × | P9: × | Q9: × | R9: × | S9: × | T9: × | U9: × | V9: × | W9: × | X9: × | Y9: × | Z9: × | AA9: × | AB9: × | AC9: × | AD9: 0 | AE9: 0 | AF9: 0 | AG9: 0 | AH9: 1 | AI9: 1 | AJ9: UNKNOWN | AL9: =IF($AJ9="UNKNOWN"," (U1)ALERT_REQ_UNKNOWN"," (U1)"&"ALERT_REQ_"&$AW$17&"_"&IF($AW$6<>$AW$17,$AW$6&"_","")&AJ9) -> (U1)ALERT_REQ_UNKNOWN | AR9: =IF(AQ74<>"",AQ74,IF(AQ73<>"","};","")) -> (U4)0x00000003U, /* 03 UNKNOWN */ | AS9: =IF(AQ139<>"",AQ139,IF(AQ138<>"","};","")) -> (U4)0x0000003FU, /* 03 UNKNOWN */ | AT9: =IF(AJ9<>"",AL9&IF(AJ10<>"",","," ")&REPT(" ",78-LEN(AL9))&"/* "&IF(C9<10,"0"&C9,C9)&" "&AJ9&REPT(" ",48-LEN(AJ9))&"*/",IF(AJ8<>"","};","")) -> (U1)ALERT_REQ_UNKNOWN, /* 03 UNKNOWN */ | AV9: MASK_NAME | AW9: ="u4_sp_ALERT_"&IF(AW6<>AW17,$AW$17&"_"&$AW$6,AW17)&"_MASK" -> u4_sp_ALERT_P_OILLEV_MASK
C10: =ROW()-ROW($C$6) -> 4 | D10: × | E10: × | F10: × | G10: × | H10: × | I10: × | J10: × | K10: × | L10: × | M10: × | N10: × | O10: × | P10: × | Q10: × | R10: × | S10: × | T10: × | U10: × | V10: × | W10: × | X10: × | Y10: × | Z10: × | AA10: × | AB10: × | AC10: × | AD10: 0 | AE10: 0 | AF10: 0 | AG10: 1 | AH10: 0 | AI10: 0 | AJ10: UNKNOWN | AL10: =IF($AJ10="UNKNOWN"," (U1)ALERT_REQ_UNKNOWN"," (U1)"&"ALERT_REQ_"&$AW$17&"_"&IF($AW$6<>$AW$17,$AW$6&"_","")&AJ10) -> (U1)ALERT_REQ_UNKNOWN | AR10: =IF(AQ75<>"",AQ75,IF(AQ74<>"","};","")) -> (U4)0x00000004U, /* 04 UNKNOWN */ | AS10: =IF(AQ140<>"",AQ140,IF(AQ139<>"","};","")) -> (U4)0x0000003FU, /* 04 UNKNOWN */ | AT10: =IF(AJ10<>"",AL10&IF(AJ11<>"",","," ")&REPT(" ",78-LEN(AL10))&"/* "&IF(C10<10,"0"&C10,C10)&" "&AJ10&REPT(" ",48-LEN(AJ10))&"*/",IF(AJ9<>"","};","")) -> (U1)ALERT_REQ_UNKNOWN, /* 04 UNKNOWN */ | AU10: =IF($AW$7=1," &"&$AW$9&"[0],"&REPT(" ",66-LEN($AW$9))&"/* u4p_MASK */"," (const U4 *)vdp_PTR_NA, /* u4p_MASK */") -> (const U4 *)vdp_PTR_NA, /* u4p_MASK */ | AV10: MTXSRCH_DEF | AW10: ="ALERT_"&IF(AW6<>AW17,$AW$17&"_"&$AW$6,AW17)&"_NUM_DST" -> ALERT_P_OILLEV_NUM_DST
C11: =ROW()-ROW($C$6) -> 5 | D11: × | E11: × | F11: × | G11: × | H11: × | I11: × | J11: × | K11: × | L11: × | M11: × | N11: × | O11: × | P11: × | Q11: × | R11: × | S11: × | T11: × | U11: × | V11: × | W11: × | X11: × | Y11: × | Z11: × | AA11: × | AB11: × | AC11: × | AD11: 0 | AE11: 0 | AF11: 0 | AG11: 1 | AH11: 0 | AI11: 1 | AJ11: UNKNOWN | AL11: =IF($AJ11="UNKNOWN"," (U1)ALERT_REQ_UNKNOWN"," (U1)"&"ALERT_REQ_"&$AW$17&"_"&IF($AW$6<>$AW$17,$AW$6&"_","")&AJ11) -> (U1)ALERT_REQ_UNKNOWN | AR11: =IF(AQ76<>"",AQ76,IF(AQ75<>"","};","")) -> (U4)0x00000005U, /* 05 UNKNOWN */ | AS11: =IF(AQ141<>"",AQ141,IF(AQ140<>"","};","")) -> (U4)0x0000003FU, /* 05 UNKNOWN */ | AT11: =IF(AJ11<>"",AL11&IF(AJ12<>"",","," ")&REPT(" ",78-LEN(AL11))&"/* "&IF(C11<10,"0"&C11,C11)&" "&AJ11&REPT(" ",48-LEN(AJ11))&"*/",IF(AJ10<>"","};","")) -> (U1)ALERT_REQ_UNKNOWN, /* 05 UNKNOWN */ | AU11: =IF($AW$7=1," &"&$AW$8&"[0],"&REPT(" ",66-LEN($AW$8))&"/* u4p_CRIT */"," (const U4 *)vdp_PTR_NA, /* u4p_CRIT */") -> (const U4 *)vdp_PTR_NA, /* u4p_CRIT */ | AV11: MTXSRCH_OUT_DEF | AW11: ="u1_sp_ALERT_"&IF(AW6<>AW17,$AW$17&"_"&$AW$6,AW17)&"_DST" -> u1_sp_ALERT_P_OILLEV_DST
C12: =ROW()-ROW($C$6) -> 6 | D12: × | E12: × | F12: × | G12: × | H12: × | I12: × | J12: × | K12: × | L12: × | M12: × | N12: × | O12: × | P12: × | Q12: × | R12: × | S12: × | T12: × | U12: × | V12: × | W12: × | X12: × | Y12: × | Z12: × | AA12: × | AB12: × | AC12: × | AD12: 0 | AE12: 0 | AF12: 0 | AG12: 1 | AH12: 1 | AI12: 0 | AJ12: UNKNOWN | AL12: =IF($AJ12="UNKNOWN"," (U1)ALERT_REQ_UNKNOWN"," (U1)"&"ALERT_REQ_"&$AW$17&"_"&IF($AW$6<>$AW$17,$AW$6&"_","")&AJ12) -> (U1)ALERT_REQ_UNKNOWN | AR12: =IF(AQ77<>"",AQ77,IF(AQ76<>"","};","")) -> (U4)0x00000006U, /* 06 UNKNOWN */ | AS12: =IF(AQ142<>"",AQ142,IF(AQ141<>"","};","")) -> (U4)0x0000003FU, /* 06 UNKNOWN */ | AT12: =IF(AJ12<>"",AL12&IF(AJ13<>"",","," ")&REPT(" ",78-LEN(AL12))&"/* "&IF(C12<10,"0"&C12,C12)&" "&AJ12&REPT(" ",48-LEN(AJ12))&"*/",IF(AJ11<>"","};","")) -> (U1)ALERT_REQ_UNKNOWN, /* 06 UNKNOWN */ | AV12: ALERT_MTRX_NAME | AW12: =Matrix!D8&"["&Matrix!D7&"]" -> st_gp_ALERT_P_OILLEV_MTRX[1]
C13: =ROW()-ROW($C$6) -> 7 | D13: × | E13: × | F13: × | G13: × | H13: × | I13: × | J13: × | K13: × | L13: × | M13: × | N13: × | O13: × | P13: × | Q13: × | R13: × | S13: × | T13: × | U13: × | V13: × | W13: × | X13: × | Y13: × | Z13: × | AA13: × | AB13: × | AC13: × | AD13: 0 | AE13: 0 | AF13: 0 | AG13: 1 | AH13: 1 | AI13: 1 | AJ13: UNKNOWN | AL13: =IF($AJ13="UNKNOWN"," (U1)ALERT_REQ_UNKNOWN"," (U1)"&"ALERT_REQ_"&$AW$17&"_"&IF($AW$6<>$AW$17,$AW$6&"_","")&AJ13) -> (U1)ALERT_REQ_UNKNOWN | AR13: =IF(AQ78<>"",AQ78,IF(AQ77<>"","};","")) -> (U4)0x00000007U, /* 07 UNKNOWN */ | AS13: =IF(AQ143<>"",AQ143,IF(AQ142<>"","};","")) -> (U4)0x0000003FU, /* 07 UNKNOWN */ | AT13: =IF(AJ13<>"",AL13&IF(AJ14<>"",","," ")&REPT(" ",78-LEN(AL13))&"/* "&IF(C13<10,"0"&C13,C13)&" "&AJ13&REPT(" ",48-LEN(AJ13))&"*/",IF(AJ12<>"","};","")) -> (U1)ALERT_REQ_UNKNOWN, /* 07 UNKNOWN */ | AU13: =" &"&$AW$11&"[0],"&REPT(" ",66-LEN($AW$11))&"/* u1p_DST */" -> &u1_sp_ALERT_P_OILLEV_DST[0], /* u1p_DST */ | AV13: SRCH_NUM | AW13: =COUNTA($AJ$6:$AJ$69) -> 64
C14: =ROW()-ROW($C$6) -> 8 | D14: × | E14: × | F14: × | G14: × | H14: × | I14: × | J14: × | K14: × | L14: × | M14: × | N14: × | O14: × | P14: × | Q14: × | R14: × | S14: × | T14: × | U14: × | V14: × | W14: × | X14: × | Y14: × | Z14: × | AA14: × | AB14: × | AC14: × | AD14: 0 | AE14: 0 | AF14: 1 | AG14: 0 | AH14: 0 | AI14: 0 | AJ14: UNKNOWN | AL14: =IF($AJ14="UNKNOWN"," (U1)ALERT_REQ_UNKNOWN"," (U1)"&"ALERT_REQ_"&$AW$17&"_"&IF($AW$6<>$AW$17,$AW$6&"_","")&AJ14) -> (U1)ALERT_REQ_UNKNOWN | AR14: =IF(AQ79<>"",AQ79,IF(AQ78<>"","};","")) -> (U4)0x00000008U, /* 08 UNKNOWN */ | AS14: =IF(AQ144<>"",AQ144,IF(AQ143<>"","};","")) -> (U4)0x0000003FU, /* 08 UNKNOWN */ | AT14: =IF(AJ14<>"",AL14&IF(AJ15<>"",","," ")&REPT(" ",78-LEN(AL14))&"/* "&IF(C14<10,"0"&C14,C14)&" "&AJ14&REPT(" ",48-LEN(AJ14))&"*/",IF(AJ13<>"","};","")) -> (U1)ALERT_REQ_UNKNOWN, /* 08 UNKNOWN */ | AU14: =" (U2)"&$AW$10&","&REPT(" ",66-LEN($AW$10))&"/* u2_num_srch */" -> (U2)ALERT_P_OILLEV_NUM_DST, /* u2_num_srch */ | AV14: SRC CHK | AW14: =IF(AW6<>AW17,VLOOKUP(AW6,Matrix!$C$13:$G$37,4,FALSE),Matrix!F13) -> u4_s_AlertP_oillevSrcchk
C15: =ROW()-ROW($C$6) -> 9 | D15: × | E15: × | F15: × | G15: × | H15: × | I15: × | J15: × | K15: × | L15: × | M15: × | N15: × | O15: × | P15: × | Q15: × | R15: × | S15: × | T15: × | U15: × | V15: × | W15: × | X15: × | Y15: × | Z15: × | AA15: × | AB15: × | AC15: × | AD15: 0 | AE15: 0 | AF15: 1 | AG15: 0 | AH15: 0 | AI15: 1 | AJ15: OILLVLO | AL15: =IF($AJ15="UNKNOWN"," (U1)ALERT_REQ_UNKNOWN"," (U1)"&"ALERT_REQ_"&$AW$17&"_"&IF($AW$6<>$AW$17,$AW$6&"_","")&AJ15) -> (U1)ALERT_REQ_P_OILLEV_OILLVLO | AR15: =IF(AQ80<>"",AQ80,IF(AQ79<>"","};","")) -> (U4)0x00000009U, /* 09 OILLVLO */ | AS15: =IF(AQ145<>"",AQ145,IF(AQ144<>"","};","")) -> (U4)0x0000003FU, /* 09 OILLVLO */ | AT15: =IF(AJ15<>"",AL15&IF(AJ16<>"",","," ")&REPT(" ",78-LEN(AL15))&"/* "&IF(C15<10,"0"&C15,C15)&" "&AJ15&REPT(" ",48-LEN(AJ15))&"*/",IF(AJ14<>"","};","")) -> (U1)ALERT_REQ_P_OILLEV_OILLVLO, /* 09 OILLVLO */ | AU15: =" (U1)"&$AW$16&REPT(" ",67-LEN($AW$16))&"/* u1_vom_act */" -> (U1)ALERT_VOM_IGN_ON /* u1_vom_act */ | AV15: RWTX | AW15: =IF(AW6<>AW17,VLOOKUP(AW6,Matrix!$C$13:$G$37,5,FALSE),Matrix!G13) -> vd_s_AlertP_oillevRwTx
C16: =ROW()-ROW($C$6) -> 10 | D16: × | E16: × | F16: × | G16: × | H16: × | I16: × | J16: × | K16: × | L16: × | M16: × | N16: × | O16: × | P16: × | Q16: × | R16: × | S16: × | T16: × | U16: × | V16: × | W16: × | X16: × | Y16: × | Z16: × | AA16: × | AB16: × | AC16: × | AD16: 0 | AE16: 0 | AF16: 1 | AG16: 0 | AH16: 1 | AI16: 0 | AJ16: UNKNOWN | AL16: =IF($AJ16="UNKNOWN"," (U1)ALERT_REQ_UNKNOWN"," (U1)"&"ALERT_REQ_"&$AW$17&"_"&IF($AW$6<>$AW$17,$AW$6&"_","")&AJ16) -> (U1)ALERT_REQ_UNKNOWN | AR16: =IF(AQ81<>"",AQ81,IF(AQ80<>"","};","")) -> (U4)0x0000000AU, /* 10 UNKNOWN */ | AS16: =IF(AQ146<>"",AQ146,IF(AQ145<>"","};","")) -> (U4)0x0000003FU, /* 10 UNKNOWN */ | AT16: =IF(AJ16<>"",AL16&IF(AJ17<>"",","," ")&REPT(" ",78-LEN(AL16))&"/* "&IF(C16<10,"0"&C16,C16)&" "&AJ16&REPT(" ",48-LEN(AJ16))&"*/",IF(AJ15<>"","};","")) -> (U1)ALERT_REQ_UNKNOWN, /* 10 UNKNOWN */ | AU16: } | AV16: ACT | AW16: =IF(AW6<>AW17,VLOOKUP(AW6,Matrix!$C$13:$G$37,2,FALSE),Matrix!D13) -> ALERT_VOM_IGN_ON
C17: =ROW()-ROW($C$6) -> 11 | D17: × | E17: × | F17: × | G17: × | H17: × | I17: × | J17: × | K17: × | L17: × | M17: × | N17: × | O17: × | P17: × | Q17: × | R17: × | S17: × | T17: × | U17: × | V17: × | W17: × | X17: × | Y17: × | Z17: × | AA17: × | AB17: × | AC17: × | AD17: 0 | AE17: 0 | AF17: 1 | AG17: 0 | AH17: 1 | AI17: 1 | AJ17: OILLVLO | AL17: =IF($AJ17="UNKNOWN"," (U1)ALERT_REQ_UNKNOWN"," (U1)"&"ALERT_REQ_"&$AW$17&"_"&IF($AW$6<>$AW$17,$AW$6&"_","")&AJ17) -> (U1)ALERT_REQ_P_OILLEV_OILLVLO | AR17: =IF(AQ82<>"",AQ82,IF(AQ81<>"","};","")) -> (U4)0x0000000BU, /* 11 OILLVLO */ | AS17: =IF(AQ147<>"",AQ147,IF(AQ146<>"","};","")) -> (U4)0x0000003FU, /* 11 OILLVLO */ | AT17: =IF(AJ17<>"",AL17&IF(AJ18<>"",","," ")&REPT(" ",78-LEN(AL17))&"/* "&IF(C17<10,"0"&C17,C17)&" "&AJ17&REPT(" ",48-LEN(AJ17))&"*/",IF(AJ16<>"","};","")) -> (U1)ALERT_REQ_P_OILLEV_OILLVLO, /* 11 OILLVLO */ | AU17: }; | AV17: ALERT_MTRX変数名 | AW17: =UPPER(Matrix!$D$6) -> P_OILLEV
C18: =ROW()-ROW($C$6) -> 12 | D18: × | E18: × | F18: × | G18: × | H18: × | I18: × | J18: × | K18: × | L18: × | M18: × | N18: × | O18: × | P18: × | Q18: × | R18: × | S18: × | T18: × | U18: × | V18: × | W18: × | X18: × | Y18: × | Z18: × | AA18: × | AB18: × | AC18: × | AD18: 0 | AE18: 0 | AF18: 1 | AG18: 1 | AH18: 0 | AI18: 0 | AJ18: OILLVLO | AL18: =IF($AJ18="UNKNOWN"," (U1)ALERT_REQ_UNKNOWN"," (U1)"&"ALERT_REQ_"&$AW$17&"_"&IF($AW$6<>$AW$17,$AW$6&"_","")&AJ18) -> (U1)ALERT_REQ_P_OILLEV_OILLVLO | AR18: =IF(AQ83<>"",AQ83,IF(AQ82<>"","};","")) -> (U4)0x0000000CU, /* 12 OILLVLO */ | AS18: =IF(AQ148<>"",AQ148,IF(AQ147<>"","};","")) -> (U4)0x0000003FU, /* 12 OILLVLO */ | AT18: =IF(AJ18<>"",AL18&IF(AJ19<>"",","," ")&REPT(" ",78-LEN(AL18))&"/* "&IF(C18<10,"0"&C18,C18)&" "&AJ18&REPT(" ",48-LEN(AJ18))&"*/",IF(AJ17<>"","};","")) -> (U1)ALERT_REQ_P_OILLEV_OILLVLO, /* 12 OILLVLO */
C19: =ROW()-ROW($C$6) -> 13 | D19: × | E19: × | F19: × | G19: × | H19: × | I19: × | J19: × | K19: × | L19: × | M19: × | N19: × | O19: × | P19: × | Q19: × | R19: × | S19: × | T19: × | U19: × | V19: × | W19: × | X19: × | Y19: × | Z19: × | AA19: × | AB19: × | AC19: × | AD19: 0 | AE19: 0 | AF19: 1 | AG19: 1 | AH19: 0 | AI19: 1 | AJ19: OILLVLO | AL19: =IF($AJ19="UNKNOWN"," (U1)ALERT_REQ_UNKNOWN"," (U1)"&"ALERT_REQ_"&$AW$17&"_"&IF($AW$6<>$AW$17,$AW$6&"_","")&AJ19) -> (U1)ALERT_REQ_P_OILLEV_OILLVLO | AR19: =IF(AQ84<>"",AQ84,IF(AQ83<>"","};","")) -> (U4)0x0000000DU, /* 13 OILLVLO */ | AS19: =IF(AQ149<>"",AQ149,IF(AQ148<>"","};","")) -> (U4)0x0000003FU, /* 13 OILLVLO */ | AT19: =IF(AJ19<>"",AL19&IF(AJ20<>"",","," ")&REPT(" ",78-LEN(AL19))&"/* "&IF(C19<10,"0"&C19,C19)&" "&AJ19&REPT(" ",48-LEN(AJ19))&"*/",IF(AJ18<>"","};","")) -> (U1)ALERT_REQ_P_OILLEV_OILLVLO, /* 13 OILLVLO */
C20: =ROW()-ROW($C$6) -> 14 | D20: × | E20: × | F20: × | G20: × | H20: × | I20: × | J20: × | K20: × | L20: × | M20: × | N20: × | O20: × | P20: × | Q20: × | R20: × | S20: × | T20: × | U20: × | V20: × | W20: × | X20: × | Y20: × | Z20: × | AA20: × | AB20: × | AC20: × | AD20: 0 | AE20: 0 | AF20: 1 | AG20: 1 | AH20: 1 | AI20: 0 | AJ20: UNKNOWN | AL20: =IF($AJ20="UNKNOWN"," (U1)ALERT_REQ_UNKNOWN"," (U1)"&"ALERT_REQ_"&$AW$17&"_"&IF($AW$6<>$AW$17,$AW$6&"_","")&AJ20) -> (U1)ALERT_REQ_UNKNOWN | AR20: =IF(AQ85<>"",AQ85,IF(AQ84<>"","};","")) -> (U4)0x0000000EU, /* 14 UNKNOWN */ | AS20: =IF(AQ150<>"",AQ150,IF(AQ149<>"","};","")) -> (U4)0x0000003FU, /* 14 UNKNOWN */ | AT20: =IF(AJ20<>"",AL20&IF(AJ21<>"",","," ")&REPT(" ",78-LEN(AL20))&"/* "&IF(C20<10,"0"&C20,C20)&" "&AJ20&REPT(" ",48-LEN(AJ20))&"*/",IF(AJ19<>"","};","")) -> (U1)ALERT_REQ_UNKNOWN, /* 14 UNKNOWN */
C21: =ROW()-ROW($C$6) -> 15 | D21: × | E21: × | F21: × | G21: × | H21: × | I21: × | J21: × | K21: × | L21: × | M21: × | N21: × | O21: × | P21: × | Q21: × | R21: × | S21: × | T21: × | U21: × | V21: × | W21: × | X21: × | Y21: × | Z21: × | AA21: × | AB21: × | AC21: × | AD21: 0 | AE21: 0 | AF21: 1 | AG21: 1 | AH21: 1 | AI21: 1 | AJ21: OILLVLO | AL21: =IF($AJ21="UNKNOWN"," (U1)ALERT_REQ_UNKNOWN"," (U1)"&"ALERT_REQ_"&$AW$17&"_"&IF($AW$6<>$AW$17,$AW$6&"_","")&AJ21) -> (U1)ALERT_REQ_P_OILLEV_OILLVLO | AR21: =IF(AQ86<>"",AQ86,IF(AQ85<>"","};","")) -> (U4)0x0000000FU, /* 15 OILLVLO */ | AS21: =IF(AQ151<>"",AQ151,IF(AQ150<>"","};","")) -> (U4)0x0000003FU, /* 15 OILLVLO */ | AT21: =IF(AJ21<>"",AL21&IF(AJ22<>"",","," ")&REPT(" ",78-LEN(AL21))&"/* "&IF(C21<10,"0"&C21,C21)&" "&AJ21&REPT(" ",48-LEN(AJ21))&"*/",IF(AJ20<>"","};","")) -> (U1)ALERT_REQ_P_OILLEV_OILLVLO, /* 15 OILLVLO */
C22: =ROW()-ROW($C$6) -> 16 | D22: × | E22: × | F22: × | G22: × | H22: × | I22: × | J22: × | K22: × | L22: × | M22: × | N22: × | O22: × | P22: × | Q22: × | R22: × | S22: × | T22: × | U22: × | V22: × | W22: × | X22: × | Y22: × | Z22: × | AA22: × | AB22: × | AC22: × | AD22: 0 | AE22: 1 | AF22: 0 | AG22: 0 | AH22: 0 | AI22: 0 | AJ22: OILLVLO | AL22: =IF($AJ22="UNKNOWN"," (U1)ALERT_REQ_UNKNOWN"," (U1)"&"ALERT_REQ_"&$AW$17&"_"&IF($AW$6<>$AW$17,$AW$6&"_","")&AJ22) -> (U1)ALERT_REQ_P_OILLEV_OILLVLO | AR22: =IF(AQ87<>"",AQ87,IF(AQ86<>"","};","")) -> (U4)0x00000010U, /* 16 OILLVLO */ | AS22: =IF(AQ152<>"",AQ152,IF(AQ151<>"","};","")) -> (U4)0x0000003FU, /* 16 OILLVLO */ | AT22: =IF(AJ22<>"",AL22&IF(AJ23<>"",","," ")&REPT(" ",78-LEN(AL22))&"/* "&IF(C22<10,"0"&C22,C22)&" "&AJ22&REPT(" ",48-LEN(AJ22))&"*/",IF(AJ21<>"","};","")) -> (U1)ALERT_REQ_P_OILLEV_OILLVLO, /* 16 OILLVLO */
C23: =ROW()-ROW($C$6) -> 17 | D23: × | E23: × | F23: × | G23: × | H23: × | I23: × | J23: × | K23: × | L23: × | M23: × | N23: × | O23: × | P23: × | Q23: × | R23: × | S23: × | T23: × | U23: × | V23: × | W23: × | X23: × | Y23: × | Z23: × | AA23: × | AB23: × | AC23: × | AD23: 0 | AE23: 1 | AF23: 0 | AG23: 0 | AH23: 0 | AI23: 1 | AJ23: OILLVLO | AL23: =IF($AJ23="UNKNOWN"," (U1)ALERT_REQ_UNKNOWN"," (U1)"&"ALERT_REQ_"&$AW$17&"_"&IF($AW$6<>$AW$17,$AW$6&"_","")&AJ23) -> (U1)ALERT_REQ_P_OILLEV_OILLVLO | AR23: =IF(AQ88<>"",AQ88,IF(AQ87<>"","};","")) -> (U4)0x00000011U, /* 17 OILLVLO */ | AS23: =IF(AQ153<>"",AQ153,IF(AQ152<>"","};","")) -> (U4)0x0000003FU, /* 17 OILLVLO */ | AT23: =IF(AJ23<>"",AL23&IF(AJ24<>"",","," ")&REPT(" ",78-LEN(AL23))&"/* "&IF(C23<10,"0"&C23,C23)&" "&AJ23&REPT(" ",48-LEN(AJ23))&"*/",IF(AJ22<>"","};","")) -> (U1)ALERT_REQ_P_OILLEV_OILLVLO, /* 17 OILLVLO */
C24: =ROW()-ROW($C$6) -> 18 | D24: × | E24: × | F24: × | G24: × | H24: × | I24: × | J24: × | K24: × | L24: × | M24: × | N24: × | O24: × | P24: × | Q24: × | R24: × | S24: × | T24: × | U24: × | V24: × | W24: × | X24: × | Y24: × | Z24: × | AA24: × | AB24: × | AC24: × | AD24: 0 | AE24: 1 | AF24: 0 | AG24: 0 | AH24: 1 | AI24: 0 | AJ24: OILLVLO | AL24: =IF($AJ24="UNKNOWN"," (U1)ALERT_REQ_UNKNOWN"," (U1)"&"ALERT_REQ_"&$AW$17&"_"&IF($AW$6<>$AW$17,$AW$6&"_","")&AJ24) -> (U1)ALERT_REQ_P_OILLEV_OILLVLO | AR24: =IF(AQ89<>"",AQ89,IF(AQ88<>"","};","")) -> (U4)0x00000012U, /* 18 OILLVLO */ | AS24: =IF(AQ154<>"",AQ154,IF(AQ153<>"","};","")) -> (U4)0x0000003FU, /* 18 OILLVLO */ | AT24: =IF(AJ24<>"",AL24&IF(AJ25<>"",","," ")&REPT(" ",78-LEN(AL24))&"/* "&IF(C24<10,"0"&C24,C24)&" "&AJ24&REPT(" ",48-LEN(AJ24))&"*/",IF(AJ23<>"","};","")) -> (U1)ALERT_REQ_P_OILLEV_OILLVLO, /* 18 OILLVLO */
C25: =ROW()-ROW($C$6) -> 19 | D25: × | E25: × | F25: × | G25: × | H25: × | I25: × | J25: × | K25: × | L25: × | M25: × | N25: × | O25: × | P25: × | Q25: × | R25: × | S25: × | T25: × | U25: × | V25: × | W25: × | X25: × | Y25: × | Z25: × | AA25: × | AB25: × | AC25: × | AD25: 0 | AE25: 1 | AF25: 0 | AG25: 0 | AH25: 1 | AI25: 1 | AJ25: OILLVLO | AL25: =IF($AJ25="UNKNOWN"," (U1)ALERT_REQ_UNKNOWN"," (U1)"&"ALERT_REQ_"&$AW$17&"_"&IF($AW$6<>$AW$17,$AW$6&"_","")&AJ25) -> (U1)ALERT_REQ_P_OILLEV_OILLVLO | AR25: =IF(AQ90<>"",AQ90,IF(AQ89<>"","};","")) -> (U4)0x00000013U, /* 19 OILLVLO */ | AS25: =IF(AQ155<>"",AQ155,IF(AQ154<>"","};","")) -> (U4)0x0000003FU, /* 19 OILLVLO */ | AT25: =IF(AJ25<>"",AL25&IF(AJ26<>"",","," ")&REPT(" ",78-LEN(AL25))&"/* "&IF(C25<10,"0"&C25,C25)&" "&AJ25&REPT(" ",48-LEN(AJ25))&"*/",IF(AJ24<>"","};","")) -> (U1)ALERT_REQ_P_OILLEV_OILLVLO, /* 19 OILLVLO */
C26: =ROW()-ROW($C$6) -> 20 | D26: × | E26: × | F26: × | G26: × | H26: × | I26: × | J26: × | K26: × | L26: × | M26: × | N26: × | O26: × | P26: × | Q26: × | R26: × | S26: × | T26: × | U26: × | V26: × | W26: × | X26: × | Y26: × | Z26: × | AA26: × | AB26: × | AC26: × | AD26: 0 | AE26: 1 | AF26: 0 | AG26: 1 | AH26: 0 | AI26: 0 | AJ26: OILLVLO | AL26: =IF($AJ26="UNKNOWN"," (U1)ALERT_REQ_UNKNOWN"," (U1)"&"ALERT_REQ_"&$AW$17&"_"&IF($AW$6<>$AW$17,$AW$6&"_","")&AJ26) -> (U1)ALERT_REQ_P_OILLEV_OILLVLO | AR26: =IF(AQ91<>"",AQ91,IF(AQ90<>"","};","")) -> (U4)0x00000014U, /* 20 OILLVLO */ | AS26: =IF(AQ156<>"",AQ156,IF(AQ155<>"","};","")) -> (U4)0x0000003FU, /* 20 OILLVLO */ | AT26: =IF(AJ26<>"",AL26&IF(AJ27<>"",","," ")&REPT(" ",78-LEN(AL26))&"/* "&IF(C26<10,"0"&C26,C26)&" "&AJ26&REPT(" ",48-LEN(AJ26))&"*/",IF(AJ25<>"","};","")) -> (U1)ALERT_REQ_P_OILLEV_OILLVLO, /* 20 OILLVLO */
C27: =ROW()-ROW($C$6) -> 21 | D27: × | E27: × | F27: × | G27: × | H27: × | I27: × | J27: × | K27: × | L27: × | M27: × | N27: × | O27: × | P27: × | Q27: × | R27: × | S27: × | T27: × | U27: × | V27: × | W27: × | X27: × | Y27: × | Z27: × | AA27: × | AB27: × | AC27: × | AD27: 0 | AE27: 1 | AF27: 0 | AG27: 1 | AH27: 0 | AI27: 1 | AJ27: OILLVLO | AL27: =IF($AJ27="UNKNOWN"," (U1)ALERT_REQ_UNKNOWN"," (U1)"&"ALERT_REQ_"&$AW$17&"_"&IF($AW$6<>$AW$17,$AW$6&"_","")&AJ27) -> (U1)ALERT_REQ_P_OILLEV_OILLVLO | AR27: =IF(AQ92<>"",AQ92,IF(AQ91<>"","};","")) -> (U4)0x00000015U, /* 21 OILLVLO */ | AS27: =IF(AQ157<>"",AQ157,IF(AQ156<>"","};","")) -> (U4)0x0000003FU, /* 21 OILLVLO */ | AT27: =IF(AJ27<>"",AL27&IF(AJ28<>"",","," ")&REPT(" ",78-LEN(AL27))&"/* "&IF(C27<10,"0"&C27,C27)&" "&AJ27&REPT(" ",48-LEN(AJ27))&"*/",IF(AJ26<>"","};","")) -> (U1)ALERT_REQ_P_OILLEV_OILLVLO, /* 21 OILLVLO */
C28: =ROW()-ROW($C$6) -> 22 | D28: × | E28: × | F28: × | G28: × | H28: × | I28: × | J28: × | K28: × | L28: × | M28: × | N28: × | O28: × | P28: × | Q28: × | R28: × | S28: × | T28: × | U28: × | V28: × | W28: × | X28: × | Y28: × | Z28: × | AA28: × | AB28: × | AC28: × | AD28: 0 | AE28: 1 | AF28: 0 | AG28: 1 | AH28: 1 | AI28: 0 | AJ28: OILLVLO | AL28: =IF($AJ28="UNKNOWN"," (U1)ALERT_REQ_UNKNOWN"," (U1)"&"ALERT_REQ_"&$AW$17&"_"&IF($AW$6<>$AW$17,$AW$6&"_","")&AJ28) -> (U1)ALERT_REQ_P_OILLEV_OILLVLO | AR28: =IF(AQ93<>"",AQ93,IF(AQ92<>"","};","")) -> (U4)0x00000016U, /* 22 OILLVLO */ | AS28: =IF(AQ158<>"",AQ158,IF(AQ157<>"","};","")) -> (U4)0x0000003FU, /* 22 OILLVLO */ | AT28: =IF(AJ28<>"",AL28&IF(AJ29<>"",","," ")&REPT(" ",78-LEN(AL28))&"/* "&IF(C28<10,"0"&C28,C28)&" "&AJ28&REPT(" ",48-LEN(AJ28))&"*/",IF(AJ27<>"","};","")) -> (U1)ALERT_REQ_P_OILLEV_OILLVLO, /* 22 OILLVLO */
C29: =ROW()-ROW($C$6) -> 23 | D29: × | E29: × | F29: × | G29: × | H29: × | I29: × | J29: × | K29: × | L29: × | M29: × | N29: × | O29: × | P29: × | Q29: × | R29: × | S29: × | T29: × | U29: × | V29: × | W29: × | X29: × | Y29: × | Z29: × | AA29: × | AB29: × | AC29: × | AD29: 0 | AE29: 1 | AF29: 0 | AG29: 1 | AH29: 1 | AI29: 1 | AJ29: OILLVLO | AL29: =IF($AJ29="UNKNOWN"," (U1)ALERT_REQ_UNKNOWN"," (U1)"&"ALERT_REQ_"&$AW$17&"_"&IF($AW$6<>$AW$17,$AW$6&"_","")&AJ29) -> (U1)ALERT_REQ_P_OILLEV_OILLVLO | AR29: =IF(AQ94<>"",AQ94,IF(AQ93<>"","};","")) -> (U4)0x00000017U, /* 23 OILLVLO */ | AS29: =IF(AQ159<>"",AQ159,IF(AQ158<>"","};","")) -> (U4)0x0000003FU, /* 23 OILLVLO */ | AT29: =IF(AJ29<>"",AL29&IF(AJ30<>"",","," ")&REPT(" ",78-LEN(AL29))&"/* "&IF(C29<10,"0"&C29,C29)&" "&AJ29&REPT(" ",48-LEN(AJ29))&"*/",IF(AJ28<>"","};","")) -> (U1)ALERT_REQ_P_OILLEV_OILLVLO, /* 23 OILLVLO */
... C69: =ROW()-ROW($C$6) -> 63 | D69: × | E69: × | F69: × | G69: × | H69: × | I69: × | J69: × | K69: × | L69: × | M69: × | N69: × | O69: × | P69: × | Q69: × | R69: × | S69: × | T69: × | U69: × | V69: × | W69: × | X69: × | Y69: × | Z69: × | AA69: × | AB69: × | AC69: × | AD69: 1 | AE69: 1 | AF69: 1 | AG69: 1 | AH69: 1 | AI69: 1 | AJ69: OILLVLO | AL69: =IF($AJ69="UNKNOWN"," (U1)ALERT_REQ_UNKNOWN"," (U1)"&"ALERT_REQ_"&$AW$17&"_"&IF($AW$6<>$AW$17,$AW$6&"_","")&AJ69) -> (U1)ALERT_REQ_P_OILLEV_OILLVLO | AR69: =IF(AQ134<>"",AQ134,IF(AQ133<>"","};","")) -> (U4)0x0000003FU /* 63 OILLVLO */ | AS69: =IF(AQ199<>"",AQ199,IF(AQ198<>"","};","")) -> (U4)0x0000003FU /* 63 OILLVLO */ | AT69: =IF(AJ69<>"",AL69&IF(AJ70<>"",","," ")&REPT(" ",78-LEN(AL69))&"/* "&IF(C69<10,"0"&C69,C69)&" "&AJ69&REPT(" ",48-LEN(AJ69))&"*/",IF(AJ68<>"","};","")) -> (U1)ALERT_REQ_P_OILLEV_OILLVLO /* 63 OILLVLO */
A70: Criteria | AR70: =IF(AQ135<>"",AQ135,IF(AQ134<>"","};","")) -> }; | AS70: =IF(AQ200<>"",AQ200,IF(AQ199<>"","};","")) -> }; | AT70: =IF(AJ70<>"",AL70&IF(AJ71<>"",","," ")&REPT(" ",78-LEN(AL70))&"/* "&IF(C70<10,"0"&C70,C70)&" "&AJ70&REPT(" ",48-LEN(AJ70))&"*/",IF(AJ69<>"","};","")) -> };
B71: =IF(B6<>"",B6,"") -> Table P_OILLEV | C71: =IF(C6<>"",C6,"") -> 0 | D71: =IF(D6=1,1,0) -> 0 | E71: =IF(E6=1,1,0) -> 0 | F71: =IF(F6=1,1,0) -> 0 | G71: =IF(G6=1,1,0) -> 0 | H71: =IF(H6=1,1,0) -> 0 | I71: =IF(I6=1,1,0) -> 0 | J71: =IF(J6=1,1,0) -> 0 | K71: =IF(K6=1,1,0) -> 0 | ... AI71: =IF(AI6=1,1,0) -> 0 | AJ71: =IF(AJ6<>"",AJ6,"") -> UNKNOWN | AL71: =BIN2HEX(AB71&AC71&AD71&AE71&AF71&AG71&AH71&AI71,2) -> 00 | AM71: =BIN2HEX(T71&U71&V71&W71&X71&Y71&Z71&AA71,2) -> 00 | AN71: =BIN2HEX(L71&M71&N71&O71&P71&Q71&R71&S71,2) -> 00 | AO71: =BIN2HEX(D71&E71&F71&G71&H71&I71&J71&K71,2) -> 00 | AQ71: =IF(AJ71="",""," (U4)0x"&AO71&AN71&AM71&AL71&"U"&IF(AJ72=""," ",",")&REPT(" ",59)&"/* "&IF(C71<10,"0"&C71,C71)&" "&AJ71&REPT(" ",47-LEN(AJ71))&" */") -> (U4)0x00000000U, /* 00 UNKNOWN */
C72: =IF(C7<>"",C7,"") -> 1 | D72: =IF(D7=1,1,0) -> 0 | E72: =IF(E7=1,1,0) -> 0 | F72: =IF(F7=1,1,0) -> 0 | G72: =IF(G7=1,1,0) -> 0 | H72: =IF(H7=1,1,0) -> 0 | I72: =IF(I7=1,1,0) -> 0 | J72: =IF(J7=1,1,0) -> 0 | K72: =IF(K7=1,1,0) -> 0 | ... AI72: =IF(AI7=1,1,0) -> 1 | AJ72: =IF(AJ7<>"",AJ7,"") -> UNKNOWN | AL72: =BIN2HEX(AB72&AC72&AD72&AE72&AF72&AG72&AH72&AI72,2) -> 01 | AM72: =BIN2HEX(T72&U72&V72&W72&X72&Y72&Z72&AA72,2) -> 00 | AN72: =BIN2HEX(L72&M72&N72&O72&P72&Q72&R72&S72,2) -> 00 | AO72: =BIN2HEX(D72&E72&F72&G72&H72&I72&J72&K72,2) -> 00 | AQ72: =IF(AJ72="",""," (U4)0x"&AO72&AN72&AM72&AL72&"U"&IF(AJ73=""," ",",")&REPT(" ",59)&"/* "&IF(C72<10,"0"&C72,C72)&" "&AJ72&REPT(" ",47-LEN(AJ72))&" */") -> (U4)0x00000001U, /* 01 UNKNOWN */
C73: =IF(C8<>"",C8,"") -> 2 | D73: =IF(D8=1,1,0) -> 0 | E73: =IF(E8=1,1,0) -> 0 | F73: =IF(F8=1,1,0) -> 0 | G73: =IF(G8=1,1,0) -> 0 | H73: =IF(H8=1,1,0) -> 0 | I73: =IF(I8=1,1,0) -> 0 | J73: =IF(J8=1,1,0) -> 0 | K73: =IF(K8=1,1,0) -> 0 | ... AI73: =IF(AI8=1,1,0) -> 0 | AJ73: =IF(AJ8<>"",AJ8,"") -> UNKNOWN | AL73: =BIN2HEX(AB73&AC73&AD73&AE73&AF73&AG73&AH73&AI73,2) -> 02 | AM73: =BIN2HEX(T73&U73&V73&W73&X73&Y73&Z73&AA73,2) -> 00 | AN73: =BIN2HEX(L73&M73&N73&O73&P73&Q73&R73&S73,2) -> 00 | AO73: =BIN2HEX(D73&E73&F73&G73&H73&I73&J73&K73,2) -> 00 | AQ73: =IF(AJ73="",""," (U4)0x"&AO73&AN73&AM73&AL73&"U"&IF(AJ74=""," ",",")&REPT(" ",59)&"/* "&IF(C73<10,"0"&C73,C73)&" "&AJ73&REPT(" ",47-LEN(AJ73))&" */") -> (U4)0x00000002U, /* 02 UNKNOWN */
C74: =IF(C9<>"",C9,"") -> 3 | D74: =IF(D9=1,1,0) -> 0 | E74: =IF(E9=1,1,0) -> 0 | F74: =IF(F9=1,1,0) -> 0 | G74: =IF(G9=1,1,0) -> 0 | H74: =IF(H9=1,1,0) -> 0 | I74: =IF(I9=1,1,0) -> 0 | J74: =IF(J9=1,1,0) -> 0 | K74: =IF(K9=1,1,0) -> 0 | ... AI74: =IF(AI9=1,1,0) -> 1 | AJ74: =IF(AJ9<>"",AJ9,"") -> UNKNOWN | AL74: =BIN2HEX(AB74&AC74&AD74&AE74&AF74&AG74&AH74&AI74,2) -> 03 | AM74: =BIN2HEX(T74&U74&V74&W74&X74&Y74&Z74&AA74,2) -> 00 | AN74: =BIN2HEX(L74&M74&N74&O74&P74&Q74&R74&S74,2) -> 00 | AO74: =BIN2HEX(D74&E74&F74&G74&H74&I74&J74&K74,2) -> 00 | AQ74: =IF(AJ74="",""," (U4)0x"&AO74&AN74&AM74&AL74&"U"&IF(AJ75=""," ",",")&REPT(" ",59)&"/* "&IF(C74<10,"0"&C74,C74)&" "&AJ74&REPT(" ",47-LEN(AJ74))&" */") -> (U4)0x00000003U, /* 03 UNKNOWN */
C75: =IF(C10<>"",C10,"") -> 4 | D75: =IF(D10=1,1,0) -> 0 | E75: =IF(E10=1,1,0) -> 0 | F75: =IF(F10=1,1,0) -> 0 | G75: =IF(G10=1,1,0) -> 0 | H75: =IF(H10=1,1,0) -> 0 | I75: =IF(I10=1,1,0) -> 0 | J75: =IF(J10=1,1,0) -> 0 | K75: =IF(K10=1,1,0) -> 0 | ... AI75: =IF(AI10=1,1,0) -> 0 | AJ75: =IF(AJ10<>"",AJ10,"") -> UNKNOWN | AL75: =BIN2HEX(AB75&AC75&AD75&AE75&AF75&AG75&AH75&AI75,2) -> 04 | AM75: =BIN2HEX(T75&U75&V75&W75&X75&Y75&Z75&AA75,2) -> 00 | AN75: =BIN2HEX(L75&M75&N75&O75&P75&Q75&R75&S75,2) -> 00 | AO75: =BIN2HEX(D75&E75&F75&G75&H75&I75&J75&K75,2) -> 00 | AQ75: =IF(AJ75="",""," (U4)0x"&AO75&AN75&AM75&AL75&"U"&IF(AJ76=""," ",",")&REPT(" ",59)&"/* "&IF(C75<10,"0"&C75,C75)&" "&AJ75&REPT(" ",47-LEN(AJ75))&" */") -> (U4)0x00000004U, /* 04 UNKNOWN */
C76: =IF(C11<>"",C11,"") -> 5 | D76: =IF(D11=1,1,0) -> 0 | E76: =IF(E11=1,1,0) -> 0 | F76: =IF(F11=1,1,0) -> 0 | G76: =IF(G11=1,1,0) -> 0 | H76: =IF(H11=1,1,0) -> 0 | I76: =IF(I11=1,1,0) -> 0 | J76: =IF(J11=1,1,0) -> 0 | K76: =IF(K11=1,1,0) -> 0 | ... AI76: =IF(AI11=1,1,0) -> 1 | AJ76: =IF(AJ11<>"",AJ11,"") -> UNKNOWN | AL76: =BIN2HEX(AB76&AC76&AD76&AE76&AF76&AG76&AH76&AI76,2) -> 05 | AM76: =BIN2HEX(T76&U76&V76&W76&X76&Y76&Z76&AA76,2) -> 00 | AN76: =BIN2HEX(L76&M76&N76&O76&P76&Q76&R76&S76,2) -> 00 | AO76: =BIN2HEX(D76&E76&F76&G76&H76&I76&J76&K76,2) -> 00 | AQ76: =IF(AJ76="",""," (U4)0x"&AO76&AN76&AM76&AL76&"U"&IF(AJ77=""," ",",")&REPT(" ",59)&"/* "&IF(C76<10,"0"&C76,C76)&" "&AJ76&REPT(" ",47-LEN(AJ76))&" */") -> (U4)0x00000005U, /* 05 UNKNOWN */
C77: =IF(C12<>"",C12,"") -> 6 | D77: =IF(D12=1,1,0) -> 0 | E77: =IF(E12=1,1,0) -> 0 | F77: =IF(F12=1,1,0) -> 0 | G77: =IF(G12=1,1,0) -> 0 | H77: =IF(H12=1,1,0) -> 0 | I77: =IF(I12=1,1,0) -> 0 | J77: =IF(J12=1,1,0) -> 0 | K77: =IF(K12=1,1,0) -> 0 | ... AI77: =IF(AI12=1,1,0) -> 0 | AJ77: =IF(AJ12<>"",AJ12,"") -> UNKNOWN | AL77: =BIN2HEX(AB77&AC77&AD77&AE77&AF77&AG77&AH77&AI77,2) -> 06 | AM77: =BIN2HEX(T77&U77&V77&W77&X77&Y77&Z77&AA77,2) -> 00 | AN77: =BIN2HEX(L77&M77&N77&O77&P77&Q77&R77&S77,2) -> 00 | AO77: =BIN2HEX(D77&E77&F77&G77&H77&I77&J77&K77,2) -> 00 | AQ77: =IF(AJ77="",""," (U4)0x"&AO77&AN77&AM77&AL77&"U"&IF(AJ78=""," ",",")&REPT(" ",59)&"/* "&IF(C77<10,"0"&C77,C77)&" "&AJ77&REPT(" ",47-LEN(AJ77))&" */") -> (U4)0x00000006U, /* 06 UNKNOWN */
C78: =IF(C13<>"",C13,"") -> 7 | D78: =IF(D13=1,1,0) -> 0 | E78: =IF(E13=1,1,0) -> 0 | F78: =IF(F13=1,1,0) -> 0 | G78: =IF(G13=1,1,0) -> 0 | H78: =IF(H13=1,1,0) -> 0 | I78: =IF(I13=1,1,0) -> 0 | J78: =IF(J13=1,1,0) -> 0 | K78: =IF(K13=1,1,0) -> 0 | ... AI78: =IF(AI13=1,1,0) -> 1 | AJ78: =IF(AJ13<>"",AJ13,"") -> UNKNOWN | AL78: =BIN2HEX(AB78&AC78&AD78&AE78&AF78&AG78&AH78&AI78,2) -> 07 | AM78: =BIN2HEX(T78&U78&V78&W78&X78&Y78&Z78&AA78,2) -> 00 | AN78: =BIN2HEX(L78&M78&N78&O78&P78&Q78&R78&S78,2) -> 00 | AO78: =BIN2HEX(D78&E78&F78&G78&H78&I78&J78&K78,2) -> 00 | AQ78: =IF(AJ78="",""," (U4)0x"&AO78&AN78&AM78&AL78&"U"&IF(AJ79=""," ",",")&REPT(" ",59)&"/* "&IF(C78<10,"0"&C78,C78)&" "&AJ78&REPT(" ",47-LEN(AJ78))&" */") -> (U4)0x00000007U, /* 07 UNKNOWN */
C79: =IF(C14<>"",C14,"") -> 8 | D79: =IF(D14=1,1,0) -> 0 | E79: =IF(E14=1,1,0) -> 0 | F79: =IF(F14=1,1,0) -> 0 | G79: =IF(G14=1,1,0) -> 0 | H79: =IF(H14=1,1,0) -> 0 | I79: =IF(I14=1,1,0) -> 0 | J79: =IF(J14=1,1,0) -> 0 | K79: =IF(K14=1,1,0) -> 0 | ... AI79: =IF(AI14=1,1,0) -> 0 | AJ79: =IF(AJ14<>"",AJ14,"") -> UNKNOWN | AL79: =BIN2HEX(AB79&AC79&AD79&AE79&AF79&AG79&AH79&AI79,2) -> 08 | AM79: =BIN2HEX(T79&U79&V79&W79&X79&Y79&Z79&AA79,2) -> 00 | AN79: =BIN2HEX(L79&M79&N79&O79&P79&Q79&R79&S79,2) -> 00 | AO79: =BIN2HEX(D79&E79&F79&G79&H79&I79&J79&K79,2) -> 00 | AQ79: =IF(AJ79="",""," (U4)0x"&AO79&AN79&AM79&AL79&"U"&IF(AJ80=""," ",",")&REPT(" ",59)&"/* "&IF(C79<10,"0"&C79,C79)&" "&AJ79&REPT(" ",47-LEN(AJ79))&" */") -> (U4)0x00000008U, /* 08 UNKNOWN */
C80: =IF(C15<>"",C15,"") -> 9 | D80: =IF(D15=1,1,0) -> 0 | E80: =IF(E15=1,1,0) -> 0 | F80: =IF(F15=1,1,0) -> 0 | G80: =IF(G15=1,1,0) -> 0 | H80: =IF(H15=1,1,0) -> 0 | I80: =IF(I15=1,1,0) -> 0 | J80: =IF(J15=1,1,0) -> 0 | K80: =IF(K15=1,1,0) -> 0 | ... AI80: =IF(AI15=1,1,0) -> 1 | AJ80: =IF(AJ15<>"",AJ15,"") -> OILLVLO | AL80: =BIN2HEX(AB80&AC80&AD80&AE80&AF80&AG80&AH80&AI80,2) -> 09 | AM80: =BIN2HEX(T80&U80&V80&W80&X80&Y80&Z80&AA80,2) -> 00 | AN80: =BIN2HEX(L80&M80&N80&O80&P80&Q80&R80&S80,2) -> 00 | AO80: =BIN2HEX(D80&E80&F80&G80&H80&I80&J80&K80,2) -> 00 | AQ80: =IF(AJ80="",""," (U4)0x"&AO80&AN80&AM80&AL80&"U"&IF(AJ81=""," ",",")&REPT(" ",59)&"/* "&IF(C80<10,"0"&C80,C80)&" "&AJ80&REPT(" ",47-LEN(AJ80))&" */") -> (U4)0x00000009U, /* 09 OILLVLO */
C81: =IF(C16<>"",C16,"") -> 10 | D81: =IF(D16=1,1,0) -> 0 | E81: =IF(E16=1,1,0) -> 0 | F81: =IF(F16=1,1,0) -> 0 | G81: =IF(G16=1,1,0) -> 0 | H81: =IF(H16=1,1,0) -> 0 | I81: =IF(I16=1,1,0) -> 0 | J81: =IF(J16=1,1,0) -> 0 | K81: =IF(K16=1,1,0) -> 0 | ... AI81: =IF(AI16=1,1,0) -> 0 | AJ81: =IF(AJ16<>"",AJ16,"") -> UNKNOWN | AL81: =BIN2HEX(AB81&AC81&AD81&AE81&AF81&AG81&AH81&AI81,2) -> 0A | AM81: =BIN2HEX(T81&U81&V81&W81&X81&Y81&Z81&AA81,2) -> 00 | AN81: =BIN2HEX(L81&M81&N81&O81&P81&Q81&R81&S81,2) -> 00 | AO81: =BIN2HEX(D81&E81&F81&G81&H81&I81&J81&K81,2) -> 00 | AQ81: =IF(AJ81="",""," (U4)0x"&AO81&AN81&AM81&AL81&"U"&IF(AJ82=""," ",",")&REPT(" ",59)&"/* "&IF(C81<10,"0"&C81,C81)&" "&AJ81&REPT(" ",47-LEN(AJ81))&" */") -> (U4)0x0000000AU, /* 10 UNKNOWN */
C82: =IF(C17<>"",C17,"") -> 11 | D82: =IF(D17=1,1,0) -> 0 | E82: =IF(E17=1,1,0) -> 0 | F82: =IF(F17=1,1,0) -> 0 | G82: =IF(G17=1,1,0) -> 0 | H82: =IF(H17=1,1,0) -> 0 | I82: =IF(I17=1,1,0) -> 0 | J82: =IF(J17=1,1,0) -> 0 | K82: =IF(K17=1,1,0) -> 0 | ... AI82: =IF(AI17=1,1,0) -> 1 | AJ82: =IF(AJ17<>"",AJ17,"") -> OILLVLO | AL82: =BIN2HEX(AB82&AC82&AD82&AE82&AF82&AG82&AH82&AI82,2) -> 0B | AM82: =BIN2HEX(T82&U82&V82&W82&X82&Y82&Z82&AA82,2) -> 00 | AN82: =BIN2HEX(L82&M82&N82&O82&P82&Q82&R82&S82,2) -> 00 | AO82: =BIN2HEX(D82&E82&F82&G82&H82&I82&J82&K82,2) -> 00 | AQ82: =IF(AJ82="",""," (U4)0x"&AO82&AN82&AM82&AL82&"U"&IF(AJ83=""," ",",")&REPT(" ",59)&"/* "&IF(C82<10,"0"&C82,C82)&" "&AJ82&REPT(" ",47-LEN(AJ82))&" */") -> (U4)0x0000000BU, /* 11 OILLVLO */
C83: =IF(C18<>"",C18,"") -> 12 | D83: =IF(D18=1,1,0) -> 0 | E83: =IF(E18=1,1,0) -> 0 | F83: =IF(F18=1,1,0) -> 0 | G83: =IF(G18=1,1,0) -> 0 | H83: =IF(H18=1,1,0) -> 0 | I83: =IF(I18=1,1,0) -> 0 | J83: =IF(J18=1,1,0) -> 0 | K83: =IF(K18=1,1,0) -> 0 | ... AI83: =IF(AI18=1,1,0) -> 0 | AJ83: =IF(AJ18<>"",AJ18,"") -> OILLVLO | AL83: =BIN2HEX(AB83&AC83&AD83&AE83&AF83&AG83&AH83&AI83,2) -> 0C | AM83: =BIN2HEX(T83&U83&V83&W83&X83&Y83&Z83&AA83,2) -> 00 | AN83: =BIN2HEX(L83&M83&N83&O83&P83&Q83&R83&S83,2) -> 00 | AO83: =BIN2HEX(D83&E83&F83&G83&H83&I83&J83&K83,2) -> 00 | AQ83: =IF(AJ83="",""," (U4)0x"&AO83&AN83&AM83&AL83&"U"&IF(AJ84=""," ",",")&REPT(" ",59)&"/* "&IF(C83<10,"0"&C83,C83)&" "&AJ83&REPT(" ",47-LEN(AJ83))&" */") -> (U4)0x0000000CU, /* 12 OILLVLO */
... C134: =IF(C69<>"",C69,"") -> 63 | D134: =IF(D69=1,1,0) -> 0 | E134: =IF(E69=1,1,0) -> 0 | F134: =IF(F69=1,1,0) -> 0 | G134: =IF(G69=1,1,0) -> 0 | H134: =IF(H69=1,1,0) -> 0 | I134: =IF(I69=1,1,0) -> 0 | J134: =IF(J69=1,1,0) -> 0 | K134: =IF(K69=1,1,0) -> 0 | ... AI134: =IF(AI69=1,1,0) -> 1 | AJ134: =IF(AJ69<>"",AJ69,"") -> OILLVLO | AL134: =BIN2HEX(AB134&AC134&AD134&AE134&AF134&AG134&AH134&AI134,2) -> 3F | AM134: =BIN2HEX(T134&U134&V134&W134&X134&Y134&Z134&AA134,2) -> 00 | AN134: =BIN2HEX(L134&M134&N134&O134&P134&Q134&R134&S134,2) -> 00 | AO134: =BIN2HEX(D134&E134&F134&G134&H134&I134&J134&K134,2) -> 00 | AQ134: =IF(AJ134="",""," (U4)0x"&AO134&AN134&AM134&AL134&"U"&IF(AJ135=""," ",",")&REPT(" ",59)&"/* "&IF(C134<10,"0"&C134,C134)&" "&AJ134&REPT(" ",47-LEN(AJ134))&" */") -> (U4)0x0000003FU /* 63 OILLVLO */
A135: Mask
B136: =IF(B6<>"",B6,"") -> Table P_OILLEV | C136: =IF(C6<>"",C6,"") -> 0 | D136: =IF(OR(D6=0,D6=1),1,0) -> 0 | E136: =IF(OR(E6=0,E6=1),1,0) -> 0 | F136: =IF(OR(F6=0,F6=1),1,0) -> 0 | G136: =IF(OR(G6=0,G6=1),1,0) -> 0 | H136: =IF(OR(H6=0,H6=1),1,0) -> 0 | I136: =IF(OR(I6=0,I6=1),1,0) -> 0 | J136: =IF(OR(J6=0,J6=1),1,0) -> 0 | K136: =IF(OR(K6=0,K6=1),1,0) -> 0 | ... AI136: =IF(OR(AI6=0,AI6=1),1,0) -> 1 | AJ136: =IF(AJ6<>"",AJ6,"") -> UNKNOWN | AL136: =BIN2HEX(AB136&AC136&AD136&AE136&AF136&AG136&AH136&AI136,2) -> 3F | AM136: =BIN2HEX(T136&U136&V136&W136&X136&Y136&Z136&AA136,2) -> 00 | AN136: =BIN2HEX(L136&M136&N136&O136&P136&Q136&R136&S136,2) -> 00 | AO136: =BIN2HEX(D136&E136&F136&G136&H136&I136&J136&K136,2) -> 00 | AQ136: =IF(AJ136="",""," (U4)0x"&AO136&AN136&AM136&AL136&"U"&IF(AJ137=""," ",",")&REPT(" ",59)&"/* "&IF(C136<10,"0"&C136,C136)&" "&AJ136&REPT(" ",47-LEN(AJ136))&" */") -> (U4)0x0000003FU, /* 00 UNKNOWN */
C137: =IF(C7<>"",C7,"") -> 1 | D137: =IF(OR(D7=0,D7=1),1,0) -> 0 | E137: =IF(OR(E7=0,E7=1),1,0) -> 0 | F137: =IF(OR(F7=0,F7=1),1,0) -> 0 | G137: =IF(OR(G7=0,G7=1),1,0) -> 0 | H137: =IF(OR(H7=0,H7=1),1,0) -> 0 | I137: =IF(OR(I7=0,I7=1),1,0) -> 0 | J137: =IF(OR(J7=0,J7=1),1,0) -> 0 | K137: =IF(OR(K7=0,K7=1),1,0) -> 0 | ... AI137: =IF(OR(AI7=0,AI7=1),1,0) -> 1 | AJ137: =IF(AJ7<>"",AJ7,"") -> UNKNOWN | AL137: =BIN2HEX(AB137&AC137&AD137&AE137&AF137&AG137&AH137&AI137,2) -> 3F | AM137: =BIN2HEX(T137&U137&V137&W137&X137&Y137&Z137&AA137,2) -> 00 | AN137: =BIN2HEX(L137&M137&N137&O137&P137&Q137&R137&S137,2) -> 00 | AO137: =BIN2HEX(D137&E137&F137&G137&H137&I137&J137&K137,2) -> 00 | AQ137: =IF(AJ137="",""," (U4)0x"&AO137&AN137&AM137&AL137&"U"&IF(AJ138=""," ",",")&REPT(" ",59)&"/* "&IF(C137<10,"0"&C137,C137)&" "&AJ137&REPT(" ",47-LEN(AJ137))&" */") -> (U4)0x0000003FU, /* 01 UNKNOWN */
C138: =IF(C8<>"",C8,"") -> 2 | D138: =IF(OR(D8=0,D8=1),1,0) -> 0 | E138: =IF(OR(E8=0,E8=1),1,0) -> 0 | F138: =IF(OR(F8=0,F8=1),1,0) -> 0 | G138: =IF(OR(G8=0,G8=1),1,0) -> 0 | H138: =IF(OR(H8=0,H8=1),1,0) -> 0 | I138: =IF(OR(I8=0,I8=1),1,0) -> 0 | J138: =IF(OR(J8=0,J8=1),1,0) -> 0 | K138: =IF(OR(K8=0,K8=1),1,0) -> 0 | ... AI138: =IF(OR(AI8=0,AI8=1),1,0) -> 1 | AJ138: =IF(AJ8<>"",AJ8,"") -> UNKNOWN | AL138: =BIN2HEX(AB138&AC138&AD138&AE138&AF138&AG138&AH138&AI138,2) -> 3F | AM138: =BIN2HEX(T138&U138&V138&W138&X138&Y138&Z138&AA138,2) -> 00 | AN138: =BIN2HEX(L138&M138&N138&O138&P138&Q138&R138&S138,2) -> 00 | AO138: =BIN2HEX(D138&E138&F138&G138&H138&I138&J138&K138,2) -> 00 | AQ138: =IF(AJ138="",""," (U4)0x"&AO138&AN138&AM138&AL138&"U"&IF(AJ139=""," ",",")&REPT(" ",59)&"/* "&IF(C138<10,"0"&C138,C138)&" "&AJ138&REPT(" ",47-LEN(AJ138))&" */") -> (U4)0x0000003FU, /* 02 UNKNOWN */
C139: =IF(C9<>"",C9,"") -> 3 | D139: =IF(OR(D9=0,D9=1),1,0) -> 0 | E139: =IF(OR(E9=0,E9=1),1,0) -> 0 | F139: =IF(OR(F9=0,F9=1),1,0) -> 0 | G139: =IF(OR(G9=0,G9=1),1,0) -> 0 | H139: =IF(OR(H9=0,H9=1),1,0) -> 0 | I139: =IF(OR(I9=0,I9=1),1,0) -> 0 | J139: =IF(OR(J9=0,J9=1),1,0) -> 0 | K139: =IF(OR(K9=0,K9=1),1,0) -> 0 | ... AI139: =IF(OR(AI9=0,AI9=1),1,0) -> 1 | AJ139: =IF(AJ9<>"",AJ9,"") -> UNKNOWN | AL139: =BIN2HEX(AB139&AC139&AD139&AE139&AF139&AG139&AH139&AI139,2) -> 3F | AM139: =BIN2HEX(T139&U139&V139&W139&X139&Y139&Z139&AA139,2) -> 00 | AN139: =BIN2HEX(L139&M139&N139&O139&P139&Q139&R139&S139,2) -> 00 | AO139: =BIN2HEX(D139&E139&F139&G139&H139&I139&J139&K139,2) -> 00 | AQ139: =IF(AJ139="",""," (U4)0x"&AO139&AN139&AM139&AL139&"U"&IF(AJ140=""," ",",")&REPT(" ",59)&"/* "&IF(C139<10,"0"&C139,C139)&" "&AJ139&REPT(" ",47-LEN(AJ139))&" */") -> (U4)0x0000003FU, /* 03 UNKNOWN */
C140: =IF(C10<>"",C10,"") -> 4 | D140: =IF(OR(D10=0,D10=1),1,0) -> 0 | E140: =IF(OR(E10=0,E10=1),1,0) -> 0 | F140: =IF(OR(F10=0,F10=1),1,0) -> 0 | G140: =IF(OR(G10=0,G10=1),1,0) -> 0 | H140: =IF(OR(H10=0,H10=1),1,0) -> 0 | I140: =IF(OR(I10=0,I10=1),1,0) -> 0 | J140: =IF(OR(J10=0,J10=1),1,0) -> 0 | K140: =IF(OR(K10=0,K10=1),1,0) -> 0 | ... AI140: =IF(OR(AI10=0,AI10=1),1,0) -> 1 | AJ140: =IF(AJ10<>"",AJ10,"") -> UNKNOWN | AL140: =BIN2HEX(AB140&AC140&AD140&AE140&AF140&AG140&AH140&AI140,2) -> 3F | AM140: =BIN2HEX(T140&U140&V140&W140&X140&Y140&Z140&AA140,2) -> 00 | AN140: =BIN2HEX(L140&M140&N140&O140&P140&Q140&R140&S140,2) -> 00 | AO140: =BIN2HEX(D140&E140&F140&G140&H140&I140&J140&K140,2) -> 00 | AQ140: =IF(AJ140="",""," (U4)0x"&AO140&AN140&AM140&AL140&"U"&IF(AJ141=""," ",",")&REPT(" ",59)&"/* "&IF(C140<10,"0"&C140,C140)&" "&AJ140&REPT(" ",47-LEN(AJ140))&" */") -> (U4)0x0000003FU, /* 04 UNKNOWN */
C141: =IF(C11<>"",C11,"") -> 5 | D141: =IF(OR(D11=0,D11=1),1,0) -> 0 | E141: =IF(OR(E11=0,E11=1),1,0) -> 0 | F141: =IF(OR(F11=0,F11=1),1,0) -> 0 | G141: =IF(OR(G11=0,G11=1),1,0) -> 0 | H141: =IF(OR(H11=0,H11=1),1,0) -> 0 | I141: =IF(OR(I11=0,I11=1),1,0) -> 0 | J141: =IF(OR(J11=0,J11=1),1,0) -> 0 | K141: =IF(OR(K11=0,K11=1),1,0) -> 0 | ... AI141: =IF(OR(AI11=0,AI11=1),1,0) -> 1 | AJ141: =IF(AJ11<>"",AJ11,"") -> UNKNOWN | AL141: =BIN2HEX(AB141&AC141&AD141&AE141&AF141&AG141&AH141&AI141,2) -> 3F | AM141: =BIN2HEX(T141&U141&V141&W141&X141&Y141&Z141&AA141,2) -> 00 | AN141: =BIN2HEX(L141&M141&N141&O141&P141&Q141&R141&S141,2) -> 00 | AO141: =BIN2HEX(D141&E141&F141&G141&H141&I141&J141&K141,2) -> 00 | AQ141: =IF(AJ141="",""," (U4)0x"&AO141&AN141&AM141&AL141&"U"&IF(AJ142=""," ",",")&REPT(" ",59)&"/* "&IF(C141<10,"0"&C141,C141)&" "&AJ141&REPT(" ",47-LEN(AJ141))&" */") -> (U4)0x0000003FU, /* 05 UNKNOWN */
C142: =IF(C12<>"",C12,"") -> 6 | D142: =IF(OR(D12=0,D12=1),1,0) -> 0 | E142: =IF(OR(E12=0,E12=1),1,0) -> 0 | F142: =IF(OR(F12=0,F12=1),1,0) -> 0 | G142: =IF(OR(G12=0,G12=1),1,0) -> 0 | H142: =IF(OR(H12=0,H12=1),1,0) -> 0 | I142: =IF(OR(I12=0,I12=1),1,0) -> 0 | J142: =IF(OR(J12=0,J12=1),1,0) -> 0 | K142: =IF(OR(K12=0,K12=1),1,0) -> 0 | ... AI142: =IF(OR(AI12=0,AI12=1),1,0) -> 1 | AJ142: =IF(AJ12<>"",AJ12,"") -> UNKNOWN | AL142: =BIN2HEX(AB142&AC142&AD142&AE142&AF142&AG142&AH142&AI142,2) -> 3F | AM142: =BIN2HEX(T142&U142&V142&W142&X142&Y142&Z142&AA142,2) -> 00 | AN142: =BIN2HEX(L142&M142&N142&O142&P142&Q142&R142&S142,2) -> 00 | AO142: =BIN2HEX(D142&E142&F142&G142&H142&I142&J142&K142,2) -> 00 | AQ142: =IF(AJ142="",""," (U4)0x"&AO142&AN142&AM142&AL142&"U"&IF(AJ143=""," ",",")&REPT(" ",59)&"/* "&IF(C142<10,"0"&C142,C142)&" "&AJ142&REPT(" ",47-LEN(AJ142))&" */") -> (U4)0x0000003FU, /* 06 UNKNOWN */
C143: =IF(C13<>"",C13,"") -> 7 | D143: =IF(OR(D13=0,D13=1),1,0) -> 0 | E143: =IF(OR(E13=0,E13=1),1,0) -> 0 | F143: =IF(OR(F13=0,F13=1),1,0) -> 0 | G143: =IF(OR(G13=0,G13=1),1,0) -> 0 | H143: =IF(OR(H13=0,H13=1),1,0) -> 0 | I143: =IF(OR(I13=0,I13=1),1,0) -> 0 | J143: =IF(OR(J13=0,J13=1),1,0) -> 0 | K143: =IF(OR(K13=0,K13=1),1,0) -> 0 | ... AI143: =IF(OR(AI13=0,AI13=1),1,0) -> 1 | AJ143: =IF(AJ13<>"",AJ13,"") -> UNKNOWN | AL143: =BIN2HEX(AB143&AC143&AD143&AE143&AF143&AG143&AH143&AI143,2) -> 3F | AM143: =BIN2HEX(T143&U143&V143&W143&X143&Y143&Z143&AA143,2) -> 00 | AN143: =BIN2HEX(L143&M143&N143&O143&P143&Q143&R143&S143,2) -> 00 | AO143: =BIN2HEX(D143&E143&F143&G143&H143&I143&J143&K143,2) -> 00 | AQ143: =IF(AJ143="",""," (U4)0x"&AO143&AN143&AM143&AL143&"U"&IF(AJ144=""," ",",")&REPT(" ",59)&"/* "&IF(C143<10,"0"&C143,C143)&" "&AJ143&REPT(" ",47-LEN(AJ143))&" */") -> (U4)0x0000003FU, /* 07 UNKNOWN */
C144: =IF(C14<>"",C14,"") -> 8 | D144: =IF(OR(D14=0,D14=1),1,0) -> 0 | E144: =IF(OR(E14=0,E14=1),1,0) -> 0 | F144: =IF(OR(F14=0,F14=1),1,0) -> 0 | G144: =IF(OR(G14=0,G14=1),1,0) -> 0 | H144: =IF(OR(H14=0,H14=1),1,0) -> 0 | I144: =IF(OR(I14=0,I14=1),1,0) -> 0 | J144: =IF(OR(J14=0,J14=1),1,0) -> 0 | K144: =IF(OR(K14=0,K14=1),1,0) -> 0 | ... AI144: =IF(OR(AI14=0,AI14=1),1,0) -> 1 | AJ144: =IF(AJ14<>"",AJ14,"") -> UNKNOWN | AL144: =BIN2HEX(AB144&AC144&AD144&AE144&AF144&AG144&AH144&AI144,2) -> 3F | AM144: =BIN2HEX(T144&U144&V144&W144&X144&Y144&Z144&AA144,2) -> 00 | AN144: =BIN2HEX(L144&M144&N144&O144&P144&Q144&R144&S144,2) -> 00 | AO144: =BIN2HEX(D144&E144&F144&G144&H144&I144&J144&K144,2) -> 00 | AQ144: =IF(AJ144="",""," (U4)0x"&AO144&AN144&AM144&AL144&"U"&IF(AJ145=""," ",",")&REPT(" ",59)&"/* "&IF(C144<10,"0"&C144,C144)&" "&AJ144&REPT(" ",47-LEN(AJ144))&" */") -> (U4)0x0000003FU, /* 08 UNKNOWN */
C145: =IF(C15<>"",C15,"") -> 9 | D145: =IF(OR(D15=0,D15=1),1,0) -> 0 | E145: =IF(OR(E15=0,E15=1),1,0) -> 0 | F145: =IF(OR(F15=0,F15=1),1,0) -> 0 | G145: =IF(OR(G15=0,G15=1),1,0) -> 0 | H145: =IF(OR(H15=0,H15=1),1,0) -> 0 | I145: =IF(OR(I15=0,I15=1),1,0) -> 0 | J145: =IF(OR(J15=0,J15=1),1,0) -> 0 | K145: =IF(OR(K15=0,K15=1),1,0) -> 0 | ... AI145: =IF(OR(AI15=0,AI15=1),1,0) -> 1 | AJ145: =IF(AJ15<>"",AJ15,"") -> OILLVLO | AL145: =BIN2HEX(AB145&AC145&AD145&AE145&AF145&AG145&AH145&AI145,2) -> 3F | AM145: =BIN2HEX(T145&U145&V145&W145&X145&Y145&Z145&AA145,2) -> 00 | AN145: =BIN2HEX(L145&M145&N145&O145&P145&Q145&R145&S145,2) -> 00 | AO145: =BIN2HEX(D145&E145&F145&G145&H145&I145&J145&K145,2) -> 00 | AQ145: =IF(AJ145="",""," (U4)0x"&AO145&AN145&AM145&AL145&"U"&IF(AJ146=""," ",",")&REPT(" ",59)&"/* "&IF(C145<10,"0"&C145,C145)&" "&AJ145&REPT(" ",47-LEN(AJ145))&" */") -> (U4)0x0000003FU, /* 09 OILLVLO */
C146: =IF(C16<>"",C16,"") -> 10 | D146: =IF(OR(D16=0,D16=1),1,0) -> 0 | E146: =IF(OR(E16=0,E16=1),1,0) -> 0 | F146: =IF(OR(F16=0,F16=1),1,0) -> 0 | G146: =IF(OR(G16=0,G16=1),1,0) -> 0 | H146: =IF(OR(H16=0,H16=1),1,0) -> 0 | I146: =IF(OR(I16=0,I16=1),1,0) -> 0 | J146: =IF(OR(J16=0,J16=1),1,0) -> 0 | K146: =IF(OR(K16=0,K16=1),1,0) -> 0 | ... AI146: =IF(OR(AI16=0,AI16=1),1,0) -> 1 | AJ146: =IF(AJ16<>"",AJ16,"") -> UNKNOWN | AL146: =BIN2HEX(AB146&AC146&AD146&AE146&AF146&AG146&AH146&AI146,2) -> 3F | AM146: =BIN2HEX(T146&U146&V146&W146&X146&Y146&Z146&AA146,2) -> 00 | AN146: =BIN2HEX(L146&M146&N146&O146&P146&Q146&R146&S146,2) -> 00 | AO146: =BIN2HEX(D146&E146&F146&G146&H146&I146&J146&K146,2) -> 00 | AQ146: =IF(AJ146="",""," (U4)0x"&AO146&AN146&AM146&AL146&"U"&IF(AJ147=""," ",",")&REPT(" ",59)&"/* "&IF(C146<10,"0"&C146,C146)&" "&AJ146&REPT(" ",47-LEN(AJ146))&" */") -> (U4)0x0000003FU, /* 10 UNKNOWN */
C147: =IF(C17<>"",C17,"") -> 11 | D147: =IF(OR(D17=0,D17=1),1,0) -> 0 | E147: =IF(OR(E17=0,E17=1),1,0) -> 0 | F147: =IF(OR(F17=0,F17=1),1,0) -> 0 | G147: =IF(OR(G17=0,G17=1),1,0) -> 0 | H147: =IF(OR(H17=0,H17=1),1,0) -> 0 | I147: =IF(OR(I17=0,I17=1),1,0) -> 0 | J147: =IF(OR(J17=0,J17=1),1,0) -> 0 | K147: =IF(OR(K17=0,K17=1),1,0) -> 0 | ... AI147: =IF(OR(AI17=0,AI17=1),1,0) -> 1 | AJ147: =IF(AJ17<>"",AJ17,"") -> OILLVLO | AL147: =BIN2HEX(AB147&AC147&AD147&AE147&AF147&AG147&AH147&AI147,2) -> 3F | AM147: =BIN2HEX(T147&U147&V147&W147&X147&Y147&Z147&AA147,2) -> 00 | AN147: =BIN2HEX(L147&M147&N147&O147&P147&Q147&R147&S147,2) -> 00 | AO147: =BIN2HEX(D147&E147&F147&G147&H147&I147&J147&K147,2) -> 00 | AQ147: =IF(AJ147="",""," (U4)0x"&AO147&AN147&AM147&AL147&"U"&IF(AJ148=""," ",",")&REPT(" ",59)&"/* "&IF(C147<10,"0"&C147,C147)&" "&AJ147&REPT(" ",47-LEN(AJ147))&" */") -> (U4)0x0000003FU, /* 11 OILLVLO */
C148: =IF(C18<>"",C18,"") -> 12 | D148: =IF(OR(D18=0,D18=1),1,0) -> 0 | E148: =IF(OR(E18=0,E18=1),1,0) -> 0 | F148: =IF(OR(F18=0,F18=1),1,0) -> 0 | G148: =IF(OR(G18=0,G18=1),1,0) -> 0 | H148: =IF(OR(H18=0,H18=1),1,0) -> 0 | I148: =IF(OR(I18=0,I18=1),1,0) -> 0 | J148: =IF(OR(J18=0,J18=1),1,0) -> 0 | K148: =IF(OR(K18=0,K18=1),1,0) -> 0 | ... AI148: =IF(OR(AI18=0,AI18=1),1,0) -> 1 | AJ148: =IF(AJ18<>"",AJ18,"") -> OILLVLO | AL148: =BIN2HEX(AB148&AC148&AD148&AE148&AF148&AG148&AH148&AI148,2) -> 3F | AM148: =BIN2HEX(T148&U148&V148&W148&X148&Y148&Z148&AA148,2) -> 00 | AN148: =BIN2HEX(L148&M148&N148&O148&P148&Q148&R148&S148,2) -> 00 | AO148: =BIN2HEX(D148&E148&F148&G148&H148&I148&J148&K148,2) -> 00 | AQ148: =IF(AJ148="",""," (U4)0x"&AO148&AN148&AM148&AL148&"U"&IF(AJ149=""," ",",")&REPT(" ",59)&"/* "&IF(C148<10,"0"&C148,C148)&" "&AJ148&REPT(" ",47-LEN(AJ148))&" */") -> (U4)0x0000003FU, /* 12 OILLVLO */
... C199: =IF(C69<>"",C69,"") -> 63 | D199: =IF(OR(D69=0,D69=1),1,0) -> 0 | E199: =IF(OR(E69=0,E69=1),1,0) -> 0 | F199: =IF(OR(F69=0,F69=1),1,0) -> 0 | G199: =IF(OR(G69=0,G69=1),1,0) -> 0 | H199: =IF(OR(H69=0,H69=1),1,0) -> 0 | I199: =IF(OR(I69=0,I69=1),1,0) -> 0 | J199: =IF(OR(J69=0,J69=1),1,0) -> 0 | K199: =IF(OR(K69=0,K69=1),1,0) -> 0 | ... AI199: =IF(OR(AI69=0,AI69=1),1,0) -> 1 | AJ199: =IF(AJ69<>"",AJ69,"") -> OILLVLO | AL199: =BIN2HEX(AB199&AC199&AD199&AE199&AF199&AG199&AH199&AI199,2) -> 3F | AM199: =BIN2HEX(T199&U199&V199&W199&X199&Y199&Z199&AA199,2) -> 00 | AN199: =BIN2HEX(L199&M199&N199&O199&P199&Q199&R199&S199,2) -> 00 | AO199: =BIN2HEX(D199&E199&F199&G199&H199&I199&J199&K199,2) -> 00 | AQ199: =IF(AJ199="",""," (U4)0x"&AO199&AN199&AM199&AL199&"U"&IF(AJ200=""," ",",")&REPT(" ",59)&"/* "&IF(C199<10,"0"&C199,C199)&" "&AJ199&REPT(" ",47-LEN(AJ199))&" */") -> (U4)0x0000003FU /* 63 OILLVLO */

Sheet Reference
B25: 実EV走行インジケータ判定
B26: Table Type | C26: Index
C27: 入力 | P27: REQ | Q27: 振る舞い
B28: 種類 | C28: Vehicle Operation Mode | K28: CAN信号 | M28: ジカ線 | N28: 内部データ | O28: 内部データ | P28: ALERT_CH_P_OILLEV | Q28: TT | R28: PD | S28: BC | T28: RW
B29: 有効電源状態 | C29: - | D29: - | E29: - | F29: - | G29: - | H29: - | I29: - | J29: - | K29: IG-ON | L29: IG-ON | M29: - | N29: IG-ON | O29: IG-ON | P29: ALERT_VOM_IGN_ON | T29: RWT_EN 機能有無：-
B30: 端子名称/ メッセージラベル | C30: VOM | K30: ENG1G97 | L30: ENG1G97 | M30: - | N30: - | O30: 前回値 | T30: MET1S34
B31: 信号名(データラベル) | C31: RWT_EN | D31: [reserved] | E31: VCS_ON | F31: IGN_ON | G31: IGN_OFF_WT | H31: IGN_OFF | I31: BAT_WT | J31: BAT_AO | K31: ENG1G97_STS/ ENG1S97_STS | L31: B_OILLV_SIG | M31: OIL_W | N31: オイルレベル低_継続時間 | O31: 前回REQ | P31: 判定結果 | T31: OLW
B32: 取り得る値 | C32: 0b/ 1b | D32: - | E32: 0b/ 1b | F32: 0b/ 1b | G32: 0b/ 1b | H32: 0b/ 1b | I32: 0b/ 1b | J32: 0b/ 1b | K32: 正常(0b)/ 未受信(1b) | L32: HI(0b)/ LOW(1b) | M32: INACT(0b)/ ACT(1b) | N32: 非成立(00b)/ カウント中(01b) 成立(10b) 未定義(11b) | O32: UNKNOWN(0b)/ OILLVLO(1b) | P32: UNKNOWN/ OILLVLO | Q32: 点灯/ - | R32: P_OILLEV_CSTD-0-MEF01-REQ02/ - | T32: 要求あり/ -
B33: IG-ON ＋ 正常 ＋ HI ＋ INACT ＋ 非成立 ＋ UNKNOWN | C33: * | D33: * | E33: * | F33: * | G33: * | H33: * | I33: * | J33: * | K33: 0b | L33: 0b | M33: 0b | N33: 00b | O33: 0b | P33: UNKNOWN | Q33: - | R33: - | T33: -
B34: IG-ON ＋ 正常 ＋ HI ＋ INACT ＋ 非成立 ＋ OILLVLO | C34: * | D34: * | E34: * | F34: * | G34: * | H34: * | I34: * | J34: * | K34: 0b | L34: 0b | M34: 0b | N34: 00b | O34: 1b | P34: UNKNOWN | Q34: - | R34: - | T34: -
B35: IG-ON ＋ 正常 ＋ HI ＋ INACT ＋ カウント中 ＋ UNKNOWN | C35: * | D35: * | E35: * | F35: * | G35: * | H35: * | I35: * | J35: * | K35: 0b | L35: 0b | M35: 0b | N35: 01b | O35: 0b | P35: UNKNOWN | Q35: - | R35: - | T35: -
B36: IG-ON ＋ 正常 ＋ HI ＋ INACT ＋ カウント中 ＋ OILLVLO | C36: * | D36: * | E36: * | F36: * | G36: * | H36: * | I36: * | J36: * | K36: 0b | L36: 0b | M36: 0b | N36: 01b | O36: 1b | P36: UNKNOWN | Q36: - | R36: - | T36: -
B37: IG-ON ＋ 正常 ＋ HI ＋ INACT ＋ 成立 ＋ UNKNOWN | C37: * | D37: * | E37: * | F37: * | G37: * | H37: * | I37: * | J37: * | K37: 0b | L37: 0b | M37: 0b | N37: 10b | O37: 0b | P37: UNKNOWN | Q37: - | R37: - | T37: -
B38: IG-ON ＋ 正常 ＋ HI ＋ INACT ＋ 成立 ＋ OILLVLO | C38: * | D38: * | E38: * | F38: * | G38: * | H38: * | I38: * | J38: * | K38: 0b | L38: 0b | M38: 0b | N38: 10b | O38: 1b | P38: UNKNOWN | Q38: - | R38: - | T38: -
B39: IG-ON ＋ 正常 ＋ HI ＋ INACT ＋ 未定義 ＋ UNKNOWN | C39: * | D39: * | E39: * | F39: * | G39: * | H39: * | I39: * | J39: * | K39: 0b | L39: 0b | M39: 0b | N39: 11b | O39: 0b | P39: UNKNOWN | Q39: - | R39: - | T39: -
B40: IG-ON ＋ 正常 ＋ HI ＋ INACT ＋ 未定義 ＋ OILLVLO | C40: * | D40: * | E40: * | F40: * | G40: * | H40: * | I40: * | J40: * | K40: 0b | L40: 0b | M40: 0b | N40: 11b | O40: 1b | P40: UNKNOWN | Q40: - | R40: - | T40: -
B41: IG-ON ＋ 正常 ＋ HI ＋ ACT ＋ 非成立 ＋ UNKNOWN | C41: * | D41: * | E41: * | F41: * | G41: * | H41: * | I41: * | J41: * | K41: 0b | L41: 0b | M41: 1b | N41: 00b | O41: 0b | P41: UNKNOWN | Q41: - | R41: - | T41: -
B42: IG-ON ＋ 正常 ＋ HI ＋ ACT ＋ 非成立 ＋ OILLVLO | C42: * | D42: * | E42: * | F42: * | G42: * | H42: * | I42: * | J42: * | K42: 0b | L42: 0b | M42: 1b | N42: 00b | O42: 1b | P42: OILLVLO | Q42: - | R42: P_OILLEV_CSTD-0-MEF01-REQ02 | T42: 要求あり
B43: IG-ON ＋ 正常 ＋ HI ＋ ACT ＋ カウント中 ＋ UNKNOWN | C43: * | D43: * | E43: * | F43: * | G43: * | H43: * | I43: * | J43: * | K43: 0b | L43: 0b | M43: 1b | N43: 01b | O43: 0b | P43: UNKNOWN | Q43: - | R43: - | T43: - | BP43: MET-P_OILLEV-CSTD-0-06-A-C2_Appendix.docx
B44: IG-ON ＋ 正常 ＋ HI ＋ ACT ＋ カウント中 ＋ OILLVLO | C44: * | D44: * | E44: * | F44: * | G44: * | H44: * | I44: * | J44: * | K44: 0b | L44: 0b | M44: 1b | N44: 01b | O44: 1b | P44: OILLVLO | Q44: - | R44: P_OILLEV_CSTD-0-MEF01-REQ02 | T44: 要求あり
B45: IG-ON ＋ 正常 ＋ HI ＋ ACT ＋ 成立 ＋ UNKNOWN | C45: * | D45: * | E45: * | F45: * | G45: * | H45: * | I45: * | J45: * | K45: 0b | L45: 0b | M45: 1b | N45: 10b | O45: 0b | P45: OILLVLO | Q45: - | R45: P_OILLEV_CSTD-0-MEF01-REQ02 | T45: 要求あり
B46: IG-ON ＋ 正常 ＋ HI ＋ ACT ＋ 成立 ＋ OILLVLO | C46: * | D46: * | E46: * | F46: * | G46: * | H46: * | I46: * | J46: * | K46: 0b | L46: 0b | M46: 1b | N46: 10b | O46: 1b | P46: OILLVLO | Q46: - | R46: P_OILLEV_CSTD-0-MEF01-REQ02 | T46: 要求あり
B47: IG-ON ＋ 正常 ＋ HI ＋ ACT ＋ 未定義 ＋ UNKNOWN | C47: * | D47: * | E47: * | F47: * | G47: * | H47: * | I47: * | J47: * | K47: 0b | L47: 0b | M47: 1b | N47: 11b | O47: 0b | P47: UNKNOWN | Q47: - | R47: - | T47: -
B48: IG-ON ＋ 正常 ＋ HI ＋ ACT ＋ 未定義 ＋ OILLVLO | C48: * | D48: * | E48: * | F48: * | G48: * | H48: * | I48: * | J48: * | K48: 0b | L48: 0b | M48: 1b | N48: 11b | O48: 1b | P48: OILLVLO | Q48: - | R48: P_OILLEV_CSTD-0-MEF01-REQ02 | T48: 要求あり
B49: IG-ON ＋ 正常 ＋ LOW ＋ INACT ＋ 非成立 ＋ UNKNOWN | C49: * | D49: * | E49: * | F49: * | G49: * | H49: * | I49: * | J49: * | K49: 0b | L49: 1b | M49: 0b | N49: 00b | O49: 0b | P49: OILLVLO | Q49: - | R49: P_OILLEV_CSTD-0-MEF01-REQ02 | T49: 要求あり
B50: IG-ON ＋ 正常 ＋ LOW ＋ INACT ＋ 非成立 ＋ OILLVLO | C50: * | D50: * | E50: * | F50: * | G50: * | H50: * | I50: * | J50: * | K50: 0b | L50: 1b | M50: 0b | N50: 00b | O50: 1b | P50: OILLVLO | Q50: - | R50: P_OILLEV_CSTD-0-MEF01-REQ02 | T50: 要求あり
B51: IG-ON ＋ 正常 ＋ LOW ＋ INACT ＋ カウント中 ＋ UNKNOWN | C51: * | D51: * | E51: * | F51: * | G51: * | H51: * | I51: * | J51: * | K51: 0b | L51: 1b | M51: 0b | N51: 01b | O51: 0b | P51: OILLVLO | Q51: - | R51: P_OILLEV_CSTD-0-MEF01-REQ02 | T51: 要求あり
B52: IG-ON ＋ 正常 ＋ LOW ＋ INACT ＋ カウント中 ＋ OILLVLO | C52: * | D52: * | E52: * | F52: * | G52: * | H52: * | I52: * | J52: * | K52: 0b | L52: 1b | M52: 0b | N52: 01b | O52: 1b | P52: OILLVLO | Q52: - | R52: P_OILLEV_CSTD-0-MEF01-REQ02 | T52: 要求あり
B53: IG-ON ＋ 正常 ＋ LOW ＋ INACT ＋ 成立 ＋ UNKNOWN | C53: * | D53: * | E53: * | F53: * | G53: * | H53: * | I53: * | J53: * | K53: 0b | L53: 1b | M53: 0b | N53: 10b | O53: 0b | P53: OILLVLO | Q53: - | R53: P_OILLEV_CSTD-0-MEF01-REQ02 | T53: 要求あり
B54: IG-ON ＋ 正常 ＋ LOW ＋ INACT ＋ 成立 ＋ OILLVLO | C54: * | D54: * | E54: * | F54: * | G54: * | H54: * | I54: * | J54: * | K54: 0b | L54: 1b | M54: 0b | N54: 10b | O54: 1b | P54: OILLVLO | Q54: - | R54: P_OILLEV_CSTD-0-MEF01-REQ02 | T54: 要求あり
B55: IG-ON ＋ 正常 ＋ LOW ＋ INACT ＋ 未定義 ＋ UNKNOWN | C55: * | D55: * | E55: * | F55: * | G55: * | H55: * | I55: * | J55: * | K55: 0b | L55: 1b | M55: 0b | N55: 11b | O55: 0b | P55: OILLVLO | Q55: - | R55: P_OILLEV_CSTD-0-MEF01-REQ02 | T55: 要求あり
... B97: IG-OFF | C97: * | D97: * | E97: * | F97: * | G97: * | H97: * | I97: * | J97: * | K97: *b | L97: **b | M97: *b | N97: **b | O97: **b | P97: UNKNOWN | Q97: - | R97: - | T97: -

Sheet Reference2
B3: CAN信号及びジカ線有効/無効判定 | F3: 115D907B885B/117D908B935B/220D/325D/その他 | H3: 296D/920B/345D/351D | J3: 130D | L3: 448D/396D
F4: Judgment | G4: Judgment | H4: Judgment | I4: Judgment | J4: Judgment | K4: Judgment | L4: Judgment | M4: Judgment
B5: 種類 | C5: 他ドメイン情報 | F5: 内部データ | G5: 内部データ | H5: 内部データ | I5: 内部データ | J5: 内部データ | K5: 内部データ | L5: 内部データ | M5: 内部データ
B6: 有効電源状態 | C6: - | D6: - | E6: - | F6: - | G6: - | H6: - | I6: - | J6: - | K6: - | L6: - | M6: -
B7: 端子名称/ メッセージラベル | C7: u1_g_VardefEngTypRx戻り値 | D7: エンジン形式 | E7: ジカ線有無 | F7: B_OILLV | G7: OILW | H7: B_OILLV | I7: OILW | J7: B_OILLV | K7: OILW | L7: B_OILLV | M7: OILW
B8: 信号名(データラベル) | C8: - | D8: - | E8: - | F8: - | G8: - | H8: - | I8: - | J8: - | K8: - | L8: - | M8: - | AT8: MET-M_CONSTSORT-CSTD-A0-05-A-C0.xlsx
B9: 取り得る値 | C9: VALID(00b)/ UNKNOWN(01b)/ INVALID(10b)/ その他(上記以外) | D9: TYPE1(0)/ TYPE2(1)/ TYPE3(2)/ TYPE4(3)/ TYPE5(4)/ TYPE6(5)/ TYPE7(6)/ TYPE8(7)/ TYPE9(8)/ TYPE10(9)/ TYPE11(10)/ TYPE12(11)/ TYPE13(12)/ TYPE14(13)/ TYPE15(14)/ TYPE16(15)/ TYPE17(16)/ TYPE18(17)/ TYPE19(18)/ TYPE20(19)/ TYPE21(20)/ TYPE22(21)/ その他(上記以外) | E9: FALSE/ TRUE | F9: CAN信号取得/ Hi(0h)設定 | G9: IOHW取得/ INACT(0h)設定 | H9: CAN信号取得/ Hi(0h)設定 | I9: IOHW取得/ INACT(0h)設定 | J9: CAN信号取得/ Hi(0h)設定 | K9: IOHW取得/ INACT(0h)設定 | L9: CAN信号取得/ Hi(0h)設定 | M9: IOHW取得/ INACT(0h)設定 | X9: P_OILLEV定数 対応エンジン型式 vs M_ENG定数 エンジン型式 vs マクロ定義名の対応表
B10: VALID + TYPE1 + FALSE | C10: 00b | D10: 0 | E10: FALSE | F10: CAN信号取得 | G10: INACT(0h)設定 | H10: CAN信号取得 | I10: INACT(0h)設定 | J10: CAN信号取得 | K10: INACT(0h)設定 | L10: CAN信号取得 | M10: INACT(0h)設定 | X10: 車両 | Y10: P_OILLEV 定数仕様 | AA10: M_ENG定数 | AC10: Vardef定義 | AD10: 備考
B11: VALID + TYPE1 + TRUE | C11: 00b | D11: 0 | E11: TRUE | F11: CAN信号取得 | G11: INACT(0h)設定 | H11: CAN信号取得 | I11: INACT(0h)設定 | J11: CAN信号取得 | K11: INACT(0h)設定 | L11: CAN信号取得 | M11: INACT(0h)設定 | Y11: エンジン仕様 | Z11: エンジン型式情報 | AA11: エンジン仕様 | AB11: エンジン型式情報 | AC11: マクロ名
B12: VALID + TYPE2 + FALSE | C12: 00b | D12: 1 | E12: FALSE | F12: Hi(0h)設定 | G12: INACT(0h)設定 | H12: Hi(0h)設定 | I12: INACT(0h)設定 | J12: Hi(0h)設定 | K12: INACT(0h)設定 | L12: Hi(0h)設定 | M12: INACT(0h)設定 | X12: 850B | Y12: A25A-FXS | Z12: 941F | AA12: A25A-FXS | AB12: 941F | AC12: VDF_ENGTYP_RX_TYPE_1(0)
B13: VALID + TYPE2 + TRUE | C13: 00b | D13: 1 | E13: TRUE | F13: Hi(0h)設定 | G13: IOHW取得 | H13: Hi(0h)設定 | I13: IOHW取得 | J13: Hi(0h)設定 | K13: IOHW取得 | L13: Hi(0h)設定 | M13: IOHW取得 | Y13: T24A-FTS | Z13: 116E | AA13: T24A-FTS | AB13: 116E | AC13: VDF_ENGTYP_RX_TYPE_2(1)
B14: VALID + TYPE3 + FALSE | C14: 00b | D14: 2 | E14: FALSE | F14: Hi(0h)設定 | G14: INACT(0h)設定 | H14: Hi(0h)設定 | I14: INACT(0h)設定 | J14: Hi(0h)設定 | K14: INACT(0h)設定 | L14: Hi(0h)設定 | M14: INACT(0h)設定 | X14: 960B | Y14: TNGA HV | Z14: 910F | AA14: TNGA HV | AB14: 910F | AC14: VDF_ENGTYP_RX_TYPE_3(2)
B15: VALID + TYPE3 + TRUE | C15: 00b | D15: 2 | E15: TRUE | F15: Hi(0h)設定 | G15: IOHW取得 | H15: Hi(0h)設定 | I15: IOHW取得 | J15: Hi(0h)設定 | K15: IOHW取得 | L15: Hi(0h)設定 | M15: IOHW取得 | X15: 970B | Y15: A25A-FXS | Z15: 941F | AA15: A25A-FXS | AB15: 941F | AC15: VDF_ENGTYP_RX_TYPE_1(0)
B16: VALID + TYPE4 + FALSE | C16: 00b | D16: 3 | E16: FALSE | F16: Hi(0h)設定 | G16: INACT(0h)設定 | H16: Hi(0h)設定 | I16: INACT(0h)設定 | J16: Hi(0h)設定 | K16: INACT(0h)設定 | L16: Hi(0h)設定 | M16: INACT(0h)設定 | Y16: T24A-FTS | Z16: 114E | AA16: T24A-FTS | AB16: 114E | AC16: VDF_ENGTYP_RX_TYPE_4(3)
B17: VALID + TYPE4 + TRUE | C17: 00b | D17: 3 | E17: TRUE | F17: Hi(0h)設定 | G17: IOHW取得 | H17: Hi(0h)設定 | I17: IOHW取得 | J17: Hi(0h)設定 | K17: IOHW取得 | L17: Hi(0h)設定 | M17: IOHW取得 | Y17: 2AR-FE | Z17: 573F | AA17: 2AR-FE | AB17: 573F | AC17: VDF_ENGTYP_RX_TYPE_5(4)
B18: VALID + TYPE5 + FALSE | C18: 00b | D18: 4 | E18: FALSE | F18: Hi(0h)設定 | G18: INACT(0h)設定 | H18: Hi(0h)設定 | I18: INACT(0h)設定 | J18: Hi(0h)設定 | K18: INACT(0h)設定 | L18: Hi(0h)設定 | M18: INACT(0h)設定 | X18: 100D | Y18: - | Z18: 167E | AA18: - | AB18: 167E | AC18: VDF_ENGTYP_RX_TYPE_6(5)
B19: VALID + TYPE5 + TRUE | C19: 00b | D19: 4 | E19: TRUE | F19: Hi(0h)設定 | G19: INACT(0h)設定 | H19: Hi(0h)設定 | I19: INACT(0h)設定 | J19: Hi(0h)設定 | K19: INACT(0h)設定 | L19: Hi(0h)設定 | M19: INACT(0h)設定 | X19: 115D/907B/885B | Y19: M20A-FKS | Z19: 134E | AA19: M20A-FKS | AB19: 134E | AC19: VDF_ENGTYP_RX_TYPE_13(12) | AD19: マクロ変更
B20: VALID + TYPE6 + FALSE | C20: 00b | D20: 5 | E20: FALSE | F20: Hi(0h)設定 | G20: INACT(0h)設定 | H20: Hi(0h)設定 | I20: INACT(0h)設定 | J20: Hi(0h)設定 | K20: INACT(0h)設定 | L20: Hi(0h)設定 | M20: INACT(0h)設定 | Y20: M20A-FXS | Z20: 151E | AA20: M20A-FXS | AB20: 151E | AC20: VDF_ENGTYP_RX_TYPE_8(7)
B21: VALID + TYPE6 + TRUE | C21: 00b | D21: 5 | E21: TRUE | F21: Hi(0h)設定 | G21: IOHW取得 | H21: Hi(0h)設定 | I21: IOHW取得 | J21: Hi(0h)設定 | K21: IOHW取得 | L21: Hi(0h)設定 | M21: IOHW取得 | Y21: M20E-FKS | Z21: 134E | AA21: M20E-FKS | AB21: 134E | AC21: VDF_ENGTYP_RX_TYPE_13(12) | AD21: マクロ変更
B22: VALID + TYPE7 + FALSE | C22: 00b | D22: 6 | E22: FALSE | F22: CAN信号取得 | G22: INACT(0h)設定 | H22: CAN信号取得 | I22: INACT(0h)設定 | J22: CAN信号取得 | K22: INACT(0h)設定 | L22: CAN信号取得 | M22: INACT(0h)設定 | Y22: M20G-FXS | Z22: 151E | AA22: M20G-FXS | AB22: 151E | AC22: VDF_ENGTYP_RX_TYPE_8(7)
B23: VALID + TYPE7 + TRUE | C23: 00b | D23: 6 | E23: TRUE | F23: CAN信号取得 | G23: INACT(0h)設定 | H23: CAN信号取得 | I23: INACT(0h)設定 | J23: CAN信号取得 | K23: INACT(0h)設定 | L23: CAN信号取得 | M23: IOHW取得 | Y23: 8ZR-FXE | Z23: 119E | AA23: 2ZR-FXE | AB23: 119E | AC23: VDF_ENGTYP_RX_TYPE_9(8)
B24: VALID + TYPE8 + FALSE | C24: 00b | D24: 7 | E24: FALSE | F24: CAN信号取得 | G24: INACT(0h)設定 | H24: CAN信号取得 | I24: INACT(0h)設定 | J24: CAN信号取得 | K24: INACT(0h)設定 | L24: CAN信号取得 | M24: INACT(0h)設定 | Y24: - | Z24: - | AA24: M15A-FKS | AB24: 909F | AC24: VDF_ENGTYP_RX_TYPE_7(6)
B25: VALID + TYPE8 + TRUE | C25: 00b | D25: 7 | E25: TRUE | F25: CAN信号取得 | G25: INACT(0h)設定 | H25: CAN信号取得 | I25: INACT(0h)設定 | J25: Hi(0h)設定 | K25: IOHW取得 | L25: CAN信号取得 | M25: IOHW取得 | Y25: - | Z25: - | AA25: G16E-GTS | AB25: 166E | AC25: VDF_ENGTYP_RX_TYPE_10(9)
B26: VALID + TYPE9 + FALSE | C26: 00b | D26: 8 | E26: FALSE | F26: Hi(0h)設定 | G26: INACT(0h)設定 | H26: Hi(0h)設定 | I26: INACT(0h)設定 | J26: Hi(0h)設定 | K26: INACT(0h)設定 | L26: Hi(0h)設定 | M26: INACT(0h)設定 | Y26: - | Z26: - | AA26: M20A-FKS | AB26: 948F | AC26: VDF_ENGTYP_RX_TYPE_11(10)
B27: VALID + TYPE9 + TRUE | C27: 00b | D27: 8 | E27: TRUE | F27: Hi(0h)設定 | G27: IOHW取得 | H27: Hi(0h)設定 | I27: IOHW取得 | J27: Hi(0h)設定 | K27: IOHW取得 | L27: Hi(0h)設定 | M27: IOHW取得 | Y27: M15B-FKS | Z27: 133E | AA27: M15B-FKS | AB27: 133E | AC27: VDF_ENGTYP_RX_TYPE_19(18)
B28: VALID + TYPE10 + FALSE | C28: 00b | D28: 9 | E28: FALSE | F28: CAN信号取得 | G28: INACT(0h)設定 | H28: CAN信号取得 | I28: INACT(0h)設定 | J28: CAN信号取得 | K28: INACT(0h)設定 | L28: CAN信号取得 | M28: INACT(0h)設定 | X28: 117D/908B/935B | Y28: M20A-FKS | Z28: - | AA28: M20A-FKS | AB28: 134E | AC28: VDF_ENGTYP_RX_TYPE_13(12)
B29: VALID + TYPE10 + TRUE | C29: 00b | D29: 9 | E29: TRUE | F29: CAN信号取得 | G29: INACT(0h)設定 | H29: CAN信号取得 | I29: INACT(0h)設定 | J29: CAN信号取得 | K29: INACT(0h)設定 | L29: CAN信号取得 | M29: INACT(0h)設定 | Y29: M20A-FXS | Z29: - | AA29: M20A-FXS | AB29: 151E | AC29: VDF_ENGTYP_RX_TYPE_8(7)
B30: VALID + TYPE11 + FALSE | C30: 00b | D30: 10 | E30: FALSE | F30: CAN信号取得 | G30: INACT(0h)設定 | H30: CAN信号取得 | I30: INACT(0h)設定 | J30: CAN信号取得 | K30: INACT(0h)設定 | L30: CAN信号取得 | M30: INACT(0h)設定 | Y30: M20C-FKS | Z30: - | AA30: M20C-FKS | AB30: 134E | AC30: VDF_ENGTYP_RX_TYPE_13(12)
B31: VALID + TYPE11 + TRUE | C31: 00b | D31: 10 | E31: TRUE | F31: CAN信号取得 | G31: INACT(0h)設定 | H31: CAN信号取得 | I31: INACT(0h)設定 | J31: CAN信号取得 | K31: INACT(0h)設定 | L31: CAN信号取得 | M31: IOHW取得 | Y31: M20F-FXS | Z31: - | AA31: M20F-FXS | AB31: 151E | AC31: VDF_ENGTYP_RX_TYPE_8(7)
B32: VALID + TYPE12 + FALSE | C32: 00b | D32: 11 | E32: FALSE | F32: CAN信号取得 | G32: INACT(0h)設定 | H32: CAN信号取得 | I32: INACT(0h)設定 | J32: CAN信号取得 | K32: INACT(0h)設定 | L32: CAN信号取得 | M32: INACT(0h)設定 | Y32: 8ZR-FXE | Z32: - | AA32: 2ZR-FXE | AB32: 119E | AC32: VDF_ENGTYP_RX_TYPE_9(8)
B33: VALID + TYPE12 + TRUE | C33: 00b | D33: 11 | E33: TRUE | F33: CAN信号取得 | G33: INACT(0h)設定 | H33: CAN信号取得 | I33: INACT(0h)設定 | J33: CAN信号取得 | K33: INACT(0h)設定 | L33: CAN信号取得 | M33: INACT(0h)設定 | Y33: - | Z33: - | AA33: M15A-FKS | AB33: 909F | AC33: VDF_ENGTYP_RX_TYPE_7(6)
B34: VALID + TYPE13 + FALSE | C34: 00b | D34: 12 | E34: FALSE | F34: CAN信号取得 | G34: INACT(0h)設定 | H34: CAN信号取得 | I34: INACT(0h)設定 | J34: CAN信号取得 | K34: INACT(0h)設定 | L34: CAN信号取得 | M34: INACT(0h)設定 | Y34: - | Z34: - | AA34: G16E-GTS | AB34: 166E | AC34: VDF_ENGTYP_RX_TYPE_10(9)
B35: VALID + TYPE13 + TRUE | C35: 00b | D35: 12 | E35: TRUE | F35: CAN信号取得 | G35: INACT(0h)設定 | H35: CAN信号取得 | I35: INACT(0h)設定 | J35: CAN信号取得 | K35: INACT(0h)設定 | L35: CAN信号取得 | M35: INACT(0h)設定 | Y35: - | Z35: - | AA35: M20A-FKS | AB35: 948F | AC35: VDF_ENGTYP_RX_TYPE_11(10)
B36: VALID + TYPE14 + FALSE | C36: 00b | D36: 13 | E36: FALSE | F36: Hi(0h)設定 | G36: INACT(0h)設定 | H36: Hi(0h)設定 | I36: INACT(0h)設定 | J36: Hi(0h)設定 | K36: INACT(0h)設定 | L36: Hi(0h)設定 | M36: INACT(0h)設定 | Y36: M15C-FKS | Z36: 133E | AA36: M15B-FKS | AB36: 133E | AC36: VDF_ENGTYP_RX_TYPE_19(18)
B37: VALID + TYPE14 + TRUE | C37: 00b | D37: 13 | E37: TRUE | F37: Hi(0h)設定 | G37: IOHW取得 | H37: Hi(0h)設定 | I37: IOHW取得 | J37: Hi(0h)設定 | K37: IOHW取得 | L37: Hi(0h)設定 | M37: IOHW取得 | X37: 200D | Y37: T24A-FTS | Z37: 114E | AA37: T24A-FTS | AB37: 114E | AC37: VDF_ENGTYP_RX_TYPE_4(3) | AD37: CONV
B38: VALID + TYPE15 + FALSE | C38: 00b | D38: 14 | E38: FALSE | F38: Hi(0h)設定 | G38: INACT(0h)設定 | H38: Hi(0h)設定 | I38: INACT(0h)設定 | J38: Hi(0h)設定 | K38: INACT(0h)設定 | L38: Hi(0h)設定 | M38: INACT(0h)設定 | Y38: A25A-FXS | Z38: 095E | AA38: A25A-FXS | AB38: 095E | AC38: VDF_ENGTYP_RX_TYPE_12(11) | AD38: HEV
B39: VALID + TYPE15 + TRUE | C39: 00b | D39: 14 | E39: TRUE | F39: Hi(0h)設定 | G39: IOHW取得 | H39: Hi(0h)設定 | I39: IOHW取得 | J39: Hi(0h)設定 | K39: IOHW取得 | L39: Hi(0h)設定 | M39: IOHW取得 | Y39: T24A-FTS | Z39: 116E | AA39: T24A-FTS | AB39: 116E | AC39: VDF_ENGTYP_RX_TYPE_2(1) | AD39: 1M-HEV
B40: VALID + TYPE16 + FALSE | C40: 00b | D40: 15 | E40: FALSE | F40: CAN信号取得 | G40: INACT(0h)設定 | H40: CAN信号取得 | I40: INACT(0h)設定 | J40: CAN信号取得 | K40: INACT(0h)設定 | L40: CAN信号取得 | M40: INACT(0h)設定 | X40: 220D/352D | Y40: T24A-FTS | Z40: 114E | AA40: T24A-FTS | AB40: 114E | AC40: VDF_ENGTYP_RX_TYPE_4(3) | AD40: GAS
B41: VALID + TYPE16 + TRUE | C41: 00b | D41: 15 | E41: TRUE | F41: CAN信号取得 | G41: INACT(0h)設定 | H41: CAN信号取得 | I41: INACT(0h)設定 | J41: CAN信号取得 | K41: INACT(0h)設定 | L41: CAN信号取得 | M41: INACT(0h)設定 | Y41: T24A-FTS | Z41: 116E | AA41: T24A-FTS | AB41: 116E | AC41: VDF_ENGTYP_RX_TYPE_2(1) | AD41: 1M-HV
B42: VALID + TYPE17 + FALSE | C42: 00b | D42: 16 | E42: FALSE | F42: CAN信号取得 | G42: INACT(0h)設定 | H42: CAN信号取得 | I42: INACT(0h)設定 | J42: CAN信号取得 | K42: INACT(0h)設定 | L42: CAN信号取得 | M42: INACT(0h)設定 | Y42: 2GR-FXS | Z42: 167E | AA42: 2GR-FXS | AB42: 167E | AC42: VDF_ENGTYP_RX_TYPE_6(5) | AD42: PHEV
B43: VALID + TYPE17 + TRUE | C43: 00b | D43: 16 | E43: TRUE | F43: CAN信号取得 | G43: INACT(0h)設定 | H43: CAN信号取得 | I43: INACT(0h)設定 | J43: CAN信号取得 | K43: INACT(0h)設定 | L43: CAN信号取得 | M43: INACT(0h)設定 | X43: 130D | Y43: 2ZR-FXE | Z43: - | AA43: 2ZR-FXE | AB43: 120E | AC43: VDF_ENGTYP_RX_TYPE_21(20)
B44: VALID + TYPE18 + FALSE | C44: 00b | D44: 17 | E44: FALSE | F44: Hi(0h)設定 | G44: INACT(0h)設定 | H44: Hi(0h)設定 | I44: INACT(0h)設定 | J44: Hi(0h)設定 | K44: INACT(0h)設定 | L44: Hi(0h)設定 | M44: INACT(0h)設定 | Y44: M20A-FXS | Z44: - | AA44: M20A-FXS | AB44: 151E | AC44: VDF_ENGTYP_RX_TYPE_8(7)
B45: VALID + TYPE18 + TRUE | C45: 00b | D45: 17 | E45: TRUE | F45: Hi(0h)設定 | G45: INACT(0h)設定 | H45: Hi(0h)設定 | I45: INACT(0h)設定 | J45: Hi(0h)設定 | K45: INACT(0h)設定 | L45: Hi(0h)設定 | M45: INACT(0h)設定 | Y45: - | Z45: - | AA45: M20A-FXS | AB45: 950F | AC45: VDF_ENGTYP_RX_TYPE_22(21)
B46: VALID + TYPE19 + FALSE | C46: 00b | D46: 18 | E46: FALSE | F46: Hi(0h)設定 | G46: INACT(0h)設定 | H46: Hi(0h)設定 | I46: INACT(0h)設定 | J46: Hi(0h)設定 | K46: INACT(0h)設定 | L46: Hi(0h)設定 | M46: INACT(0h)設定 | X46: 330D | Y46: - | Z46: 095E | AA46: A25A-FXS | AB46: 095E | AC46: VDF_ENGTYP_RX_TYPE_12(11) | AD46: HEV
B47: VALID + TYPE19 + TRUE | C47: 00b | D47: 18 | E47: TRUE | F47: CAN信号取得 | G47: IOHW取得 | H47: Hi(0h)設定 | I47: IOHW取得 | J47: CAN信号取得 | K47: IOHW取得 | L47: CAN信号取得 | M47: IOHW取得 | X47: 296D | Y47: - | Z47: - | AA47: V35AFTS | AB47: 100E | AC47: VDF_ENGTYP_RX_TYPE_14(13) | AD47: コンベ(V6ターボ)
B48: VALID + TYPE20 + FALSE | C48: 00b | D48: 19 | E48: FALSE | F48: Hi(0h)設定 | G48: INACT(0h)設定 | H48: Hi(0h)設定 | I48: INACT(0h)設定 | J48: Hi(0h)設定 | K48: INACT(0h)設定 | L48: Hi(0h)設定 | M48: INACT(0h)設定 | Y48: - | Z48: - | AA48: 8GR-FXS | AB48: 915F | AC48: VDF_ENGTYP_RX_TYPE_15(14) | AD48: HV
B49: VALID + TYPE20 + TRUE | C49: 00b | D49: 19 | E49: TRUE | F49: Hi(0h)設定 | G49: IOHW取得 | H49: Hi(0h)設定 | I49: IOHW取得 | J49: Hi(0h)設定 | K49: IOHW取得 | L49: Hi(0h)設定 | M49: IOHW取得 | X49: 920B | Y49: - | Z49: - | AA49: L4T,L4T-LOW | AB49: 047E | AC49: VDF_ENGTYP_RX_TYPE_16(15) | AD49: 920B CONV
B50: VALID + TYPE21 + FALSE | C50: 00b | D50: 18 | E50: FALSE | F50: Hi(0h)設定 | G50: INACT(0h)設定 | H50: Hi(0h)設定 | I50: INACT(0h)設定 | J50: Hi(0h)設定 | K50: INACT(0h)設定 | L50: Hi(0h)設定 | M50: INACT(0h)設定 | Y50: - | Z50: - | AA50: L4T+HV | AB50: 071E | AC50: VDF_ENGTYP_RX_TYPE_17(16) | AD50: 920B 1MHV
B51: VALID + TYPE21 + TRUE | C51: 00b | D51: 18 | E51: TRUE | F51: Hi(0h)設定 | G51: IOHW取得 | H51: Hi(0h)設定 | I51: IOHW取得 | J51: Hi(0h)設定 | K51: IOHW取得 | L51: Hi(0h)設定 | M51: IOHW取得 | X51: 345D | Y51: 1KR-FE | Z51: 860F | AA51: 1KR-FE | AB51: 860F | AC51: VDF_ENGTYP_RX_TYPE_18(17)
B52: VALID + TYPE22 + FALSE | C52: 00b | D52: 19 | E52: FALSE | F52: Hi(0h)設定 | G52: INACT(0h)設定 | H52: Hi(0h)設定 | I52: INACT(0h)設定 | J52: Hi(0h)設定 | K52: INACT(0h)設定 | L52: Hi(0h)設定 | M52: INACT(0h)設定 | Y52: M15A-FKS | Z52: 133E | AA52: 345D /368D M15A-FKS | AB52: 133E | AC52: VDF_ENGTYP_RX_TYPE_19(18)
B53: VALID + TYPE22 + TRUE | C53: 00b | D53: 19 | E53: TRUE | F53: Hi(0h)設定 | G53: IOHW取得 | H53: Hi(0h)設定 | I53: IOHW取得 | J53: Hi(0h)設定 | K53: IOHW取得 | L53: Hi(0h)設定 | M53: IOHW取得 | Y53: M15A-FXE 小小容量 | Z53: 910F | AA53: M15A-FXE 小小容量 | AB53: 910F | AC53: VDF_ENGTYP_RX_TYPE_3(2)
B54: VALID + その他 + FALSE | C54: 00b | D54: * | E54: FALSE | F54: CAN信号取得 | G54: INACT(0h)設定 | H54: CAN信号取得 | I54: INACT(0h)設定 | J54: CAN信号取得 | K54: INACT(0h)設定 | L54: CAN信号取得 | M54: INACT(0h)設定 | Y54: M15A-FXE 小容量 | Z54: 911F | AA54: M15A-FXE 小容量 | AB54: 911F | AC54: VDF_ENGTYP_RX_TYPE_20(19)
B55: VALID + その他 + TRUE | C55: 00b | D55: * | E55: TRUE | F55: CAN信号取得 | G55: INACT(0h)設定 | H55: CAN信号取得 | I55: INACT(0h)設定 | J55: CAN信号取得 | K55: INACT(0h)設定 | L55: CAN信号取得 | M55: INACT(0h)設定 | X55: 351D | Y55: - | Z55: 095E | AA55: A25A-FXS | AB55: 095E | AC55: VDF_ENGTYP_RX_TYPE_12(11) | AD55: HEV
B56: UNKNOWN + TYPE1 + FALSE | C56: 01b | D56: 0 | E56: FALSE | F56: CAN信号取得 | G56: INACT(0h)設定 | H56: CAN信号取得 | I56: INACT(0h)設定 | J56: CAN信号取得 | K56: INACT(0h)設定 | L56: CAN信号取得 | M56: INACT(0h)設定 | X56: 448D/396D | Y56: M20A-FKS | Z56: - | AA56: M20A-FKS | AB56: 948F | AC56: VDF_ENGTYP_RX_TYPE_11(10)
B57: UNKNOWN + TYPE1 + TRUE | C57: 01b | D57: 0 | E57: TRUE | F57: CAN信号取得 | G57: INACT(0h)設定 | H57: CAN信号取得 | I57: INACT(0h)設定 | J57: CAN信号取得 | K57: INACT(0h)設定 | L57: CAN信号取得 | M57: INACT(0h)設定 | Y57: M20A-FXS | AA57: M20A-FXS | AB57: 151E | AC57: VDF_ENGTYP_RX_TYPE_8(7)
B58: UNKNOWN + TYPE2 + FALSE | C58: 01b | D58: 1 | E58: FALSE | F58: CAN信号取得 | G58: INACT(0h)設定 | H58: CAN信号取得 | I58: INACT(0h)設定 | J58: CAN信号取得 | K58: INACT(0h)設定 | L58: CAN信号取得 | M58: INACT(0h)設定 | Y58: 2ZR-FXE | AA58: 2ZR-FXE | AB58: 119E | AC58: VDF_ENGTYP_RX_TYPE_9(8)
B59: UNKNOWN + TYPE2 + TRUE | C59: 01b | D59: 1 | E59: TRUE | F59: CAN信号取得 | G59: INACT(0h)設定 | H59: CAN信号取得 | I59: INACT(0h)設定 | J59: CAN信号取得 | K59: INACT(0h)設定 | L59: CAN信号取得 | M59: INACT(0h)設定 | Y59: M15-FKS | AA59: M15A-FKS | AB59: 909F | AC59: VDF_ENGTYP_RX_TYPE_7(6)
B60: UNKNOWN + TYPE3 + FALSE | C60: 01b | D60: 2 | E60: FALSE | F60: CAN信号取得 | G60: INACT(0h)設定 | H60: CAN信号取得 | I60: INACT(0h)設定 | J60: CAN信号取得 | K60: INACT(0h)設定 | L60: CAN信号取得 | M60: INACT(0h)設定 | Y60: M20A-FKS (DS-20) | AA60: M20A-FKS(DS-20) | AB60: 134E | AC60: VDF_ENGTYP_RX_TYPE_13(12)
B61: UNKNOWN + TYPE3 + TRUE | C61: 01b | D61: 2 | E61: TRUE | F61: CAN信号取得 | G61: INACT(0h)設定 | H61: CAN信号取得 | I61: INACT(0h)設定 | J61: CAN信号取得 | K61: INACT(0h)設定 | L61: CAN信号取得 | M61: INACT(0h)設定 | Y61: - | Z61: - | AA61: G16E-GTS | AB61: 166E | AC61: VDF_ENGTYP_RX_TYPE_10(9)
B62: UNKNOWN + TYPE4 + FALSE | C62: 01b | D62: 3 | E62: FALSE | F62: CAN信号取得 | G62: INACT(0h)設定 | H62: CAN信号取得 | I62: INACT(0h)設定 | J62: CAN信号取得 | K62: INACT(0h)設定 | L62: CAN信号取得 | M62: INACT(0h)設定
B63: UNKNOWN + TYPE4 + TRUE | C63: 01b | D63: 3 | E63: TRUE | F63: CAN信号取得 | G63: INACT(0h)設定 | H63: CAN信号取得 | I63: INACT(0h)設定 | J63: CAN信号取得 | K63: INACT(0h)設定 | L63: CAN信号取得 | M63: INACT(0h)設定
B64: UNKNOWN + TYPE5 + FALSE | C64: 01b | D64: 4 | E64: FALSE | F64: CAN信号取得 | G64: INACT(0h)設定 | H64: CAN信号取得 | I64: INACT(0h)設定 | J64: CAN信号取得 | K64: INACT(0h)設定 | L64: CAN信号取得 | M64: INACT(0h)設定
B65: UNKNOWN + TYPE5 + TRUE | C65: 01b | D65: 4 | E65: TRUE | F65: CAN信号取得 | G65: INACT(0h)設定 | H65: CAN信号取得 | I65: INACT(0h)設定 | J65: CAN信号取得 | K65: INACT(0h)設定 | L65: CAN信号取得 | M65: INACT(0h)設定
B66: UNKNOWN + TYPE6 + FALSE | C66: 01b | D66: 5 | E66: FALSE | F66: CAN信号取得 | G66: INACT(0h)設定 | H66: CAN信号取得 | I66: INACT(0h)設定 | J66: CAN信号取得 | K66: INACT(0h)設定 | L66: CAN信号取得 | M66: INACT(0h)設定
B67: UNKNOWN + TYPE6 + TRUE | C67: 01b | D67: 5 | E67: TRUE | F67: CAN信号取得 | G67: INACT(0h)設定 | H67: CAN信号取得 | I67: INACT(0h)設定 | J67: CAN信号取得 | K67: INACT(0h)設定 | L67: CAN信号取得 | M67: INACT(0h)設定
B68: UNKNOWN + TYPE7 + FALSE | C68: 01b | D68: 6 | E68: FALSE | F68: CAN信号取得 | G68: INACT(0h)設定 | H68: CAN信号取得 | I68: INACT(0h)設定 | J68: CAN信号取得 | K68: INACT(0h)設定 | L68: CAN信号取得 | M68: INACT(0h)設定
B69: UNKNOWN + TYPE7 + TRUE | C69: 01b | D69: 6 | E69: TRUE | F69: CAN信号取得 | G69: INACT(0h)設定 | H69: CAN信号取得 | I69: INACT(0h)設定 | J69: CAN信号取得 | K69: INACT(0h)設定 | L69: CAN信号取得 | M69: INACT(0h)設定
B70: UNKNOWN + TYPE8 + FALSE | C70: 01b | D70: 7 | E70: FALSE | F70: CAN信号取得 | G70: INACT(0h)設定 | H70: CAN信号取得 | I70: INACT(0h)設定 | J70: CAN信号取得 | K70: INACT(0h)設定 | L70: CAN信号取得 | M70: INACT(0h)設定
B71: UNKNOWN + TYPE8 + TRUE | C71: 01b | D71: 7 | E71: TRUE | F71: CAN信号取得 | G71: INACT(0h)設定 | H71: CAN信号取得 | I71: INACT(0h)設定 | J71: CAN信号取得 | K71: INACT(0h)設定 | L71: CAN信号取得 | M71: INACT(0h)設定
B72: UNKNOWN + TYPE9 + FALSE | C72: 01b | D72: 8 | E72: FALSE | F72: CAN信号取得 | G72: INACT(0h)設定 | H72: CAN信号取得 | I72: INACT(0h)設定 | J72: CAN信号取得 | K72: INACT(0h)設定 | L72: CAN信号取得 | M72: INACT(0h)設定
B73: UNKNOWN + TYPE9 + TRUE | C73: 01b | D73: 8 | E73: TRUE | F73: CAN信号取得 | G73: INACT(0h)設定 | H73: CAN信号取得 | I73: INACT(0h)設定 | J73: CAN信号取得 | K73: INACT(0h)設定 | L73: CAN信号取得 | M73: INACT(0h)設定
... B99: UNKNOWN + TYPE22 + TRUE | C99: 01b | D99: 19 | E99: TRUE | F99: CAN信号取得 | G99: INACT(0h)設定 | H99: CAN信号取得 | I99: INACT(0h)設定 | J99: CAN信号取得 | K99: INACT(0h)設定 | L99: CAN信号取得 | M99: INACT(0h)設定
B100: UNKNOWN + その他 + FALSE | C100: 01b | D100: * | E100: FALSE | F100: CAN信号取得 | G100: INACT(0h)設定 | H100: CAN信号取得 | I100: INACT(0h)設定 | J100: CAN信号取得 | K100: INACT(0h)設定 | L100: CAN信号取得 | M100: INACT(0h)設定
B101: UNKNOWN + その他 + TRUE | C101: 01b | D101: * | E101: TRUE | F101: CAN信号取得 | G101: INACT(0h)設定 | H101: CAN信号取得 | I101: INACT(0h)設定 | J101: CAN信号取得 | K101: INACT(0h)設定 | L101: CAN信号取得 | M101: INACT(0h)設定
B102: INVALID + TYPE1 + FALSE | C102: 10b | D102: 0 | E102: FALSE | F102: CAN信号取得 | G102: INACT(0h)設定 | H102: CAN信号取得 | I102: INACT(0h)設定 | J102: CAN信号取得 | K102: INACT(0h)設定 | L102: CAN信号取得 | M102: INACT(0h)設定
B103: INVALID + TYPE1 + TRUE | C103: 10b | D103: 0 | E103: TRUE | F103: CAN信号取得 | G103: INACT(0h)設定 | H103: CAN信号取得 | I103: INACT(0h)設定 | J103: CAN信号取得 | K103: INACT(0h)設定 | L103: CAN信号取得 | M103: INACT(0h)設定
B104: INVALID + TYPE2 + FALSE | C104: 10b | D104: 1 | E104: FALSE | F104: CAN信号取得 | G104: INACT(0h)設定 | H104: CAN信号取得 | I104: INACT(0h)設定 | J104: CAN信号取得 | K104: INACT(0h)設定 | L104: CAN信号取得 | M104: INACT(0h)設定
B105: INVALID + TYPE2 + TRUE | C105: 10b | D105: 1 | E105: TRUE | F105: CAN信号取得 | G105: INACT(0h)設定 | H105: CAN信号取得 | I105: INACT(0h)設定 | J105: CAN信号取得 | K105: INACT(0h)設定 | L105: CAN信号取得 | M105: INACT(0h)設定
B106: INVALID + TYPE3 + FALSE | C106: 10b | D106: 2 | E106: FALSE | F106: CAN信号取得 | G106: INACT(0h)設定 | H106: CAN信号取得 | I106: INACT(0h)設定 | J106: CAN信号取得 | K106: INACT(0h)設定 | L106: CAN信号取得 | M106: INACT(0h)設定
B107: INVALID + TYPE3 + TRUE | C107: 10b | D107: 2 | E107: TRUE | F107: CAN信号取得 | G107: INACT(0h)設定 | H107: CAN信号取得 | I107: INACT(0h)設定 | J107: CAN信号取得 | K107: INACT(0h)設定 | L107: CAN信号取得 | M107: INACT(0h)設定
B108: INVALID + TYPE4 + FALSE | C108: 10b | D108: 3 | E108: FALSE | F108: CAN信号取得 | G108: INACT(0h)設定 | H108: CAN信号取得 | I108: INACT(0h)設定 | J108: CAN信号取得 | K108: INACT(0h)設定 | L108: CAN信号取得 | M108: INACT(0h)設定
B109: INVALID + TYPE4 + TRUE | C109: 10b | D109: 3 | E109: TRUE | F109: CAN信号取得 | G109: INACT(0h)設定 | H109: CAN信号取得 | I109: INACT(0h)設定 | J109: CAN信号取得 | K109: INACT(0h)設定 | L109: CAN信号取得 | M109: INACT(0h)設定
B110: INVALID + TYPE5 + FALSE | C110: 10b | D110: 4 | E110: FALSE | F110: CAN信号取得 | G110: INACT(0h)設定 | H110: CAN信号取得 | I110: INACT(0h)設定 | J110: CAN信号取得 | K110: INACT(0h)設定 | L110: CAN信号取得 | M110: INACT(0h)設定
B111: INVALID + TYPE5 + TRUE | C111: 10b | D111: 4 | E111: TRUE | F111: CAN信号取得 | G111: INACT(0h)設定 | H111: CAN信号取得 | I111: INACT(0h)設定 | J111: CAN信号取得 | K111: INACT(0h)設定 | L111: CAN信号取得 | M111: INACT(0h)設定
B112: INVALID + TYPE6 + FALSE | C112: 10b | D112: 5 | E112: FALSE | F112: CAN信号取得 | G112: INACT(0h)設定 | H112: CAN信号取得 | I112: INACT(0h)設定 | J112: CAN信号取得 | K112: INACT(0h)設定 | L112: CAN信号取得 | M112: INACT(0h)設定
B113: INVALID + TYPE6 + TRUE | C113: 10b | D113: 5 | E113: TRUE | F113: CAN信号取得 | G113: INACT(0h)設定 | H113: CAN信号取得 | I113: INACT(0h)設定 | J113: CAN信号取得 | K113: INACT(0h)設定 | L113: CAN信号取得 | M113: INACT(0h)設定
... B145: INVALID + TYPE22 + TRUE | C145: 10b | D145: 19 | E145: TRUE | F145: CAN信号取得 | G145: INACT(0h)設定 | H145: CAN信号取得 | I145: INACT(0h)設定 | J145: CAN信号取得 | K145: INACT(0h)設定 | L145: CAN信号取得 | M145: INACT(0h)設定
B146: INVALID + その他 + FALSE | C146: 10b | D146: * | E146: FALSE | F146: CAN信号取得 | G146: INACT(0h)設定 | H146: CAN信号取得 | I146: INACT(0h)設定 | J146: CAN信号取得 | K146: INACT(0h)設定 | L146: CAN信号取得 | M146: INACT(0h)設定
B147: INVALID + その他 + TRUE | C147: 10b | D147: * | E147: TRUE | F147: CAN信号取得 | G147: INACT(0h)設定 | H147: CAN信号取得 | I147: INACT(0h)設定 | J147: CAN信号取得 | K147: INACT(0h)設定 | L147: CAN信号取得 | M147: INACT(0h)設定
B148: その他 + * + * | C148: **b | D148: * | E148: * | F148: CAN信号取得 | G148: INACT(0h)設定 | H148: CAN信号取得 | I148: INACT(0h)設定 | J148: CAN信号取得 | K148: INACT(0h)設定 | L148: CAN信号取得 | M148: INACT(0h)設定

Sheet History
B2: Rev. | C2: =MAX(B4:B28) -> 20
B3: Rev. | C3: 変更者 | D3: テンプレート変更内容
B4: 0 | C4: 岩田 | D4: 新規作成
B5: 1 | C5: 岩田 | D5: ・Historyシートに変更者列を追加 ・ALERT_MTRX_NAMEがCH名ではなく、機能名で出力されるように修正 ・DSTテーブルの終端「};」の後ろに半角スペースが入らないように修正
B6: 2 | C6: MSE佐野 | D6: [表紙] バージョン表示用の数式修正
B7: 3 | C7: 岩田 | D7: [Matrix] ・選択できる初期化関数名修正 ・Matrix構造体名の欄を追加 ・機能名とCH名の文字数制限による条件付き書式を追加
B8: 4 | C8: MSE平出 | D8: [CH_Design] ・機能の電源状態を記載する欄を追加 ・「コメント」を「条件」に変更 [AIRBAG] テーブル作成シート ・Statusをリストから選択するように修正。 リストの元は、CH_DesignのStausを使用。
B9: 5 | C9: MSE鈴木大 | D9: [CH_Design] ・TT欄、BC欄の記載ルールをセルコメントとして追記。周期やDutyがわかるように変更。
B10: 6 | C10: 岩田 | D10: [AIRBAG] テーブル作成シート ・DST数に接尾語"U"を追加
B11: 7 | C11: MSE平出 | D11: [CH_Design] ・StatusでUNKNOWNを指定できるようにダミー行を追加
B12: 8 | C12: 岩田 | D12: [AIRBAG] テーブル作成シート ・64要素で出力させた際に、終端の"};"が出力されるように修正
B13: 9 | C13: 岩田 | D13: [AIRBAG] テーブル作成シート ・VOM CHKにIG OFF Bit追加
B14: 10 | C14: MSE内藤 | D14: [真理値表] 出力判定方法（Index or Matrix Search）を記載する欄を追加
B15: 11 | C15: 岩田 | D15: [真理値表] ・Referenceシートに命名変更 [Matrix] ・編集可能範囲設定 ・入力仕様情報追加 [CH_Design] ・編集可能範囲設定 [AIRBAG] ・Table利用方式を選択式に変更 ・Search Tableの凡例としてTT、Index Tableの凡例としてBCシートに命名変更し、新規作成
... B24: 20 | C24: MSE小澤 | D24: [はじめに] ・2.上位文書 #0 Alert設計資料 格納先パスを以下に変更 https://aip01.dndev.net/svn/aip/tmcapp/sd/evidence/trunk/02_Design/01_Vom/Alert/03_Component/alert_design.pptx ・2.上位文書 #1 LComSpec(warning.xlsx)を削除 [TT][BC] ・AU列の数式を修正(メンバがNULLの場合、NULLの定義名をvdp_PTR_NAに修正)
