Workbook
Name A: #REF!
Name B: #REF!
Name d: #REF!
Name DefaultFontType: #REF!
Name DotPitch: #REF!
Name K: #REF!
Name LED: #REF!
Name ｓ: #REF!
Name Sheet_dspmaincfg_Top: #REF!
Name Sheet_ユーザーカスタマイズ手順_Top: #REF!
Name Sheet_基礎知識_dispdomain: #REF!
Name Sheet_基礎知識_dispdomain_Diagram: #REF!
Name Sheet_基礎知識_dspmgr: #REF!
Name Sheet_基礎知識_dspmgr_Contents: #REF!
Name Sheet_基礎知識_dspmgr_STM: #REF!
Name Sheet_基礎知識_dspmgr_Struct: #REF!
Name Sheet_基礎知識_dspmgr_SwCancel: #REF!
Name Sheet_基礎知識_mainscrl: #REF!
Name Sheet_基礎知識_mainscrl_Contents: #REF!
Name Sheet_基礎知識_mainscrl_MainSub: #REF!
Name Sheet_基礎知識_mainscrl_Struct: #REF!
Name Sheet_基礎知識_swdtctr: #REF!
Name Sheet_基礎知識_Top: #REF!
Name xlo1: #REF!
Name xlo2: #REF!
Name xlo3: #REF!
Name xlo4: #REF!
Name xup1: #REF!
Name xup2: #REF!
Name xup3: #REF!
Name xup4: #REF!
Name ylo1: #REF!
Name ylo2: #REF!
Name ylo3: #REF!
Name ylo4: #REF!
Name yup1: #REF!
Name yup2: #REF!
Name yup3: #REF!
Name yup4: #REF!
Name テスト: #REF!
Name 関数名_確定_BON: '[4]Config - dspmgr'!#REF!
Name 関数名_確定_IGOFF: '[4]Config - dspmgr'!#REF!
Name 関数名_確定_IGON: '[4]Config - dspmgr'!#REF!
Name 関数名_確定_WKUP: '[4]Config - dspmgr'!#REF!
Name 関数名_確定_状態遷移_0: '[4]Config - dspmgr'!#REF!
Name 関数名_確定_状態遷移_1: '[4]Config - dspmgr'!#REF!
Name 関数名_確定_状態遷移_2: '[4]Config - dspmgr'!#REF!
Name 関数名_確定_状態遷移_3: '[4]Config - dspmgr'!#REF!
Name 関数名_確定_状態遷移_4: '[4]Config - dspmgr'!#REF!
Name 関数名_確定_定期: '[4]Config - dspmgr'!#REF!
Name 駆動回路: #REF!
Name 品番: #REF!

Sheet 表紙（承認欄）
T13: =MID(CELL("filename",A1),FIND("[",CELL("filename",A1))+1,FIND("]",CELL("filename",A1))-FIND("[",CELL("filename",A1))-1) -> alert_P_OILPRE-CSTD-0-05-A-C0.xlsx
Y34: (株)NTTデータMSE
Y35: 承認 | AD35: 検討 | AI35: 作成
AA38: <DN確認印> | AF38: <DN検討印> | AK38: <OS作成印>
Y42: デンソーテクノ(株)
Y43: 承認 | AD43: 検討 | AI43: 作成
AA46: <DT確認印> | AF46: <DT検討印> | AK46: <DT作成印>
Y50: DENSO TECHNO PHIL. INC
Y51: 承認 | AD51: 検討 | AI51: 作成
AA54: <OS確認印> | AF54: <OS検討印> | AK54: <OS作成印>

Sheet 表紙
H2: コンポーネント | I2: Vom::Alert
D3: =REPLACE(LEFT(CELL("filename",$B$1),FIND(".xls",CELL("filename",$B$1))-1),1,FIND("[",CELL("filename",$B$1)),) -> alert_P_OILPRE-CSTD-0-05-A-C0 | H3: Gitリポジトリ | I3: https://aip01.dndev.net/bitbucket/scm/aip_tp/tmcapp_ict1_alert.git
E4: =DGET(B8:C16,"Ver.",H4:H5) -> 1.3.1 | H4: ROW
H5: =MAX(B9:B16) -> 5
C7: 更新履歴 | E7: 対象ソフトVer | G7: 承認欄 [DENSO] | M7: 承認欄 [NTTデータMSE] | S7: 承認欄 [DT]
B8: ROW | C8: Ver. | D8: 更新内容 | E8: Git(CommitID) | F8: Component Version | G8: 承認者 | H8: 承認日 | I8: 検討者 | J8: 検討日 | K8: 作成者 | L8: 作成日 | M8: 承認者 | N8: 承認日 | O8: 検討者 | P8: 検討日 | Q8: 作成者 | R8: 作成日 | S8: 承認者 | T8: 承認日 | U8: 検討者 | V8: 検討日 | W8: 作成者 | X8: 作成日
B9: =IF(C9=0,0,ROW()-ROW($B$8)) -> 1 | C9: 1.0.0 | D9: 新規作成(流用元：alert_P_OILPRE-CSTD-0-03-B-C0.xlsx) 840B CV対応 [Matrix]シート ・対象仕様書 ・ロケーション修正 [Reference]シート ・各キャプチャ画像を840B CV仕様書の画像に変更 ・通信途絶時間の変更をコメントで記載 | E9: - | F9: 5.5.0 | G9: - | H9: - | I9: - | J9: - | K9: - | L9: - | Q9: 大藤 | R9: 44264
B10: =IF(C10=0,0,ROW()-ROW($B$8)) -> 2 | C10: 1.1.0 | D10: 840B ジカ線判定追加対応 [Matrix]シート ・ロケーション修正 [Config_IF]シート ・u1_g_AlertOilpreSw()を追加 [Reference]シート ・吹き出しコメント追記 | E10: - | F10: 5.5.0 | G10: - | H10: - | I10: - | J10: - | K10: - | L10: - | Q10: 永原 | R10: 44511
B11: =IF(C11=0,0,ROW()-ROW($B$8)) -> 3 | C11: 1.2.0 | D11: 面企画#2 1A対応 (流用元：alert_P_OILPRE-CSTD-0-03-C-C0.xlsx) ・設計書のリビジョンをRev20に更新 [Matrix]シート ・対象仕様書、ロケーション変更 [WRN]シート ・B_OILPL_SIG=11b時、REQ=WRN_FLSHのパターンについて、IGP_PDC_SIG=1bの条件を追加 [Reference]シート ・キャプチャ更新 ・オイルプレッシャ警告判定 REQ, 振る舞い 変更 | E11: - | F11: 5.5.0 | G11: - | H11: - | I11: - | J11: - | K11: - | L11: - | Q11: 大野 | R11: 44776
B12: =IF(C12=0,0,ROW()-ROW($B$8)) -> 4 | C12: 1.3.0 | D12: 19PFv3 CV内部結合1対応 (流用元：alert_P_OILPRE-CSTD-0-03-E-C0.xlsx) [Matrix]シート ・対象仕様書、ロケーション変更 [Config_IF]シート ・u1_g_AlertOilpreSw(void)のコンフィグ関数の削除 [Reference]シート ・キャプチャ更新 ・じか線入力の補足内容を更新 | E12: - | F12: 5.5.0 | G12: - | H12: - | I12: - | J12: - | K12: - | L12: - | Q12: DTPH Glen | R12: 45209
B13: =IF(C13=0,0,ROW()-ROW($B$8)) -> 5 | C13: 1.3.1 | D13: 品質総点検(R4)：Alert設計書の修正対応 ファイル名の変更（変更前：alert_P_OILPRE-CSTD-0-03-F-C0.xlsx [Matrix]シート ・対象仕様書の変更 ・ロケーションの変更 [Reference]シート ・マクロ定義の補足情報の追加 →対象マクロ： ALERT_P_OILPRE_RXSTAT_** ALERT_P_OILPRE_THRSH_EHV_ECO ALERT_P_OILPRE_JDG_NUM [Reference2(RPM)]シート ・マクロ定義の補足情報の追加 →対象マクロ： ALERT_P_OILPRE_RPM_** | E13: - | F13: - | G13: - | H13: - | I13: - | J13: - | K13: - | L13: - | M13: - | N13: - | O13: - | P13: - | Q13: - | R13: - | S13: - | T13: - | U13: - | V13: - | W13: DTPH JM | X13: 45811
B14: =IF(C14=0,0,ROW()-ROW($B$8)) -> 0
B15: =IF(C15=0,0,ROW()-ROW($B$8)) -> 0

Sheet はじめに
B2: １．本書の目的
C3: TMC Specを分析した結果で、Vom::Alertの実装に必要となる情報を抽出し、Alert Config Toolのインプットとする。
B6: ２．上位文書
C7: # | E7: path
C8: 0 | D8: Alert設計資料 | E8: https://aip01.dndev.net/svn/aip/tmcapp/sd/evidence/trunk/02_Design/01_Vom/Alert/03_Component/alert_design.pptx
B12: ３．用語の説明
C13: # | D13: 用語 | E13: 説明
C14: 0 | D14: Alert Config Tool | E14: TMC Specと本設計書のトレースをデータベース管理するTool。
C15: 1 | D15: TT | E15: Telltale
C16: 2 | D16: PD | E16: Pop-up Display
C17: 3 | D17: BC | E17: Buzzer/Chime
C18: 4 | D18: RW | E18: Remote Warning
C19: 5 | D19: CH | E19: Alert Channel。 各Specを分析した結果で決定されるモジュール内分割単位。
C20: 6 | D20: VOM | E20: Vehicle Operation Mode
B24: ４．各シートの説明
C25: # | D25: 用語 | E25: 説明
C26: 0 | D26: Matrix | E26: 対象となるTMC Specならびに分析した結果で決定されるAlert Channel情報について記載する。 Alert Config Toolのインプットとする。
C27: 1 | D27: CH_Design | E27: 対象のTMC Specにおいて、Vom::Alertが外部に提供する各CHの出力(REQ)について記載する。 機能判定欄については、出力先によって実施責務が異なるため、出力先毎に有無を記載する。 TT機能判定、BC機能判定、PD機能判定 ： VSV側にて参照 RW機能判定 ： Vom::Alertにて参照 TMC Specにて定義される機能有無判定の要否について抽出した結果で記載する。 ※機種(e.x.775B)毎の要否ではないため、対象機種に応じた更新(メンテナンス)は行わない。 PD欄については、Alert制御仕様書にて定義されるWarning Noを記載する。 Alert Config Toolのインプットとする。
C28: 2 | D28: Config_IF | E28: 対象のTMC Specにおいて、 Vom::Alertが使用する外部ドメインIF Vom::Alertが使用するConfig IF、定義 について記載する。 Alert Config Toolのインプットとする。
C29: 3 | D29: TT/BC | E29: シート名は各CH名を採用する。 対象のTMC Specを分析した結果で、各CHのインプット/アウトプットの判定条件について記載する。 コーディング時のインプットとする。
C30: 4 | D30: Reference | E30: 対象のTMC Specを分析した際の中間成果物。参考情報として記載。メンテナンス対象外。
C31: 5 | D31: History | E31: テンプレート変更履歴
B37: ５．入力セルの凡例
E38: ユーザ入力セル
E39: 自動計算セル

Sheet Matrix
B2: 対象仕様書 | D2: MET-P_OILPRE-CSTD-0-05-A-C0.xlsm
B3: ロケーション | D3: https://aip01.dndev.net/svn/met/toyota/std/rd/spec/19PFver3/tags/00.Product/v4.12.d/
B4: モジュール名 | D4: =表紙!D3&".c" -> alert_P_OILPRE-CSTD-0-05-A-C0.c
D5: =IF(LEN(表紙!D3&".c") = LENB(表紙!D3&".c"),"※モジュール名 全角チェックOK","※モジュール名 全角チェックNG：ファイル名に全角文字が使用されています！") -> ※モジュール名 全角チェックOK
B6: 機能名 | D6: =MID(D4, LEN("alert_") + 1, FIND("-",D4,1) - LEN("alert_") - 1) -> P_OILPRE
B7: 判定要素数 | D7: =COUNTA($D$13:$D$37) -> 2
B8: Matrix名 | D8: ="st_gp_ALERT_"&UPPER(D6)&"_MTRX" -> st_gp_ALERT_P_OILPRE_MTRX
B9: 初期化関数名 | D9: vd_g_AlertP_oilpreInit
B10: 処理時間 | D10: -
B12: No | C12: CH Name | D12: VOM | E12: RW | F12: Srcchk | G12: RwTx | H12: CH | I12: REQ | K12: VOM | L12: 初期化関数名 | M12: CH名称中間データ
B13: 1 | C13: WRN | D13: ALERT_VOM_IGN_ON | E13: ○ | F13: =IF($D13<>"","u4_s_Alert"&UPPER(LEFT($D$6,1))&LOWER(MID($D$6,2,100))&IF($D$7=1,"",N13)&"Srcchk","") -> u4_s_AlertP_oilpreWrnSrcchk | G13: =IF($D13<>"",IF($E13="○","vd_s_Alert"&UPPER(LEFT($D$6,1))&LOWER(MID($D$6,2,100))&IF($D$7=1,"",N13)&"RwTx","NULL"),"") -> vd_s_AlertP_oilpreWrnRwTx | H13: =IF($D13<>"","ALERT_CH_"&UPPER($D$6)&IF($D$7=1,"","_"&UPPER($C13)),"") -> ALERT_CH_P_OILPRE_WRN | I13: =IF($D13<>"","ALERT_REQ_"&UPPER($D$6)&IF($D$7=1,"","_"&UPPER($C13)),"") -> ALERT_REQ_P_OILPRE_WRN | K13: ALERT_VOM_BAT_AO | L13: NULL | M13: =FIND("_",C13,1) -> #VALUE! | N13: =IF(IFERROR(M13,0),UPPER(LEFT(C13,1))&LOWER(MID(C13,2,M13-2))&UPPER(MID(C13,M13+1,1))&LOWER(MID(C13,M13+2,100)),UPPER(LEFT(C13,1))&LOWER(MID(C13,2,100))) -> Wrn
B14: 2 | C14: BC | D14: ALERT_VOM_IGN_ON | E14: － | F14: =IF($D14<>"","u4_s_Alert"&UPPER(LEFT($D$6,1))&LOWER(MID($D$6,2,100))&IF($D$7=1,"",N14)&"Srcchk","") -> u4_s_AlertP_oilpreBcSrcchk | G14: =IF($D14<>"",IF($E14="○","vd_s_Alert"&UPPER(LEFT($D$6,1))&LOWER(MID($D$6,2,100))&IF($D$7=1,"",N14)&"RwTx","NULL"),"") -> NULL | H14: =IF($D14<>"","ALERT_CH_"&UPPER($D$6)&IF($D$7=1,"","_"&UPPER($C14)),"") -> ALERT_CH_P_OILPRE_BC | I14: =IF($D14<>"","ALERT_REQ_"&UPPER($D$6)&IF($D$7=1,"","_"&UPPER($C14)),"") -> ALERT_REQ_P_OILPRE_BC | K14: ALERT_VOM_BAT_WT | L14: ="vd_g_Alert"&UPPER(LEFT(D6,1))&LOWER(MID(D6,2,100))&"Init" -> vd_g_AlertP_oilpreInit | M14: =FIND("_",C14,1) -> #VALUE! | N14: =IF(IFERROR(M14,0),UPPER(LEFT(C14,1))&LOWER(MID(C14,2,M14-2))&UPPER(MID(C14,M14+1,1))&LOWER(MID(C14,M14+2,100)),UPPER(LEFT(C14,1))&LOWER(MID(C14,2,100))) -> Bc
B15: 3 | F15: =IF($D15<>"","u4_s_Alert"&UPPER(LEFT($D$6,1))&LOWER(MID($D$6,2,100))&IF($D$7=1,"",N15)&"Srcchk","") | G15: =IF($D15<>"",IF($E15="○","vd_s_Alert"&UPPER(LEFT($D$6,1))&LOWER(MID($D$6,2,100))&IF($D$7=1,"",N15)&"RwTx","NULL"),"") | H15: =IF($D15<>"","ALERT_CH_"&UPPER($D$6)&IF($D$7=1,"","_"&UPPER($C15)),"") | I15: =IF($D15<>"","ALERT_REQ_"&UPPER($D$6)&IF($D$7=1,"","_"&UPPER($C15)),"") | K15: ALERT_VOM_IGN_OFF | M15: =FIND("_",C15,1) -> #VALUE! | N15: =IF(IFERROR(M15,0),UPPER(LEFT(C15,1))&LOWER(MID(C15,2,M15-2))&UPPER(MID(C15,M15+1,1))&LOWER(MID(C15,M15+2,100)),UPPER(LEFT(C15,1))&LOWER(MID(C15,2,100)))
B16: 4 | F16: =IF($D16<>"","u4_s_Alert"&UPPER(LEFT($D$6,1))&LOWER(MID($D$6,2,100))&IF($D$7=1,"",N16)&"Srcchk","") | G16: =IF($D16<>"",IF($E16="○","vd_s_Alert"&UPPER(LEFT($D$6,1))&LOWER(MID($D$6,2,100))&IF($D$7=1,"",N16)&"RwTx","NULL"),"") | H16: =IF($D16<>"","ALERT_CH_"&UPPER($D$6)&IF($D$7=1,"","_"&UPPER($C16)),"") | I16: =IF($D16<>"","ALERT_REQ_"&UPPER($D$6)&IF($D$7=1,"","_"&UPPER($C16)),"") | K16: ALERT_VOM_IGN_OFF_WT | M16: =FIND("_",C16,1) -> #VALUE! | N16: =IF(IFERROR(M16,0),UPPER(LEFT(C16,1))&LOWER(MID(C16,2,M16-2))&UPPER(MID(C16,M16+1,1))&LOWER(MID(C16,M16+2,100)),UPPER(LEFT(C16,1))&LOWER(MID(C16,2,100)))
B17: 5 | F17: =IF($D17<>"","u4_s_Alert"&UPPER(LEFT($D$6,1))&LOWER(MID($D$6,2,100))&IF($D$7=1,"",N17)&"Srcchk","") | G17: =IF($D17<>"",IF($E17="○","vd_s_Alert"&UPPER(LEFT($D$6,1))&LOWER(MID($D$6,2,100))&IF($D$7=1,"",N17)&"RwTx","NULL"),"") | H17: =IF($D17<>"","ALERT_CH_"&UPPER($D$6)&IF($D$7=1,"","_"&UPPER($C17)),"") | I17: =IF($D17<>"","ALERT_REQ_"&UPPER($D$6)&IF($D$7=1,"","_"&UPPER($C17)),"") | K17: ALERT_VOM_IGN_ON | M17: =FIND("_",C17,1) -> #VALUE! | N17: =IF(IFERROR(M17,0),UPPER(LEFT(C17,1))&LOWER(MID(C17,2,M17-2))&UPPER(MID(C17,M17+1,1))&LOWER(MID(C17,M17+2,100)),UPPER(LEFT(C17,1))&LOWER(MID(C17,2,100)))
B18: 6 | F18: =IF($D18<>"","u4_s_Alert"&UPPER(LEFT($D$6,1))&LOWER(MID($D$6,2,100))&IF($D$7=1,"",N18)&"Srcchk","") | G18: =IF($D18<>"",IF($E18="○","vd_s_Alert"&UPPER(LEFT($D$6,1))&LOWER(MID($D$6,2,100))&IF($D$7=1,"",N18)&"RwTx","NULL"),"") | H18: =IF($D18<>"","ALERT_CH_"&UPPER($D$6)&IF($D$7=1,"","_"&UPPER($C18)),"") | I18: =IF($D18<>"","ALERT_REQ_"&UPPER($D$6)&IF($D$7=1,"","_"&UPPER($C18)),"") | K18: ALERT_VOM_VCS_ON | M18: =FIND("_",C18,1) -> #VALUE! | N18: =IF(IFERROR(M18,0),UPPER(LEFT(C18,1))&LOWER(MID(C18,2,M18-2))&UPPER(MID(C18,M18+1,1))&LOWER(MID(C18,M18+2,100)),UPPER(LEFT(C18,1))&LOWER(MID(C18,2,100)))
B19: 7 | F19: =IF($D19<>"","u4_s_Alert"&UPPER(LEFT($D$6,1))&LOWER(MID($D$6,2,100))&IF($D$7=1,"",N19)&"Srcchk","") | G19: =IF($D19<>"",IF($E19="○","vd_s_Alert"&UPPER(LEFT($D$6,1))&LOWER(MID($D$6,2,100))&IF($D$7=1,"",N19)&"RwTx","NULL"),"") | H19: =IF($D19<>"","ALERT_CH_"&UPPER($D$6)&IF($D$7=1,"","_"&UPPER($C19)),"") | I19: =IF($D19<>"","ALERT_REQ_"&UPPER($D$6)&IF($D$7=1,"","_"&UPPER($C19)),"") | K19: ALERT_VOM_VCS_ON | M19: =FIND("_",C19,1) -> #VALUE! | N19: =IF(IFERROR(M19,0),UPPER(LEFT(C19,1))&LOWER(MID(C19,2,M19-2))&UPPER(MID(C19,M19+1,1))&LOWER(MID(C19,M19+2,100)),UPPER(LEFT(C19,1))&LOWER(MID(C19,2,100)))
B20: 8 | F20: =IF($D20<>"","u4_s_Alert"&UPPER(LEFT($D$6,1))&LOWER(MID($D$6,2,100))&IF($D$7=1,"",N20)&"Srcchk","") | G20: =IF($D20<>"",IF($E20="○","vd_s_Alert"&UPPER(LEFT($D$6,1))&LOWER(MID($D$6,2,100))&IF($D$7=1,"",N20)&"RwTx","NULL"),"") | H20: =IF($D20<>"","ALERT_CH_"&UPPER($D$6)&IF($D$7=1,"","_"&UPPER($C20)),"") | I20: =IF($D20<>"","ALERT_REQ_"&UPPER($D$6)&IF($D$7=1,"","_"&UPPER($C20)),"") | K20: ALERT_VOM_VCS_ON | M20: =FIND("_",C20,1) -> #VALUE! | N20: =IF(IFERROR(M20,0),UPPER(LEFT(C20,1))&LOWER(MID(C20,2,M20-2))&UPPER(MID(C20,M20+1,1))&LOWER(MID(C20,M20+2,100)),UPPER(LEFT(C20,1))&LOWER(MID(C20,2,100)))
B21: 9 | F21: =IF($D21<>"","u4_s_Alert"&UPPER(LEFT($D$6,1))&LOWER(MID($D$6,2,100))&IF($D$7=1,"",N21)&"Srcchk","") | G21: =IF($D21<>"",IF($E21="○","vd_s_Alert"&UPPER(LEFT($D$6,1))&LOWER(MID($D$6,2,100))&IF($D$7=1,"",N21)&"RwTx","NULL"),"") | H21: =IF($D21<>"","ALERT_CH_"&UPPER($D$6)&IF($D$7=1,"","_"&UPPER($C21)),"") | I21: =IF($D21<>"","ALERT_REQ_"&UPPER($D$6)&IF($D$7=1,"","_"&UPPER($C21)),"") | K21: ALERT_VOM_VCS_ON | M21: =FIND("_",C21,1) -> #VALUE! | N21: =IF(IFERROR(M21,0),UPPER(LEFT(C21,1))&LOWER(MID(C21,2,M21-2))&UPPER(MID(C21,M21+1,1))&LOWER(MID(C21,M21+2,100)),UPPER(LEFT(C21,1))&LOWER(MID(C21,2,100)))
B22: 10 | F22: =IF($D22<>"","u4_s_Alert"&UPPER(LEFT($D$6,1))&LOWER(MID($D$6,2,100))&IF($D$7=1,"",N22)&"Srcchk","") | G22: =IF($D22<>"",IF($E22="○","vd_s_Alert"&UPPER(LEFT($D$6,1))&LOWER(MID($D$6,2,100))&IF($D$7=1,"",N22)&"RwTx","NULL"),"") | H22: =IF($D22<>"","ALERT_CH_"&UPPER($D$6)&IF($D$7=1,"","_"&UPPER($C22)),"") | I22: =IF($D22<>"","ALERT_REQ_"&UPPER($D$6)&IF($D$7=1,"","_"&UPPER($C22)),"") | K22: ALERT_VOM_VCS_ON | M22: =FIND("_",C22,1) -> #VALUE! | N22: =IF(IFERROR(M22,0),UPPER(LEFT(C22,1))&LOWER(MID(C22,2,M22-2))&UPPER(MID(C22,M22+1,1))&LOWER(MID(C22,M22+2,100)),UPPER(LEFT(C22,1))&LOWER(MID(C22,2,100)))
B23: 11 | F23: =IF($D23<>"","u4_s_Alert"&UPPER(LEFT($D$6,1))&LOWER(MID($D$6,2,100))&IF($D$7=1,"",N23)&"Srcchk","") | G23: =IF($D23<>"",IF($E23="○","vd_s_Alert"&UPPER(LEFT($D$6,1))&LOWER(MID($D$6,2,100))&IF($D$7=1,"",N23)&"RwTx","NULL"),"") | H23: =IF($D23<>"","ALERT_CH_"&UPPER($D$6)&IF($D$7=1,"","_"&UPPER($C23)),"") | I23: =IF($D23<>"","ALERT_REQ_"&UPPER($D$6)&IF($D$7=1,"","_"&UPPER($C23)),"") | K23: ALERT_VOM_VCS_ON | M23: =FIND("_",C23,1) -> #VALUE! | N23: =IF(IFERROR(M23,0),UPPER(LEFT(C23,1))&LOWER(MID(C23,2,M23-2))&UPPER(MID(C23,M23+1,1))&LOWER(MID(C23,M23+2,100)),UPPER(LEFT(C23,1))&LOWER(MID(C23,2,100)))
B24: 12 | F24: =IF($D24<>"","u4_s_Alert"&UPPER(LEFT($D$6,1))&LOWER(MID($D$6,2,100))&IF($D$7=1,"",N24)&"Srcchk","") | G24: =IF($D24<>"",IF($E24="○","vd_s_Alert"&UPPER(LEFT($D$6,1))&LOWER(MID($D$6,2,100))&IF($D$7=1,"",N24)&"RwTx","NULL"),"") | H24: =IF($D24<>"","ALERT_CH_"&UPPER($D$6)&IF($D$7=1,"","_"&UPPER($C24)),"") | I24: =IF($D24<>"","ALERT_REQ_"&UPPER($D$6)&IF($D$7=1,"","_"&UPPER($C24)),"") | K24: ALERT_VOM_VCS_ON | M24: =FIND("_",C24,1) -> #VALUE! | N24: =IF(IFERROR(M24,0),UPPER(LEFT(C24,1))&LOWER(MID(C24,2,M24-2))&UPPER(MID(C24,M24+1,1))&LOWER(MID(C24,M24+2,100)),UPPER(LEFT(C24,1))&LOWER(MID(C24,2,100)))
B25: 13 | F25: =IF($D25<>"","u4_s_Alert"&UPPER(LEFT($D$6,1))&LOWER(MID($D$6,2,100))&IF($D$7=1,"",N25)&"Srcchk","") | G25: =IF($D25<>"",IF($E25="○","vd_s_Alert"&UPPER(LEFT($D$6,1))&LOWER(MID($D$6,2,100))&IF($D$7=1,"",N25)&"RwTx","NULL"),"") | H25: =IF($D25<>"","ALERT_CH_"&UPPER($D$6)&IF($D$7=1,"","_"&UPPER($C25)),"") | I25: =IF($D25<>"","ALERT_REQ_"&UPPER($D$6)&IF($D$7=1,"","_"&UPPER($C25)),"") | K25: ALERT_VOM_VCS_ON | M25: =FIND("_",C25,1) -> #VALUE! | N25: =IF(IFERROR(M25,0),UPPER(LEFT(C25,1))&LOWER(MID(C25,2,M25-2))&UPPER(MID(C25,M25+1,1))&LOWER(MID(C25,M25+2,100)),UPPER(LEFT(C25,1))&LOWER(MID(C25,2,100)))
B26: 14 | F26: =IF($D26<>"","u4_s_Alert"&UPPER(LEFT($D$6,1))&LOWER(MID($D$6,2,100))&IF($D$7=1,"",N26)&"Srcchk","") | G26: =IF($D26<>"",IF($E26="○","vd_s_Alert"&UPPER(LEFT($D$6,1))&LOWER(MID($D$6,2,100))&IF($D$7=1,"",N26)&"RwTx","NULL"),"") | H26: =IF($D26<>"","ALERT_CH_"&UPPER($D$6)&IF($D$7=1,"","_"&UPPER($C26)),"") | I26: =IF($D26<>"","ALERT_REQ_"&UPPER($D$6)&IF($D$7=1,"","_"&UPPER($C26)),"") | K26: ALERT_VOM_VCS_ON | M26: =FIND("_",C26,1) -> #VALUE! | N26: =IF(IFERROR(M26,0),UPPER(LEFT(C26,1))&LOWER(MID(C26,2,M26-2))&UPPER(MID(C26,M26+1,1))&LOWER(MID(C26,M26+2,100)),UPPER(LEFT(C26,1))&LOWER(MID(C26,2,100)))
... B37: 25 | F37: =IF($D37<>"","u4_s_Alert"&UPPER(LEFT($D$6,1))&LOWER(MID($D$6,2,100))&IF($D$7=1,"",N37)&"Srcchk","") | G37: =IF($D37<>"",IF($E37="○","vd_s_Alert"&UPPER(LEFT($D$6,1))&LOWER(MID($D$6,2,100))&IF($D$7=1,"",N37)&"RwTx","NULL"),"") | H37: =IF($D37<>"","ALERT_CH_"&UPPER($D$6)&IF($D$7=1,"","_"&UPPER($C37)),"") | I37: =IF($D37<>"","ALERT_REQ_"&UPPER($D$6)&IF($D$7=1,"","_"&UPPER($C37)),"") | K37: ALERT_VOM_VCS_ON | M37: =FIND("_",C37,1) -> #VALUE! | N37: =IF(IFERROR(M37,0),UPPER(LEFT(C37,1))&LOWER(MID(C37,2,M37-2))&UPPER(MID(C37,M37+1,1))&LOWER(MID(C37,M37+2,100)),UPPER(LEFT(C37,1))&LOWER(MID(C37,2,100)))

Sheet Config_IF
B2: Other Domain Define | O2: Alert Config IF List
B3: No | C3: define Name | D3: class | E3: define | F3: comment | G3: 文字数 | O3: No | P3: Return | Q3: Config Function Name | R3: comment
B4: 0 | C4: なし | O4: 0 | P4: なし | Q4: なし
B5: 1 | C5: OP_SW | D5: HW | E5: =IF($C5<>"","ALERT_" & D5 & "_ID_"&UPPER(Matrix!$D$6) & "_" & $C5,"") -> ALERT_HW_ID_P_OILPRE_OP_SW | F5: 油圧SW。JIRA:METHUD800B-6568 | G5: =IF(E5<>"",LEN(E5),"") -> 26 | O5: 1
B6: 2 | E6: =IF($C6<>"","ALERT_" & D6 & "_ID_"&UPPER(Matrix!$D$6) & "_" & $C6,"") | G6: =IF(E6<>"",LEN(E6),"") | O6: 2
B7: 3 | E7: =IF($C7<>"","ALERT_" & D7 & "_ID_"&UPPER(Matrix!$D$6) & "_" & $C7,"") | G7: =IF(E7<>"",LEN(E7),"") | O7: 3
B8: 4 | E8: =IF($C8<>"","ALERT_" & D8 & "_ID_"&UPPER(Matrix!$D$6) & "_" & $C8,"") | G8: =IF(E8<>"",LEN(E8),"") | O8: 4
B9: 5 | E9: =IF($C9<>"","ALERT_" & D9 & "_ID_"&UPPER(Matrix!$D$6) & "_" & $C9,"") | G9: =IF(E9<>"",LEN(E9),"") | O9: 5
B10: 6 | E10: =IF($C10<>"","ALERT_" & D10 & "_ID_"&UPPER(Matrix!$D$6) & "_" & $C10,"") | G10: =IF(E10<>"",LEN(E10),"") | O10: 6
B11: 7 | E11: =IF($C11<>"","ALERT_" & D11 & "_ID_"&UPPER(Matrix!$D$6) & "_" & $C11,"") | G11: =IF(E11<>"",LEN(E11),"") | O11: 7
B12: 8 | E12: =IF($C12<>"","ALERT_" & D12 & "_ID_"&UPPER(Matrix!$D$6) & "_" & $C12,"") | G12: =IF(E12<>"",LEN(E12),"") | O12: 8
B13: 9 | E13: =IF($C13<>"","ALERT_" & D13 & "_ID_"&UPPER(Matrix!$D$6) & "_" & $C13,"") | G13: =IF(E13<>"",LEN(E13),"") | O13: 9
B14: 10 | E14: =IF($C14<>"","ALERT_" & D14 & "_ID_"&UPPER(Matrix!$D$6) & "_" & $C14,"") | G14: =IF(E14<>"",LEN(E14),"") | O14: 10
B15: 11 | E15: =IF($C15<>"","ALERT_" & D15 & "_ID_"&UPPER(Matrix!$D$6) & "_" & $C15,"") | G15: =IF(E15<>"",LEN(E15),"") | O15: 11
B16: 12 | E16: =IF($C16<>"","ALERT_" & D16 & "_ID_"&UPPER(Matrix!$D$6) & "_" & $C16,"") | G16: =IF(E16<>"",LEN(E16),"") | O16: 12
B17: 13 | E17: =IF($C17<>"","ALERT_" & D17 & "_ID_"&UPPER(Matrix!$D$6) & "_" & $C17,"") | G17: =IF(E17<>"",LEN(E17),"") | O17: 13
... B29: 25 | E29: =IF($C29<>"","ALERT_" & D29 & "_ID_"&UPPER(Matrix!$D$6) & "_" & $C29,"") | G29: =IF(E29<>"",LEN(E29),"") | O29: 25
B32: Alert Domain Define | O32: Constant Externs List
B33: No | C33: define Name | D33: calss | E33: define | F33: Value | G33: 文字数 | O33: No | P33: Type | Q33: Constant define | R33: comment
B34: 0 | C34: なし | F34: なし | O34: 0 | P34: なし | Q34: なし | R34: なし
B35: 1 | E35: =IF($C35<>"","ALERT_" & UPPER(Matrix!$D$6) & "_" & $C35,"") | G35: =IF(E35<>"",LEN(E35),"") | O35: 1
B36: 2 | E36: =IF($C36<>"","ALERT_" & UPPER(Matrix!$D$6) & "_" & $C36,"") | G36: =IF(E36<>"",LEN(E36),"") | O36: 2
B37: 3 | E37: =IF($C37<>"","ALERT_" & UPPER(Matrix!$D$6) & "_" & $C37,"") | G37: =IF(E37<>"",LEN(E37),"") | O37: 3
B38: 4 | E38: =IF($C38<>"","ALERT_" & UPPER(Matrix!$D$6) & "_" & $C38,"") | G38: =IF(E38<>"",LEN(E38),"") | O38: 4
B39: 5 | E39: =IF($C39<>"","ALERT_" & UPPER(Matrix!$D$6) & "_" & $C39,"") | G39: =IF(E39<>"",LEN(E39),"") | O39: 5
B40: 6 | E40: =IF($C40<>"","ALERT_" & UPPER(Matrix!$D$6) & "_" & $C40,"") | G40: =IF(E40<>"",LEN(E40),"") | O40: 6
B41: 7 | E41: =IF($C41<>"","ALERT_" & UPPER(Matrix!$D$6) & "_" & $C41,"") | G41: =IF(E41<>"",LEN(E41),"") | O41: 7
B42: 8 | E42: =IF($C42<>"","ALERT_" & UPPER(Matrix!$D$6) & "_" & $C42,"") | G42: =IF(E42<>"",LEN(E42),"") | O42: 8
B43: 9 | E43: =IF($C43<>"","ALERT_" & UPPER(Matrix!$D$6) & "_" & $C43,"") | G43: =IF(E43<>"",LEN(E43),"") | O43: 9
B44: 10 | E44: =IF($C44<>"","ALERT_" & UPPER(Matrix!$D$6) & "_" & $C44,"") | G44: =IF(E44<>"",LEN(E44),"") | O44: 10
B45: 11 | E45: =IF($C45<>"","ALERT_" & UPPER(Matrix!$D$6) & "_" & $C45,"") | G45: =IF(E45<>"",LEN(E45),"") | O45: 11
B46: 12 | E46: =IF($C46<>"","ALERT_" & UPPER(Matrix!$D$6) & "_" & $C46,"") | G46: =IF(E46<>"",LEN(E46),"") | O46: 12
... B59: 25 | E59: =IF($C59<>"","ALERT_" & UPPER(Matrix!$D$6) & "_" & $C59,"") | G59: =IF(E59<>"",LEN(E59),"") | O59: 25

Sheet CH_Design
C1: 出力なしは、ここでは定義しないこと。システム共通のALERT_REQ_UNKNOWNを使用するため。
B2: ALERT CH | C2: REQ | D2: Value | E2: TT機能判定 | F2: TT | G2: BC機能判定 | H2: BC | I2: PD機能判定 | J2: PD | K2: RW機能判定 | L2: RW | M2: 文字数 | N2: 定義名 | O2: Code for alert_mtrx.h
C3: UNKNOWN | U3: 電源状態一覧
B4: ALERT_CH_P_OILPRE_WRN | C4: TT_ON | D4: 0 | E4: なし | F4: ON(油圧警告灯) | G4: なし | H4: - | I4: なし | J4: - | K4: なし | L4: - | M4: =LEN(N4) -> 28 | N4: =VLOOKUP($B4,Matrix!$H$13:$I$37,2,FALSE)&"_"&C4 -> ALERT_REQ_P_OILPRE_WRN_TT_ON | O4: ="#define "&N4&REPT(" ",48-M4)&"("&D4&"U)" -> #define ALERT_REQ_P_OILPRE_WRN_TT_ON (0U) | U4: 電源状態一覧
B5: ALERT_CH_P_OILPRE_WRN | C5: WRN_ON | D5: 1 | E5: なし | F5: ON(油圧警告灯),FLASH_1000_D80_ON(停車警告灯) | G5: なし | H5: - | I5: なし | J5: P_OILPRE-CSTD-0-MEF01-REQ01 | K5: なし | L5: OPW | M5: =LEN(N5) -> 29 | N5: =VLOOKUP($B5,Matrix!$H$13:$I$37,2,FALSE)&"_"&C5 -> ALERT_REQ_P_OILPRE_WRN_WRN_ON | O5: ="#define "&N5&REPT(" ",48-M5)&"("&D5&"U)" -> #define ALERT_REQ_P_OILPRE_WRN_WRN_ON (1U) | U5: ＋B
B6: ALERT_CH_P_OILPRE_WRN | C6: WRN_FLSH | D6: 2 | E6: なし | F6: FLASH_400_D50_ON(油圧警告灯),FLASH_1000_D80_ON(停車警告灯) | G6: なし | H6: - | I6: なし | J6: P_OILPRE-CSTD-0-MEF01-REQ01 | K6: なし | L6: OPW | M6: =LEN(N6) -> 31 | N6: =VLOOKUP($B6,Matrix!$H$13:$I$37,2,FALSE)&"_"&C6 -> ALERT_REQ_P_OILPRE_WRN_WRN_FLSH | O6: ="#define "&N6&REPT(" ",48-M6)&"("&D6&"U)" -> #define ALERT_REQ_P_OILPRE_WRN_WRN_FLSH (2U) | U6: IG-ON
B7: ALERT_CH_P_OILPRE_WRN | C7: WRN_OFF | D7: 3 | E7: なし | F7: FLASH_1000_D80_ON(停車警告灯) | G7: なし | H7: - | I7: なし | J7: P_OILPRE-CSTD-0-MEF01-REQ01 | K7: なし | L7: OPW | M7: =LEN(N7) -> 30 | N7: =VLOOKUP($B7,Matrix!$H$13:$I$37,2,FALSE)&"_"&C7 -> ALERT_REQ_P_OILPRE_WRN_WRN_OFF | O7: ="#define "&N7&REPT(" ",48-M7)&"("&D7&"U)" -> #define ALERT_REQ_P_OILPRE_WRN_WRN_OFF (3U) | U7: IG-OFF
B8: ALERT_CH_P_OILPRE_BC | C8: ON | D8: 0 | E8: なし | F8: - | G8: なし | H8: P_OILPRE-CSTD-0-BZR01-REQ01 | I8: なし | J8: - | K8: なし | L8: - | M8: =LEN(N8) -> 24 | N8: =VLOOKUP($B8,Matrix!$H$13:$I$37,2,FALSE)&"_"&C8 -> ALERT_REQ_P_OILPRE_BC_ON | O8: ="#define "&N8&REPT(" ",48-M8)&"("&D8&"U)" -> #define ALERT_REQ_P_OILPRE_BC_ON (0U) | U8: ACC-ON
M9: =LEN(N9) -> #N/A | N9: =VLOOKUP($B9,Matrix!$H$13:$I$37,2,FALSE)&"_"&C9 -> #N/A | O9: ="#define "&N9&REPT(" ",48-M9)&"("&D9&"U)" -> #N/A | U9: ACC-OFF
M10: =LEN(N10) -> #N/A | N10: =VLOOKUP($B10,Matrix!$H$13:$I$37,2,FALSE)&"_"&C10 -> #N/A | O10: ="#define "&N10&REPT(" ",48-M10)&"("&D10&"U)" -> #N/A
M11: =LEN(N11) -> #N/A | N11: =VLOOKUP($B11,Matrix!$H$13:$I$37,2,FALSE)&"_"&C11 -> #N/A | O11: ="#define "&N11&REPT(" ",48-M11)&"("&D11&"U)" -> #N/A
M12: =LEN(N12) -> #N/A | N12: =VLOOKUP($B12,Matrix!$H$13:$I$37,2,FALSE)&"_"&C12 -> #N/A | O12: ="#define "&N12&REPT(" ",48-M12)&"("&D12&"U)" -> #N/A
M13: =LEN(N13) -> #N/A | N13: =VLOOKUP($B13,Matrix!$H$13:$I$37,2,FALSE)&"_"&C13 -> #N/A | O13: ="#define "&N13&REPT(" ",48-M13)&"("&D13&"U)" -> #N/A
M14: =LEN(N14) -> #N/A | N14: =VLOOKUP($B14,Matrix!$H$13:$I$37,2,FALSE)&"_"&C14 -> #N/A | O14: ="#define "&N14&REPT(" ",48-M14)&"("&D14&"U)" -> #N/A
M15: =LEN(N15) -> #N/A | N15: =VLOOKUP($B15,Matrix!$H$13:$I$37,2,FALSE)&"_"&C15 -> #N/A | O15: ="#define "&N15&REPT(" ",48-M15)&"("&D15&"U)" -> #N/A
M16: =LEN(N16) -> #N/A | N16: =VLOOKUP($B16,Matrix!$H$13:$I$37,2,FALSE)&"_"&C16 -> #N/A | O16: ="#define "&N16&REPT(" ",48-M16)&"("&D16&"U)" -> #N/A
M17: =LEN(N17) -> #N/A | N17: =VLOOKUP($B17,Matrix!$H$13:$I$37,2,FALSE)&"_"&C17 -> #N/A | O17: ="#define "&N17&REPT(" ",48-M17)&"("&D17&"U)" -> #N/A
M18: =LEN(N18) -> #N/A | N18: =VLOOKUP($B18,Matrix!$H$13:$I$37,2,FALSE)&"_"&C18 -> #N/A | O18: ="#define "&N18&REPT(" ",48-M18)&"("&D18&"U)" -> #N/A
M19: =LEN(N19) -> #N/A | N19: =VLOOKUP($B19,Matrix!$H$13:$I$37,2,FALSE)&"_"&C19 -> #N/A | O19: ="#define "&N19&REPT(" ",48-M19)&"("&D19&"U)" -> #N/A
M20: =LEN(N20) -> #N/A | N20: =VLOOKUP($B20,Matrix!$H$13:$I$37,2,FALSE)&"_"&C20 -> #N/A | O20: ="#define "&N20&REPT(" ",48-M20)&"("&D20&"U)" -> #N/A
M21: =LEN(N21) -> #N/A | N21: =VLOOKUP($B21,Matrix!$H$13:$I$37,2,FALSE)&"_"&C21 -> #N/A | O21: ="#define "&N21&REPT(" ",48-M21)&"("&D21&"U)" -> #N/A
... M103: =LEN(N103) -> #N/A | N103: =VLOOKUP($B103,Matrix!$H$13:$I$37,2,FALSE)&"_"&C103 -> #N/A | O103: ="#define "&N103&REPT(" ",48-M103)&"("&D103&"U)" -> #N/A

Sheet WRN
AH1: → | AI1: bit
B2: Table Type | C2: INDEX | D2: 31 | E2: 30 | F2: 29 | G2: 28 | H2: 27 | I2: 26 | J2: 25 | K2: 24 | L2: 23 | M2: 22 | N2: 21 | O2: 20 | P2: 19 | Q2: 18 | R2: 17 | S2: 16 | T2: 15 | U2: 14 | V2: 13 | W2: 12 | X2: 11 | Y2: 10 | Z2: 9 | AA2: 8 | AB2: 7 | AC2: 6 | AD2: 5 | AE2: 4 | AF2: 3 | AG2: 2 | AH2: 1 | AI2: 0 | AJ2: REQ
B3: =IF(OR(IF(COUNTIF(D6:AC69,"0")<>0,TRUE,FALSE),IF(COUNTIF(D6:AC69,"1")<>0,TRUE,FALSE)),"Search Table","Index Table") -> Search Table | D3: ALERT_VOM_RWT_EN | E3: [reserved] | F3: ALERT_VOM_VCS_ON | G3: ALERT_VOM_IGN_ON | H3: ALERT_VOM_IGN_OFF_WT | I3: ALERT_VOM_IGN_OFF | J3: ALERT_VOM_BAT_WT | K3: ALERT_VOM_BAT_AO | L3: [reserved] | M3: [reserved] | N3: [reserved] | O3: [reserved] | P3: [reserved] | Q3: [reserved] | R3: [reserved] | S3: [reserved] | T3: [reserved] | U3: [reserved] | V3: [reserved] | W3: [reserved] | X3: [reserved] | Y3: B_OILPL_SIG | AA3: IGP_PDC_SIG | AB3: OP_SW | AC3: RPM | AE3: MOPSINH_SIG/OPLMPMSK_SIG | AF3: OPTDLY | AG3: PREV_REQ | AR3: シート名称は、CH Nameと同じにすること。 1CHしか存在しない場合、機能名と同じにすること。
A4: Master Table | AR4: 貼り付けコード
AR5: ="static const U4 "&AW8&"["&AW10&"]"&" = {" -> static const U4 u4_sp_ALERT_P_OILPRE_WRN_CRIT[ALERT_P_OILPRE_WRN_NUM_DST] = { | AS5: ="static const U4 "&$AW$9&"["&$AW$10&"] = {" -> static const U4 u4_sp_ALERT_P_OILPRE_WRN_MASK[ALERT_P_OILPRE_WRN_NUM_DST] = { | AT5: ="static const U1 "&$AW$11&"["&$AW$10&"] = {" -> static const U1 u1_sp_ALERT_P_OILPRE_WRN_DST[ALERT_P_OILPRE_WRN_NUM_DST] = { | AU5: ="const ST_ALERT_MTRX "&$AW$12&" = {" -> const ST_ALERT_MTRX st_gp_ALERT_P_OILPRE_MTRX[2] = { | AV5: ="#define "&AW10&REPT(" ",41-LEN(AW10))&"("&AW13&"U)" -> #define ALERT_P_OILPRE_WRN_NUM_DST (31U)
B6: ="Table "&$AW$6 -> Table WRN | C6: =ROW()-ROW($C$6) -> 0 | D6: × | E6: × | F6: × | G6: × | H6: × | I6: × | J6: × | K6: × | L6: × | M6: × | N6: × | O6: × | P6: × | Q6: × | R6: × | S6: × | T6: × | U6: × | V6: × | W6: × | X6: × | Y6: 0 | Z6: × | AA6: × | AB6: 1 | AC6: 0 | AD6: × | AE6: 0 | AF6: × | AG6: 0 | AH6: 0 | AI6: 0 | AJ6: TT_ON | AL6: =IF($AJ6="UNKNOWN"," (U1)ALERT_REQ_UNKNOWN"," (U1)"&"ALERT_REQ_"&$AW$17&"_"&IF($AW$6<>$AW$17,$AW$6&"_","")&AJ6) -> (U1)ALERT_REQ_P_OILPRE_WRN_TT_ON | AR6: =IF(AQ71<>"",AQ71,IF(AQ70<>"","};","")) -> (U4)0x00000080U, /* 00 TT_ON */ | AS6: =IF(AQ136<>"",AQ136,IF(AQ135<>"","};","")) -> (U4)0x000004D7U, /* 00 TT_ON */ | AT6: =IF(AJ6<>"",AL6&IF(AJ7<>"",","," ")&REPT(" ",78-LEN(AL6))&"/* "&IF(C6<10,"0"&C6,C6)&" "&AJ6&REPT(" ",48-LEN(AJ6))&"*/",IF(AJ5<>"","};","")) -> (U1)ALERT_REQ_P_OILPRE_WRN_TT_ON, /* 00 TT_ON */ | AU6: { | AV6: MtxSrch変数名 | AW6: =UPPER(RIGHT(CELL("filename",A1),LEN(CELL("filename",A1))-FIND("]",CELL("filename",A1)))) -> WRN
C7: =ROW()-ROW($C$6) -> 1 | D7: × | E7: × | F7: × | G7: × | H7: × | I7: × | J7: × | K7: × | L7: × | M7: × | N7: × | O7: × | P7: × | Q7: × | R7: × | S7: × | T7: × | U7: × | V7: × | W7: × | X7: × | Y7: 0 | Z7: × | AA7: 1 | AB7: 1 | AC7: 0 | AD7: × | AE7: 0 | AF7: × | AG7: 0 | AH7: 0 | AI7: 1 | AJ7: WRN_ON | AL7: =IF($AJ7="UNKNOWN"," (U1)ALERT_REQ_UNKNOWN"," (U1)"&"ALERT_REQ_"&$AW$17&"_"&IF($AW$6<>$AW$17,$AW$6&"_","")&AJ7) -> (U1)ALERT_REQ_P_OILPRE_WRN_WRN_ON | AR7: =IF(AQ72<>"",AQ72,IF(AQ71<>"","};","")) -> (U4)0x00000181U, /* 01 WRN_ON */ | AS7: =IF(AQ137<>"",AQ137,IF(AQ136<>"","};","")) -> (U4)0x000005D7U, /* 01 WRN_ON */ | AT7: =IF(AJ7<>"",AL7&IF(AJ8<>"",","," ")&REPT(" ",78-LEN(AL7))&"/* "&IF(C7<10,"0"&C7,C7)&" "&AJ7&REPT(" ",48-LEN(AJ7))&"*/",IF(AJ6<>"","};","")) -> (U1)ALERT_REQ_P_OILPRE_WRN_WRN_ON, /* 01 WRN_ON */ | AU7: =" &"&$AW$14&","&REPT(" ",69-LEN($AW$14))&"/* fp_u4_SRC_CHK */" -> &u4_s_AlertP_oilpreWrnSrcchk, /* fp_u4_SRC_CHK */ | AV7: Use MtxSrch | AW7: =IF(B3="Search Table",1,0) -> 1
C8: =ROW()-ROW($C$6) -> 2 | D8: × | E8: × | F8: × | G8: × | H8: × | I8: × | J8: × | K8: × | L8: × | M8: × | N8: × | O8: × | P8: × | Q8: × | R8: × | S8: × | T8: × | U8: × | V8: × | W8: × | X8: × | Y8: 0 | Z8: × | AA8: 1 | AB8: 1 | AC8: 0 | AD8: 0 | AE8: 1 | AF8: × | AG8: 0 | AH8: 0 | AI8: 1 | AJ8: WRN_OFF | AL8: =IF($AJ8="UNKNOWN"," (U1)ALERT_REQ_UNKNOWN"," (U1)"&"ALERT_REQ_"&$AW$17&"_"&IF($AW$6<>$AW$17,$AW$6&"_","")&AJ8) -> (U1)ALERT_REQ_P_OILPRE_WRN_WRN_OFF | AR8: =IF(AQ73<>"",AQ73,IF(AQ72<>"","};","")) -> (U4)0x00000191U, /* 02 WRN_OFF */ | AS8: =IF(AQ138<>"",AQ138,IF(AQ137<>"","};","")) -> (U4)0x000005F7U, /* 02 WRN_OFF */ | AT8: =IF(AJ8<>"",AL8&IF(AJ9<>"",","," ")&REPT(" ",78-LEN(AL8))&"/* "&IF(C8<10,"0"&C8,C8)&" "&AJ8&REPT(" ",48-LEN(AJ8))&"*/",IF(AJ7<>"","};","")) -> (U1)ALERT_REQ_P_OILPRE_WRN_WRN_OFF, /* 02 WRN_OFF */ | AU8: =IF($AW$15<>"NULL"," &"&$AW$15&","&REPT(" ",69-LEN($AW$15))&"/* fp_vd_XDST */"," vdp_PTR_NA, /* fp_vd_XDST */") -> &vd_s_AlertP_oilpreWrnRwTx, /* fp_vd_XDST */ | AV8: CRIT_NAME | AW8: ="u4_sp_ALERT_"&IF(AW6<>AW17,$AW$17&"_"&$AW$6,AW17)&"_CRIT" -> u4_sp_ALERT_P_OILPRE_WRN_CRIT
C9: =ROW()-ROW($C$6) -> 3 | D9: × | E9: × | F9: × | G9: × | H9: × | I9: × | J9: × | K9: × | L9: × | M9: × | N9: × | O9: × | P9: × | Q9: × | R9: × | S9: × | T9: × | U9: × | V9: × | W9: × | X9: × | Y9: 0 | Z9: × | AA9: 1 | AB9: 1 | AC9: 0 | AD9: 0 | AE9: × | AF9: × | AG9: 0 | AH9: 1 | AI9: 0 | AJ9: WRN_FLSH | AL9: =IF($AJ9="UNKNOWN"," (U1)ALERT_REQ_UNKNOWN"," (U1)"&"ALERT_REQ_"&$AW$17&"_"&IF($AW$6<>$AW$17,$AW$6&"_","")&AJ9) -> (U1)ALERT_REQ_P_OILPRE_WRN_WRN_FLSH | AR9: =IF(AQ74<>"",AQ74,IF(AQ73<>"","};","")) -> (U4)0x00000182U, /* 03 WRN_FLSH */ | AS9: =IF(AQ139<>"",AQ139,IF(AQ138<>"","};","")) -> (U4)0x000005E7U, /* 03 WRN_FLSH */ | AT9: =IF(AJ9<>"",AL9&IF(AJ10<>"",","," ")&REPT(" ",78-LEN(AL9))&"/* "&IF(C9<10,"0"&C9,C9)&" "&AJ9&REPT(" ",48-LEN(AJ9))&"*/",IF(AJ8<>"","};","")) -> (U1)ALERT_REQ_P_OILPRE_WRN_WRN_FLSH, /* 03 WRN_FLSH */ | AV9: MASK_NAME | AW9: ="u4_sp_ALERT_"&IF(AW6<>AW17,$AW$17&"_"&$AW$6,AW17)&"_MASK" -> u4_sp_ALERT_P_OILPRE_WRN_MASK
C10: =ROW()-ROW($C$6) -> 4 | D10: × | E10: × | F10: × | G10: × | H10: × | I10: × | J10: × | K10: × | L10: × | M10: × | N10: × | O10: × | P10: × | Q10: × | R10: × | S10: × | T10: × | U10: × | V10: × | W10: × | X10: × | Y10: 0 | Z10: × | AA10: 1 | AB10: 1 | AC10: 0 | AD10: 0 | AE10: × | AF10: × | AG10: 0 | AH10: 1 | AI10: 1 | AJ10: WRN_OFF | AL10: =IF($AJ10="UNKNOWN"," (U1)ALERT_REQ_UNKNOWN"," (U1)"&"ALERT_REQ_"&$AW$17&"_"&IF($AW$6<>$AW$17,$AW$6&"_","")&AJ10) -> (U1)ALERT_REQ_P_OILPRE_WRN_WRN_OFF | AR10: =IF(AQ75<>"",AQ75,IF(AQ74<>"","};","")) -> (U4)0x00000183U, /* 04 WRN_OFF */ | AS10: =IF(AQ140<>"",AQ140,IF(AQ139<>"","};","")) -> (U4)0x000005E7U, /* 04 WRN_OFF */ | AT10: =IF(AJ10<>"",AL10&IF(AJ11<>"",","," ")&REPT(" ",78-LEN(AL10))&"/* "&IF(C10<10,"0"&C10,C10)&" "&AJ10&REPT(" ",48-LEN(AJ10))&"*/",IF(AJ9<>"","};","")) -> (U1)ALERT_REQ_P_OILPRE_WRN_WRN_OFF, /* 04 WRN_OFF */ | AU10: =IF($AW$7=1," &"&$AW$9&"[0],"&REPT(" ",66-LEN($AW$9))&"/* u4p_MASK */"," (const U4 *)vdp_PTR_NA, /* u4p_MASK */") -> &u4_sp_ALERT_P_OILPRE_WRN_MASK[0], /* u4p_MASK */ | AV10: MTXSRCH_DEF | AW10: ="ALERT_"&IF(AW6<>AW17,$AW$17&"_"&$AW$6,AW17)&"_NUM_DST" -> ALERT_P_OILPRE_WRN_NUM_DST
C11: =ROW()-ROW($C$6) -> 5 | D11: × | E11: × | F11: × | G11: × | H11: × | I11: × | J11: × | K11: × | L11: × | M11: × | N11: × | O11: × | P11: × | Q11: × | R11: × | S11: × | T11: × | U11: × | V11: × | W11: × | X11: × | Y11: 0 | Z11: × | AA11: 1 | AB11: 1 | AC11: 0 | AD11: 1 | AE11: 0 | AF11: × | AG11: 0 | AH11: 1 | AI11: × | AJ11: WRN_ON | AL11: =IF($AJ11="UNKNOWN"," (U1)ALERT_REQ_UNKNOWN"," (U1)"&"ALERT_REQ_"&$AW$17&"_"&IF($AW$6<>$AW$17,$AW$6&"_","")&AJ11) -> (U1)ALERT_REQ_P_OILPRE_WRN_WRN_ON | AR11: =IF(AQ76<>"",AQ76,IF(AQ75<>"","};","")) -> (U4)0x000001A2U, /* 05 WRN_ON */ | AS11: =IF(AQ141<>"",AQ141,IF(AQ140<>"","};","")) -> (U4)0x000005F6U, /* 05 WRN_ON */ | AT11: =IF(AJ11<>"",AL11&IF(AJ12<>"",","," ")&REPT(" ",78-LEN(AL11))&"/* "&IF(C11<10,"0"&C11,C11)&" "&AJ11&REPT(" ",48-LEN(AJ11))&"*/",IF(AJ10<>"","};","")) -> (U1)ALERT_REQ_P_OILPRE_WRN_WRN_ON, /* 05 WRN_ON */ | AU11: =IF($AW$7=1," &"&$AW$8&"[0],"&REPT(" ",66-LEN($AW$8))&"/* u4p_CRIT */"," (const U4 *)vdp_PTR_NA, /* u4p_CRIT */") -> &u4_sp_ALERT_P_OILPRE_WRN_CRIT[0], /* u4p_CRIT */ | AV11: MTXSRCH_OUT_DEF | AW11: ="u1_sp_ALERT_"&IF(AW6<>AW17,$AW$17&"_"&$AW$6,AW17)&"_DST" -> u1_sp_ALERT_P_OILPRE_WRN_DST
C12: =ROW()-ROW($C$6) -> 6 | D12: × | E12: × | F12: × | G12: × | H12: × | I12: × | J12: × | K12: × | L12: × | M12: × | N12: × | O12: × | P12: × | Q12: × | R12: × | S12: × | T12: × | U12: × | V12: × | W12: × | X12: × | Y12: 0 | Z12: × | AA12: × | AB12: 1 | AC12: 0 | AD12: 1 | AE12: 0 | AF12: × | AG12: 1 | AH12: × | AI12: × | AJ12: TT_ON | AL12: =IF($AJ12="UNKNOWN"," (U1)ALERT_REQ_UNKNOWN"," (U1)"&"ALERT_REQ_"&$AW$17&"_"&IF($AW$6<>$AW$17,$AW$6&"_","")&AJ12) -> (U1)ALERT_REQ_P_OILPRE_WRN_TT_ON | AR12: =IF(AQ77<>"",AQ77,IF(AQ76<>"","};","")) -> (U4)0x000000A4U, /* 06 TT_ON */ | AS12: =IF(AQ142<>"",AQ142,IF(AQ141<>"","};","")) -> (U4)0x000004F4U, /* 06 TT_ON */ | AT12: =IF(AJ12<>"",AL12&IF(AJ13<>"",","," ")&REPT(" ",78-LEN(AL12))&"/* "&IF(C12<10,"0"&C12,C12)&" "&AJ12&REPT(" ",48-LEN(AJ12))&"*/",IF(AJ11<>"","};","")) -> (U1)ALERT_REQ_P_OILPRE_WRN_TT_ON, /* 06 TT_ON */ | AV12: ALERT_MTRX_NAME | AW12: =Matrix!D8&"["&Matrix!D7&"]" -> st_gp_ALERT_P_OILPRE_MTRX[2]
C13: =ROW()-ROW($C$6) -> 7 | D13: × | E13: × | F13: × | G13: × | H13: × | I13: × | J13: × | K13: × | L13: × | M13: × | N13: × | O13: × | P13: × | Q13: × | R13: × | S13: × | T13: × | U13: × | V13: × | W13: × | X13: × | Y13: 0 | Z13: × | AA13: 1 | AB13: 1 | AC13: 0 | AD13: 1 | AE13: 1 | AF13: × | AG13: 0 | AH13: × | AI13: 1 | AJ13: WRN_OFF | AL13: =IF($AJ13="UNKNOWN"," (U1)ALERT_REQ_UNKNOWN"," (U1)"&"ALERT_REQ_"&$AW$17&"_"&IF($AW$6<>$AW$17,$AW$6&"_","")&AJ13) -> (U1)ALERT_REQ_P_OILPRE_WRN_WRN_OFF | AR13: =IF(AQ78<>"",AQ78,IF(AQ77<>"","};","")) -> (U4)0x000001B1U, /* 07 WRN_OFF */ | AS13: =IF(AQ143<>"",AQ143,IF(AQ142<>"","};","")) -> (U4)0x000005F5U, /* 07 WRN_OFF */ | AT13: =IF(AJ13<>"",AL13&IF(AJ14<>"",","," ")&REPT(" ",78-LEN(AL13))&"/* "&IF(C13<10,"0"&C13,C13)&" "&AJ13&REPT(" ",48-LEN(AJ13))&"*/",IF(AJ12<>"","};","")) -> (U1)ALERT_REQ_P_OILPRE_WRN_WRN_OFF, /* 07 WRN_OFF */ | AU13: =" &"&$AW$11&"[0],"&REPT(" ",66-LEN($AW$11))&"/* u1p_DST */" -> &u1_sp_ALERT_P_OILPRE_WRN_DST[0], /* u1p_DST */ | AV13: SRCH_NUM | AW13: =COUNTA($AJ$6:$AJ$69) -> 31
C14: =ROW()-ROW($C$6) -> 8 | D14: × | E14: × | F14: × | G14: × | H14: × | I14: × | J14: × | K14: × | L14: × | M14: × | N14: × | O14: × | P14: × | Q14: × | R14: × | S14: × | T14: × | U14: × | V14: × | W14: × | X14: × | Y14: 0 | Z14: × | AA14: 1 | AB14: 1 | AC14: 0 | AD14: 1 | AE14: 1 | AF14: × | AG14: 0 | AH14: 1 | AI14: 0 | AJ14: WRN_FLSH | AL14: =IF($AJ14="UNKNOWN"," (U1)ALERT_REQ_UNKNOWN"," (U1)"&"ALERT_REQ_"&$AW$17&"_"&IF($AW$6<>$AW$17,$AW$6&"_","")&AJ14) -> (U1)ALERT_REQ_P_OILPRE_WRN_WRN_FLSH | AR14: =IF(AQ79<>"",AQ79,IF(AQ78<>"","};","")) -> (U4)0x000001B2U, /* 08 WRN_FLSH */ | AS14: =IF(AQ144<>"",AQ144,IF(AQ143<>"","};","")) -> (U4)0x000005F7U, /* 08 WRN_FLSH */ | AT14: =IF(AJ14<>"",AL14&IF(AJ15<>"",","," ")&REPT(" ",78-LEN(AL14))&"/* "&IF(C14<10,"0"&C14,C14)&" "&AJ14&REPT(" ",48-LEN(AJ14))&"*/",IF(AJ13<>"","};","")) -> (U1)ALERT_REQ_P_OILPRE_WRN_WRN_FLSH, /* 08 WRN_FLSH */ | AU14: =" (U2)"&$AW$10&","&REPT(" ",66-LEN($AW$10))&"/* u2_num_srch */" -> (U2)ALERT_P_OILPRE_WRN_NUM_DST, /* u2_num_srch */ | AV14: SRC CHK | AW14: =IF(AW6<>AW17,VLOOKUP(AW6,Matrix!$C$13:$G$37,4,FALSE),Matrix!F13) -> u4_s_AlertP_oilpreWrnSrcchk
C15: =ROW()-ROW($C$6) -> 9 | D15: × | E15: × | F15: × | G15: × | H15: × | I15: × | J15: × | K15: × | L15: × | M15: × | N15: × | O15: × | P15: × | Q15: × | R15: × | S15: × | T15: × | U15: × | V15: × | W15: × | X15: × | Y15: 0 | Z15: × | AA15: × | AB15: 1 | AC15: 1 | AD15: 0 | AE15: 0 | AF15: 0 | AG15: 0 | AH15: 0 | AI15: 0 | AJ15: TT_ON | AL15: =IF($AJ15="UNKNOWN"," (U1)ALERT_REQ_UNKNOWN"," (U1)"&"ALERT_REQ_"&$AW$17&"_"&IF($AW$6<>$AW$17,$AW$6&"_","")&AJ15) -> (U1)ALERT_REQ_P_OILPRE_WRN_TT_ON | AR15: =IF(AQ80<>"",AQ80,IF(AQ79<>"","};","")) -> (U4)0x000000C0U, /* 09 TT_ON */ | AS15: =IF(AQ145<>"",AQ145,IF(AQ144<>"","};","")) -> (U4)0x000004FFU, /* 09 TT_ON */ | AT15: =IF(AJ15<>"",AL15&IF(AJ16<>"",","," ")&REPT(" ",78-LEN(AL15))&"/* "&IF(C15<10,"0"&C15,C15)&" "&AJ15&REPT(" ",48-LEN(AJ15))&"*/",IF(AJ14<>"","};","")) -> (U1)ALERT_REQ_P_OILPRE_WRN_TT_ON, /* 09 TT_ON */ | AU15: =" (U1)"&$AW$16&REPT(" ",67-LEN($AW$16))&"/* u1_vom_act */" -> (U1)ALERT_VOM_IGN_ON /* u1_vom_act */ | AV15: RWTX | AW15: =IF(AW6<>AW17,VLOOKUP(AW6,Matrix!$C$13:$G$37,5,FALSE),Matrix!G13) -> vd_s_AlertP_oilpreWrnRwTx
C16: =ROW()-ROW($C$6) -> 10 | D16: × | E16: × | F16: × | G16: × | H16: × | I16: × | J16: × | K16: × | L16: × | M16: × | N16: × | O16: × | P16: × | Q16: × | R16: × | S16: × | T16: × | U16: × | V16: × | W16: × | X16: × | Y16: 0 | Z16: × | AA16: 1 | AB16: 1 | AC16: 1 | AD16: 0 | AE16: 0 | AF16: 0 | AG16: 0 | AH16: 0 | AI16: 1 | AJ16: WRN_ON | AL16: =IF($AJ16="UNKNOWN"," (U1)ALERT_REQ_UNKNOWN"," (U1)"&"ALERT_REQ_"&$AW$17&"_"&IF($AW$6<>$AW$17,$AW$6&"_","")&AJ16) -> (U1)ALERT_REQ_P_OILPRE_WRN_WRN_ON | AR16: =IF(AQ81<>"",AQ81,IF(AQ80<>"","};","")) -> (U4)0x000001C1U, /* 10 WRN_ON */ | AS16: =IF(AQ146<>"",AQ146,IF(AQ145<>"","};","")) -> (U4)0x000005FFU, /* 10 WRN_ON */ | AT16: =IF(AJ16<>"",AL16&IF(AJ17<>"",","," ")&REPT(" ",78-LEN(AL16))&"/* "&IF(C16<10,"0"&C16,C16)&" "&AJ16&REPT(" ",48-LEN(AJ16))&"*/",IF(AJ15<>"","};","")) -> (U1)ALERT_REQ_P_OILPRE_WRN_WRN_ON, /* 10 WRN_ON */ | AU16: } | AV16: ACT | AW16: =IF(AW6<>AW17,VLOOKUP(AW6,Matrix!$C$13:$G$37,2,FALSE),Matrix!D13) -> ALERT_VOM_IGN_ON
C17: =ROW()-ROW($C$6) -> 11 | D17: × | E17: × | F17: × | G17: × | H17: × | I17: × | J17: × | K17: × | L17: × | M17: × | N17: × | O17: × | P17: × | Q17: × | R17: × | S17: × | T17: × | U17: × | V17: × | W17: × | X17: × | Y17: 0 | Z17: × | AA17: 1 | AB17: 1 | AC17: 1 | AD17: 0 | AE17: × | AF17: 0 | AG17: 0 | AH17: 1 | AI17: 0 | AJ17: WRN_FLSH | AL17: =IF($AJ17="UNKNOWN"," (U1)ALERT_REQ_UNKNOWN"," (U1)"&"ALERT_REQ_"&$AW$17&"_"&IF($AW$6<>$AW$17,$AW$6&"_","")&AJ17) -> (U1)ALERT_REQ_P_OILPRE_WRN_WRN_FLSH | AR17: =IF(AQ82<>"",AQ82,IF(AQ81<>"","};","")) -> (U4)0x000001C2U, /* 11 WRN_FLSH */ | AS17: =IF(AQ147<>"",AQ147,IF(AQ146<>"","};","")) -> (U4)0x000005EFU, /* 11 WRN_FLSH */ | AT17: =IF(AJ17<>"",AL17&IF(AJ18<>"",","," ")&REPT(" ",78-LEN(AL17))&"/* "&IF(C17<10,"0"&C17,C17)&" "&AJ17&REPT(" ",48-LEN(AJ17))&"*/",IF(AJ16<>"","};","")) -> (U1)ALERT_REQ_P_OILPRE_WRN_WRN_FLSH, /* 11 WRN_FLSH */ | AU17: }; | AV17: ALERT_MTRX変数名 | AW17: =UPPER(Matrix!$D$6) -> P_OILPRE
C18: =ROW()-ROW($C$6) -> 12 | D18: × | E18: × | F18: × | G18: × | H18: × | I18: × | J18: × | K18: × | L18: × | M18: × | N18: × | O18: × | P18: × | Q18: × | R18: × | S18: × | T18: × | U18: × | V18: × | W18: × | X18: × | Y18: 0 | Z18: × | AA18: 1 | AB18: 1 | AC18: 1 | AD18: 0 | AE18: 0 | AF18: 0 | AG18: 0 | AH18: 1 | AI18: 1 | AJ18: WRN_OFF | AL18: =IF($AJ18="UNKNOWN"," (U1)ALERT_REQ_UNKNOWN"," (U1)"&"ALERT_REQ_"&$AW$17&"_"&IF($AW$6<>$AW$17,$AW$6&"_","")&AJ18) -> (U1)ALERT_REQ_P_OILPRE_WRN_WRN_OFF | AR18: =IF(AQ83<>"",AQ83,IF(AQ82<>"","};","")) -> (U4)0x000001C3U, /* 12 WRN_OFF */ | AS18: =IF(AQ148<>"",AQ148,IF(AQ147<>"","};","")) -> (U4)0x000005FFU, /* 12 WRN_OFF */ | AT18: =IF(AJ18<>"",AL18&IF(AJ19<>"",","," ")&REPT(" ",78-LEN(AL18))&"/* "&IF(C18<10,"0"&C18,C18)&" "&AJ18&REPT(" ",48-LEN(AJ18))&"*/",IF(AJ17<>"","};","")) -> (U1)ALERT_REQ_P_OILPRE_WRN_WRN_OFF, /* 12 WRN_OFF */
C19: =ROW()-ROW($C$6) -> 13 | D19: × | E19: × | F19: × | G19: × | H19: × | I19: × | J19: × | K19: × | L19: × | M19: × | N19: × | O19: × | P19: × | Q19: × | R19: × | S19: × | T19: × | U19: × | V19: × | W19: × | X19: × | Y19: 0 | Z19: × | AA19: 1 | AB19: 1 | AC19: 1 | AD19: 0 | AE19: × | AF19: 1 | AG19: × | AH19: × | AI19: × | AJ19: WRN_FLSH | AL19: =IF($AJ19="UNKNOWN"," (U1)ALERT_REQ_UNKNOWN"," (U1)"&"ALERT_REQ_"&$AW$17&"_"&IF($AW$6<>$AW$17,$AW$6&"_","")&AJ19) -> (U1)ALERT_REQ_P_OILPRE_WRN_WRN_FLSH | AR19: =IF(AQ84<>"",AQ84,IF(AQ83<>"","};","")) -> (U4)0x000001C8U, /* 13 WRN_FLSH */ | AS19: =IF(AQ149<>"",AQ149,IF(AQ148<>"","};","")) -> (U4)0x000005E8U, /* 13 WRN_FLSH */ | AT19: =IF(AJ19<>"",AL19&IF(AJ20<>"",","," ")&REPT(" ",78-LEN(AL19))&"/* "&IF(C19<10,"0"&C19,C19)&" "&AJ19&REPT(" ",48-LEN(AJ19))&"*/",IF(AJ18<>"","};","")) -> (U1)ALERT_REQ_P_OILPRE_WRN_WRN_FLSH, /* 13 WRN_FLSH */
C20: =ROW()-ROW($C$6) -> 14 | D20: × | E20: × | F20: × | G20: × | H20: × | I20: × | J20: × | K20: × | L20: × | M20: × | N20: × | O20: × | P20: × | Q20: × | R20: × | S20: × | T20: × | U20: × | V20: × | W20: × | X20: × | Y20: 0 | Z20: × | AA20: 1 | AB20: 1 | AC20: 1 | AD20: 0 | AE20: 1 | AF20: 0 | AG20: 0 | AH20: × | AI20: 1 | AJ20: WRN_OFF | AL20: =IF($AJ20="UNKNOWN"," (U1)ALERT_REQ_UNKNOWN"," (U1)"&"ALERT_REQ_"&$AW$17&"_"&IF($AW$6<>$AW$17,$AW$6&"_","")&AJ20) -> (U1)ALERT_REQ_P_OILPRE_WRN_WRN_OFF | AR20: =IF(AQ85<>"",AQ85,IF(AQ84<>"","};","")) -> (U4)0x000001D1U, /* 14 WRN_OFF */ | AS20: =IF(AQ150<>"",AQ150,IF(AQ149<>"","};","")) -> (U4)0x000005FDU, /* 14 WRN_OFF */ | AT20: =IF(AJ20<>"",AL20&IF(AJ21<>"",","," ")&REPT(" ",78-LEN(AL20))&"/* "&IF(C20<10,"0"&C20,C20)&" "&AJ20&REPT(" ",48-LEN(AJ20))&"*/",IF(AJ19<>"","};","")) -> (U1)ALERT_REQ_P_OILPRE_WRN_WRN_OFF, /* 14 WRN_OFF */
C21: =ROW()-ROW($C$6) -> 15 | D21: × | E21: × | F21: × | G21: × | H21: × | I21: × | J21: × | K21: × | L21: × | M21: × | N21: × | O21: × | P21: × | Q21: × | R21: × | S21: × | T21: × | U21: × | V21: × | W21: × | X21: × | Y21: 1 | Z21: 0 | AA21: 0 | AB21: × | AC21: × | AD21: × | AE21: × | AF21: × | AG21: × | AH21: × | AI21: × | AJ21: TT_ON | AL21: =IF($AJ21="UNKNOWN"," (U1)ALERT_REQ_UNKNOWN"," (U1)"&"ALERT_REQ_"&$AW$17&"_"&IF($AW$6<>$AW$17,$AW$6&"_","")&AJ21) -> (U1)ALERT_REQ_P_OILPRE_WRN_TT_ON | AR21: =IF(AQ86<>"",AQ86,IF(AQ85<>"","};","")) -> (U4)0x00000400U, /* 15 TT_ON */ | AS21: =IF(AQ151<>"",AQ151,IF(AQ150<>"","};","")) -> (U4)0x00000700U, /* 15 TT_ON */ | AT21: =IF(AJ21<>"",AL21&IF(AJ22<>"",","," ")&REPT(" ",78-LEN(AL21))&"/* "&IF(C21<10,"0"&C21,C21)&" "&AJ21&REPT(" ",48-LEN(AJ21))&"*/",IF(AJ20<>"","};","")) -> (U1)ALERT_REQ_P_OILPRE_WRN_TT_ON, /* 15 TT_ON */
C22: =ROW()-ROW($C$6) -> 16 | D22: × | E22: × | F22: × | G22: × | H22: × | I22: × | J22: × | K22: × | L22: × | M22: × | N22: × | O22: × | P22: × | Q22: × | R22: × | S22: × | T22: × | U22: × | V22: × | W22: × | X22: × | Y22: 1 | Z22: 0 | AA22: 1 | AB22: 0 | AC22: × | AD22: × | AE22: × | AF22: × | AG22: × | AH22: × | AI22: × | AJ22: TT_ON | AL22: =IF($AJ22="UNKNOWN"," (U1)ALERT_REQ_UNKNOWN"," (U1)"&"ALERT_REQ_"&$AW$17&"_"&IF($AW$6<>$AW$17,$AW$6&"_","")&AJ22) -> (U1)ALERT_REQ_P_OILPRE_WRN_TT_ON | AR22: =IF(AQ87<>"",AQ87,IF(AQ86<>"","};","")) -> (U4)0x00000500U, /* 16 TT_ON */ | AS22: =IF(AQ152<>"",AQ152,IF(AQ151<>"","};","")) -> (U4)0x00000780U, /* 16 TT_ON */ | AT22: =IF(AJ22<>"",AL22&IF(AJ23<>"",","," ")&REPT(" ",78-LEN(AL22))&"/* "&IF(C22<10,"0"&C22,C22)&" "&AJ22&REPT(" ",48-LEN(AJ22))&"*/",IF(AJ21<>"","};","")) -> (U1)ALERT_REQ_P_OILPRE_WRN_TT_ON, /* 16 TT_ON */
C23: =ROW()-ROW($C$6) -> 17 | D23: × | E23: × | F23: × | G23: × | H23: × | I23: × | J23: × | K23: × | L23: × | M23: × | N23: × | O23: × | P23: × | Q23: × | R23: × | S23: × | T23: × | U23: × | V23: × | W23: × | X23: × | Y23: 1 | Z23: 0 | AA23: 1 | AB23: 1 | AC23: 0 | AD23: × | AE23: × | AF23: × | AG23: 0 | AH23: 0 | AI23: 0 | AJ23: TT_ON | AL23: =IF($AJ23="UNKNOWN"," (U1)ALERT_REQ_UNKNOWN"," (U1)"&"ALERT_REQ_"&$AW$17&"_"&IF($AW$6<>$AW$17,$AW$6&"_","")&AJ23) -> (U1)ALERT_REQ_P_OILPRE_WRN_TT_ON | AR23: =IF(AQ88<>"",AQ88,IF(AQ87<>"","};","")) -> (U4)0x00000580U, /* 17 TT_ON */ | AS23: =IF(AQ153<>"",AQ153,IF(AQ152<>"","};","")) -> (U4)0x000007C7U, /* 17 TT_ON */ | AT23: =IF(AJ23<>"",AL23&IF(AJ24<>"",","," ")&REPT(" ",78-LEN(AL23))&"/* "&IF(C23<10,"0"&C23,C23)&" "&AJ23&REPT(" ",48-LEN(AJ23))&"*/",IF(AJ22<>"","};","")) -> (U1)ALERT_REQ_P_OILPRE_WRN_TT_ON, /* 17 TT_ON */
C24: =ROW()-ROW($C$6) -> 18 | D24: × | E24: × | F24: × | G24: × | H24: × | I24: × | J24: × | K24: × | L24: × | M24: × | N24: × | O24: × | P24: × | Q24: × | R24: × | S24: × | T24: × | U24: × | V24: × | W24: × | X24: × | Y24: 1 | Z24: 0 | AA24: 1 | AB24: 1 | AC24: 0 | AD24: 0 | AE24: × | AF24: × | AG24: 0 | AH24: × | AI24: 1 | AJ24: WRN_ON | AL24: =IF($AJ24="UNKNOWN"," (U1)ALERT_REQ_UNKNOWN"," (U1)"&"ALERT_REQ_"&$AW$17&"_"&IF($AW$6<>$AW$17,$AW$6&"_","")&AJ24) -> (U1)ALERT_REQ_P_OILPRE_WRN_WRN_ON | AR24: =IF(AQ89<>"",AQ89,IF(AQ88<>"","};","")) -> (U4)0x00000581U, /* 18 WRN_ON */ | AS24: =IF(AQ154<>"",AQ154,IF(AQ153<>"","};","")) -> (U4)0x000007E5U, /* 18 WRN_ON */ | AT24: =IF(AJ24<>"",AL24&IF(AJ25<>"",","," ")&REPT(" ",78-LEN(AL24))&"/* "&IF(C24<10,"0"&C24,C24)&" "&AJ24&REPT(" ",48-LEN(AJ24))&"*/",IF(AJ23<>"","};","")) -> (U1)ALERT_REQ_P_OILPRE_WRN_WRN_ON, /* 18 WRN_ON */
C25: =ROW()-ROW($C$6) -> 19 | D25: × | E25: × | F25: × | G25: × | H25: × | I25: × | J25: × | K25: × | L25: × | M25: × | N25: × | O25: × | P25: × | Q25: × | R25: × | S25: × | T25: × | U25: × | V25: × | W25: × | X25: × | Y25: 1 | Z25: 0 | AA25: 1 | AB25: 1 | AC25: 0 | AD25: 0 | AE25: × | AF25: × | AG25: 0 | AH25: 1 | AI25: 0 | AJ25: WRN_FLSH | AL25: =IF($AJ25="UNKNOWN"," (U1)ALERT_REQ_UNKNOWN"," (U1)"&"ALERT_REQ_"&$AW$17&"_"&IF($AW$6<>$AW$17,$AW$6&"_","")&AJ25) -> (U1)ALERT_REQ_P_OILPRE_WRN_WRN_FLSH | AR25: =IF(AQ90<>"",AQ90,IF(AQ89<>"","};","")) -> (U4)0x00000582U, /* 19 WRN_FLSH */ | AS25: =IF(AQ155<>"",AQ155,IF(AQ154<>"","};","")) -> (U4)0x000007E7U, /* 19 WRN_FLSH */ | AT25: =IF(AJ25<>"",AL25&IF(AJ26<>"",","," ")&REPT(" ",78-LEN(AL25))&"/* "&IF(C25<10,"0"&C25,C25)&" "&AJ25&REPT(" ",48-LEN(AJ25))&"*/",IF(AJ24<>"","};","")) -> (U1)ALERT_REQ_P_OILPRE_WRN_WRN_FLSH, /* 19 WRN_FLSH */
C26: =ROW()-ROW($C$6) -> 20 | D26: × | E26: × | F26: × | G26: × | H26: × | I26: × | J26: × | K26: × | L26: × | M26: × | N26: × | O26: × | P26: × | Q26: × | R26: × | S26: × | T26: × | U26: × | V26: × | W26: × | X26: × | Y26: 1 | Z26: 0 | AA26: 1 | AB26: 1 | AC26: 0 | AD26: × | AE26: × | AF26: × | AG26: 1 | AH26: × | AI26: × | AJ26: TT_ON | AL26: =IF($AJ26="UNKNOWN"," (U1)ALERT_REQ_UNKNOWN"," (U1)"&"ALERT_REQ_"&$AW$17&"_"&IF($AW$6<>$AW$17,$AW$6&"_","")&AJ26) -> (U1)ALERT_REQ_P_OILPRE_WRN_TT_ON | AR26: =IF(AQ91<>"",AQ91,IF(AQ90<>"","};","")) -> (U4)0x00000584U, /* 20 TT_ON */ | AS26: =IF(AQ156<>"",AQ156,IF(AQ155<>"","};","")) -> (U4)0x000007C4U, /* 20 TT_ON */ | AT26: =IF(AJ26<>"",AL26&IF(AJ27<>"",","," ")&REPT(" ",78-LEN(AL26))&"/* "&IF(C26<10,"0"&C26,C26)&" "&AJ26&REPT(" ",48-LEN(AJ26))&"*/",IF(AJ25<>"","};","")) -> (U1)ALERT_REQ_P_OILPRE_WRN_TT_ON, /* 20 TT_ON */
C27: =ROW()-ROW($C$6) -> 21 | D27: × | E27: × | F27: × | G27: × | H27: × | I27: × | J27: × | K27: × | L27: × | M27: × | N27: × | O27: × | P27: × | Q27: × | R27: × | S27: × | T27: × | U27: × | V27: × | W27: × | X27: × | Y27: 1 | Z27: 0 | AA27: 1 | AB27: 1 | AC27: 0 | AD27: 1 | AE27: × | AF27: × | AG27: 0 | AH27: 0 | AI27: 1 | AJ27: WRN_ON | AL27: =IF($AJ27="UNKNOWN"," (U1)ALERT_REQ_UNKNOWN"," (U1)"&"ALERT_REQ_"&$AW$17&"_"&IF($AW$6<>$AW$17,$AW$6&"_","")&AJ27) -> (U1)ALERT_REQ_P_OILPRE_WRN_WRN_ON | AR27: =IF(AQ92<>"",AQ92,IF(AQ91<>"","};","")) -> (U4)0x000005A1U, /* 21 WRN_ON */ | AS27: =IF(AQ157<>"",AQ157,IF(AQ156<>"","};","")) -> (U4)0x000007E7U, /* 21 WRN_ON */ | AT27: =IF(AJ27<>"",AL27&IF(AJ28<>"",","," ")&REPT(" ",78-LEN(AL27))&"/* "&IF(C27<10,"0"&C27,C27)&" "&AJ27&REPT(" ",48-LEN(AJ27))&"*/",IF(AJ26<>"","};","")) -> (U1)ALERT_REQ_P_OILPRE_WRN_WRN_ON, /* 21 WRN_ON */
C28: =ROW()-ROW($C$6) -> 22 | D28: × | E28: × | F28: × | G28: × | H28: × | I28: × | J28: × | K28: × | L28: × | M28: × | N28: × | O28: × | P28: × | Q28: × | R28: × | S28: × | T28: × | U28: × | V28: × | W28: × | X28: × | Y28: 1 | Z28: 0 | AA28: 1 | AB28: 1 | AC28: 0 | AD28: 1 | AE28: 0 | AF28: × | AG28: 0 | AH28: 1 | AI28: × | AJ28: WRN_ON | AL28: =IF($AJ28="UNKNOWN"," (U1)ALERT_REQ_UNKNOWN"," (U1)"&"ALERT_REQ_"&$AW$17&"_"&IF($AW$6<>$AW$17,$AW$6&"_","")&AJ28) -> (U1)ALERT_REQ_P_OILPRE_WRN_WRN_ON | AR28: =IF(AQ93<>"",AQ93,IF(AQ92<>"","};","")) -> (U4)0x000005A2U, /* 22 WRN_ON */ | AS28: =IF(AQ158<>"",AQ158,IF(AQ157<>"","};","")) -> (U4)0x000007F6U, /* 22 WRN_ON */ | AT28: =IF(AJ28<>"",AL28&IF(AJ29<>"",","," ")&REPT(" ",78-LEN(AL28))&"/* "&IF(C28<10,"0"&C28,C28)&" "&AJ28&REPT(" ",48-LEN(AJ28))&"*/",IF(AJ27<>"","};","")) -> (U1)ALERT_REQ_P_OILPRE_WRN_WRN_ON, /* 22 WRN_ON */
C29: =ROW()-ROW($C$6) -> 23 | D29: × | E29: × | F29: × | G29: × | H29: × | I29: × | J29: × | K29: × | L29: × | M29: × | N29: × | O29: × | P29: × | Q29: × | R29: × | S29: × | T29: × | U29: × | V29: × | W29: × | X29: × | Y29: 1 | Z29: 0 | AA29: 1 | AB29: 1 | AC29: 0 | AD29: 1 | AE29: 1 | AF29: × | AG29: 0 | AH29: 1 | AI29: 0 | AJ29: WRN_FLSH | AL29: =IF($AJ29="UNKNOWN"," (U1)ALERT_REQ_UNKNOWN"," (U1)"&"ALERT_REQ_"&$AW$17&"_"&IF($AW$6<>$AW$17,$AW$6&"_","")&AJ29) -> (U1)ALERT_REQ_P_OILPRE_WRN_WRN_FLSH | AR29: =IF(AQ94<>"",AQ94,IF(AQ93<>"","};","")) -> (U4)0x000005B2U, /* 23 WRN_FLSH */ | AS29: =IF(AQ159<>"",AQ159,IF(AQ158<>"","};","")) -> (U4)0x000007F7U, /* 23 WRN_FLSH */ | AT29: =IF(AJ29<>"",AL29&IF(AJ30<>"",","," ")&REPT(" ",78-LEN(AL29))&"/* "&IF(C29<10,"0"&C29,C29)&" "&AJ29&REPT(" ",48-LEN(AJ29))&"*/",IF(AJ28<>"","};","")) -> (U1)ALERT_REQ_P_OILPRE_WRN_WRN_FLSH, /* 23 WRN_FLSH */
C30: =ROW()-ROW($C$6) -> 24 | D30: × | E30: × | F30: × | G30: × | H30: × | I30: × | J30: × | K30: × | L30: × | M30: × | N30: × | O30: × | P30: × | Q30: × | R30: × | S30: × | T30: × | U30: × | V30: × | W30: × | X30: × | Y30: 1 | Z30: 0 | AA30: 1 | AB30: 1 | AC30: 0 | AD30: 1 | AE30: 1 | AF30: × | AG30: 0 | AH30: 1 | AI30: 1 | AJ30: WRN_ON | AL30: =IF($AJ30="UNKNOWN"," (U1)ALERT_REQ_UNKNOWN"," (U1)"&"ALERT_REQ_"&$AW$17&"_"&IF($AW$6<>$AW$17,$AW$6&"_","")&AJ30) -> (U1)ALERT_REQ_P_OILPRE_WRN_WRN_ON | AR30: =IF(AQ95<>"",AQ95,IF(AQ94<>"","};","")) -> (U4)0x000005B3U, /* 24 WRN_ON */ | AS30: =IF(AQ160<>"",AQ160,IF(AQ159<>"","};","")) -> (U4)0x000007F7U, /* 24 WRN_ON */ | AT30: =IF(AJ30<>"",AL30&IF(AJ31<>"",","," ")&REPT(" ",78-LEN(AL30))&"/* "&IF(C30<10,"0"&C30,C30)&" "&AJ30&REPT(" ",48-LEN(AJ30))&"*/",IF(AJ29<>"","};","")) -> (U1)ALERT_REQ_P_OILPRE_WRN_WRN_ON, /* 24 WRN_ON */
C31: =ROW()-ROW($C$6) -> 25 | D31: × | E31: × | F31: × | G31: × | H31: × | I31: × | J31: × | K31: × | L31: × | M31: × | N31: × | O31: × | P31: × | Q31: × | R31: × | S31: × | T31: × | U31: × | V31: × | W31: × | X31: × | Y31: 1 | Z31: 0 | AA31: 1 | AB31: 1 | AC31: 1 | AD31: 0 | AE31: × | AF31: 0 | AG31: 0 | AH31: 0 | AI31: 0 | AJ31: TT_ON | AL31: =IF($AJ31="UNKNOWN"," (U1)ALERT_REQ_UNKNOWN"," (U1)"&"ALERT_REQ_"&$AW$17&"_"&IF($AW$6<>$AW$17,$AW$6&"_","")&AJ31) -> (U1)ALERT_REQ_P_OILPRE_WRN_TT_ON | AR31: =IF(AQ96<>"",AQ96,IF(AQ95<>"","};","")) -> (U4)0x000005C0U, /* 25 TT_ON */ | AS31: =IF(AQ161<>"",AQ161,IF(AQ160<>"","};","")) -> (U4)0x000007EFU, /* 25 TT_ON */ | AT31: =IF(AJ31<>"",AL31&IF(AJ32<>"",","," ")&REPT(" ",78-LEN(AL31))&"/* "&IF(C31<10,"0"&C31,C31)&" "&AJ31&REPT(" ",48-LEN(AJ31))&"*/",IF(AJ30<>"","};","")) -> (U1)ALERT_REQ_P_OILPRE_WRN_TT_ON, /* 25 TT_ON */
C32: =ROW()-ROW($C$6) -> 26 | D32: × | E32: × | F32: × | G32: × | H32: × | I32: × | J32: × | K32: × | L32: × | M32: × | N32: × | O32: × | P32: × | Q32: × | R32: × | S32: × | T32: × | U32: × | V32: × | W32: × | X32: × | Y32: 1 | Z32: 0 | AA32: 1 | AB32: 1 | AC32: 1 | AD32: 0 | AE32: × | AF32: 0 | AG32: 0 | AH32: × | AI32: 1 | AJ32: WRN_ON | AL32: =IF($AJ32="UNKNOWN"," (U1)ALERT_REQ_UNKNOWN"," (U1)"&"ALERT_REQ_"&$AW$17&"_"&IF($AW$6<>$AW$17,$AW$6&"_","")&AJ32) -> (U1)ALERT_REQ_P_OILPRE_WRN_WRN_ON | AR32: =IF(AQ97<>"",AQ97,IF(AQ96<>"","};","")) -> (U4)0x000005C1U, /* 26 WRN_ON */ | AS32: =IF(AQ162<>"",AQ162,IF(AQ161<>"","};","")) -> (U4)0x000007EDU, /* 26 WRN_ON */ | AT32: =IF(AJ32<>"",AL32&IF(AJ33<>"",","," ")&REPT(" ",78-LEN(AL32))&"/* "&IF(C32<10,"0"&C32,C32)&" "&AJ32&REPT(" ",48-LEN(AJ32))&"*/",IF(AJ31<>"","};","")) -> (U1)ALERT_REQ_P_OILPRE_WRN_WRN_ON, /* 26 WRN_ON */
C33: =ROW()-ROW($C$6) -> 27 | D33: × | E33: × | F33: × | G33: × | H33: × | I33: × | J33: × | K33: × | L33: × | M33: × | N33: × | O33: × | P33: × | Q33: × | R33: × | S33: × | T33: × | U33: × | V33: × | W33: × | X33: × | Y33: 1 | Z33: 0 | AA33: 1 | AB33: 1 | AC33: 1 | AD33: 0 | AE33: × | AF33: 0 | AG33: 0 | AH33: 1 | AI33: 0 | AJ33: WRN_FLSH | AL33: =IF($AJ33="UNKNOWN"," (U1)ALERT_REQ_UNKNOWN"," (U1)"&"ALERT_REQ_"&$AW$17&"_"&IF($AW$6<>$AW$17,$AW$6&"_","")&AJ33) -> (U1)ALERT_REQ_P_OILPRE_WRN_WRN_FLSH | AR33: =IF(AQ98<>"",AQ98,IF(AQ97<>"","};","")) -> (U4)0x000005C2U, /* 27 WRN_FLSH */ | AS33: =IF(AQ163<>"",AQ163,IF(AQ162<>"","};","")) -> (U4)0x000007EFU, /* 27 WRN_FLSH */ | AT33: =IF(AJ33<>"",AL33&IF(AJ34<>"",","," ")&REPT(" ",78-LEN(AL33))&"/* "&IF(C33<10,"0"&C33,C33)&" "&AJ33&REPT(" ",48-LEN(AJ33))&"*/",IF(AJ32<>"","};","")) -> (U1)ALERT_REQ_P_OILPRE_WRN_WRN_FLSH, /* 27 WRN_FLSH */
C34: =ROW()-ROW($C$6) -> 28 | D34: × | E34: × | F34: × | G34: × | H34: × | I34: × | J34: × | K34: × | L34: × | M34: × | N34: × | O34: × | P34: × | Q34: × | R34: × | S34: × | T34: × | U34: × | V34: × | W34: × | X34: × | Y34: 1 | Z34: 0 | AA34: 1 | AB34: 1 | AC34: 1 | AD34: 0 | AE34: × | AF34: 0 | AG34: 1 | AH34: × | AI34: × | AJ34: TT_ON | AL34: =IF($AJ34="UNKNOWN"," (U1)ALERT_REQ_UNKNOWN"," (U1)"&"ALERT_REQ_"&$AW$17&"_"&IF($AW$6<>$AW$17,$AW$6&"_","")&AJ34) -> (U1)ALERT_REQ_P_OILPRE_WRN_TT_ON | AR34: =IF(AQ99<>"",AQ99,IF(AQ98<>"","};","")) -> (U4)0x000005C4U, /* 28 TT_ON */ | AS34: =IF(AQ164<>"",AQ164,IF(AQ163<>"","};","")) -> (U4)0x000007ECU, /* 28 TT_ON */ | AT34: =IF(AJ34<>"",AL34&IF(AJ35<>"",","," ")&REPT(" ",78-LEN(AL34))&"/* "&IF(C34<10,"0"&C34,C34)&" "&AJ34&REPT(" ",48-LEN(AJ34))&"*/",IF(AJ33<>"","};","")) -> (U1)ALERT_REQ_P_OILPRE_WRN_TT_ON, /* 28 TT_ON */
C35: =ROW()-ROW($C$6) -> 29 | D35: × | E35: × | F35: × | G35: × | H35: × | I35: × | J35: × | K35: × | L35: × | M35: × | N35: × | O35: × | P35: × | Q35: × | R35: × | S35: × | T35: × | U35: × | V35: × | W35: × | X35: × | Y35: 1 | Z35: 0 | AA35: 1 | AB35: 1 | AC35: 1 | AD35: 0 | AE35: × | AF35: 1 | AG35: × | AH35: × | AI35: × | AJ35: WRN_FLSH | AL35: =IF($AJ35="UNKNOWN"," (U1)ALERT_REQ_UNKNOWN"," (U1)"&"ALERT_REQ_"&$AW$17&"_"&IF($AW$6<>$AW$17,$AW$6&"_","")&AJ35) -> (U1)ALERT_REQ_P_OILPRE_WRN_WRN_FLSH | AR35: =IF(AQ100<>"",AQ100,IF(AQ99<>"","};","")) -> (U4)0x000005C8U, /* 29 WRN_FLSH */ | AS35: =IF(AQ165<>"",AQ165,IF(AQ164<>"","};","")) -> (U4)0x000007E8U, /* 29 WRN_FLSH */ | AT35: =IF(AJ35<>"",AL35&IF(AJ36<>"",","," ")&REPT(" ",78-LEN(AL35))&"/* "&IF(C35<10,"0"&C35,C35)&" "&AJ35&REPT(" ",48-LEN(AJ35))&"*/",IF(AJ34<>"","};","")) -> (U1)ALERT_REQ_P_OILPRE_WRN_WRN_FLSH, /* 29 WRN_FLSH */
C36: =ROW()-ROW($C$6) -> 30 | D36: × | E36: × | F36: × | G36: × | H36: × | I36: × | J36: × | K36: × | L36: × | M36: × | N36: × | O36: × | P36: × | Q36: × | R36: × | S36: × | T36: × | U36: × | V36: × | W36: × | X36: × | Y36: 1 | Z36: 1 | AA36: 1 | AB36: × | AC36: × | AD36: × | AE36: × | AF36: × | AG36: × | AH36: × | AI36: × | AJ36: WRN_FLSH | AL36: =IF($AJ36="UNKNOWN"," (U1)ALERT_REQ_UNKNOWN"," (U1)"&"ALERT_REQ_"&$AW$17&"_"&IF($AW$6<>$AW$17,$AW$6&"_","")&AJ36) -> (U1)ALERT_REQ_P_OILPRE_WRN_WRN_FLSH | AR36: =IF(AQ101<>"",AQ101,IF(AQ100<>"","};","")) -> (U4)0x00000700U /* 30 WRN_FLSH */ | AS36: =IF(AQ166<>"",AQ166,IF(AQ165<>"","};","")) -> (U4)0x00000700U /* 30 WRN_FLSH */ | AT36: =IF(AJ36<>"",AL36&IF(AJ37<>"",","," ")&REPT(" ",78-LEN(AL36))&"/* "&IF(C36<10,"0"&C36,C36)&" "&AJ36&REPT(" ",48-LEN(AJ36))&"*/",IF(AJ35<>"","};","")) -> (U1)ALERT_REQ_P_OILPRE_WRN_WRN_FLSH /* 30 WRN_FLSH */
C37: =ROW()-ROW($C$6) -> 31 | D37: × | E37: × | F37: × | G37: × | H37: × | I37: × | J37: × | K37: × | L37: × | M37: × | N37: × | O37: × | P37: × | Q37: × | R37: × | S37: × | T37: × | U37: × | V37: × | W37: × | X37: × | Y37: × | Z37: × | AA37: × | AB37: × | AC37: × | AD37: × | AE37: × | AF37: × | AG37: × | AH37: × | AI37: × | AL37: =IF($AJ37="UNKNOWN"," (U1)ALERT_REQ_UNKNOWN"," (U1)"&"ALERT_REQ_"&$AW$17&"_"&IF($AW$6<>$AW$17,$AW$6&"_","")&AJ37) -> (U1)ALERT_REQ_P_OILPRE_WRN_ | AR37: =IF(AQ102<>"",AQ102,IF(AQ101<>"","};","")) -> }; | AS37: =IF(AQ167<>"",AQ167,IF(AQ166<>"","};","")) -> }; | AT37: =IF(AJ37<>"",AL37&IF(AJ38<>"",","," ")&REPT(" ",78-LEN(AL37))&"/* "&IF(C37<10,"0"&C37,C37)&" "&AJ37&REPT(" ",48-LEN(AJ37))&"*/",IF(AJ36<>"","};","")) -> };
C38: =ROW()-ROW($C$6) -> 32 | D38: × | E38: × | F38: × | G38: × | H38: × | I38: × | J38: × | K38: × | L38: × | M38: × | N38: × | O38: × | P38: × | Q38: × | R38: × | S38: × | T38: × | U38: × | V38: × | W38: × | X38: × | Y38: × | Z38: × | AA38: × | AB38: × | AC38: × | AD38: × | AE38: × | AF38: × | AG38: × | AH38: × | AI38: × | AL38: =IF($AJ38="UNKNOWN"," (U1)ALERT_REQ_UNKNOWN"," (U1)"&"ALERT_REQ_"&$AW$17&"_"&IF($AW$6<>$AW$17,$AW$6&"_","")&AJ38) -> (U1)ALERT_REQ_P_OILPRE_WRN_ | AR38: =IF(AQ103<>"",AQ103,IF(AQ102<>"","};","")) | AS38: =IF(AQ168<>"",AQ168,IF(AQ167<>"","};","")) | AT38: =IF(AJ38<>"",AL38&IF(AJ39<>"",","," ")&REPT(" ",78-LEN(AL38))&"/* "&IF(C38<10,"0"&C38,C38)&" "&AJ38&REPT(" ",48-LEN(AJ38))&"*/",IF(AJ37<>"","};",""))
C39: =ROW()-ROW($C$6) -> 33 | D39: × | E39: × | F39: × | G39: × | H39: × | I39: × | J39: × | K39: × | L39: × | M39: × | N39: × | O39: × | P39: × | Q39: × | R39: × | S39: × | T39: × | U39: × | V39: × | W39: × | X39: × | Y39: × | Z39: × | AA39: × | AB39: × | AC39: × | AD39: × | AE39: × | AF39: × | AG39: × | AH39: × | AI39: × | AL39: =IF($AJ39="UNKNOWN"," (U1)ALERT_REQ_UNKNOWN"," (U1)"&"ALERT_REQ_"&$AW$17&"_"&IF($AW$6<>$AW$17,$AW$6&"_","")&AJ39) -> (U1)ALERT_REQ_P_OILPRE_WRN_ | AR39: =IF(AQ104<>"",AQ104,IF(AQ103<>"","};","")) | AS39: =IF(AQ169<>"",AQ169,IF(AQ168<>"","};","")) | AT39: =IF(AJ39<>"",AL39&IF(AJ40<>"",","," ")&REPT(" ",78-LEN(AL39))&"/* "&IF(C39<10,"0"&C39,C39)&" "&AJ39&REPT(" ",48-LEN(AJ39))&"*/",IF(AJ38<>"","};",""))
C40: =ROW()-ROW($C$6) -> 34 | D40: × | E40: × | F40: × | G40: × | H40: × | I40: × | J40: × | K40: × | L40: × | M40: × | N40: × | O40: × | P40: × | Q40: × | R40: × | S40: × | T40: × | U40: × | V40: × | W40: × | X40: × | Y40: × | Z40: × | AA40: × | AB40: × | AC40: × | AD40: × | AE40: × | AF40: × | AG40: × | AH40: × | AI40: × | AL40: =IF($AJ40="UNKNOWN"," (U1)ALERT_REQ_UNKNOWN"," (U1)"&"ALERT_REQ_"&$AW$17&"_"&IF($AW$6<>$AW$17,$AW$6&"_","")&AJ40) -> (U1)ALERT_REQ_P_OILPRE_WRN_ | AR40: =IF(AQ105<>"",AQ105,IF(AQ104<>"","};","")) | AS40: =IF(AQ170<>"",AQ170,IF(AQ169<>"","};","")) | AT40: =IF(AJ40<>"",AL40&IF(AJ41<>"",","," ")&REPT(" ",78-LEN(AL40))&"/* "&IF(C40<10,"0"&C40,C40)&" "&AJ40&REPT(" ",48-LEN(AJ40))&"*/",IF(AJ39<>"","};",""))
C41: =ROW()-ROW($C$6) -> 35 | D41: × | E41: × | F41: × | G41: × | H41: × | I41: × | J41: × | K41: × | L41: × | M41: × | N41: × | O41: × | P41: × | Q41: × | R41: × | S41: × | T41: × | U41: × | V41: × | W41: × | X41: × | Y41: × | Z41: × | AA41: × | AB41: × | AC41: × | AD41: × | AE41: × | AF41: × | AG41: × | AH41: × | AI41: × | AL41: =IF($AJ41="UNKNOWN"," (U1)ALERT_REQ_UNKNOWN"," (U1)"&"ALERT_REQ_"&$AW$17&"_"&IF($AW$6<>$AW$17,$AW$6&"_","")&AJ41) -> (U1)ALERT_REQ_P_OILPRE_WRN_ | AR41: =IF(AQ106<>"",AQ106,IF(AQ105<>"","};","")) | AS41: =IF(AQ171<>"",AQ171,IF(AQ170<>"","};","")) | AT41: =IF(AJ41<>"",AL41&IF(AJ42<>"",","," ")&REPT(" ",78-LEN(AL41))&"/* "&IF(C41<10,"0"&C41,C41)&" "&AJ41&REPT(" ",48-LEN(AJ41))&"*/",IF(AJ40<>"","};",""))
C42: =ROW()-ROW($C$6) -> 36 | D42: × | E42: × | F42: × | G42: × | H42: × | I42: × | J42: × | K42: × | L42: × | M42: × | N42: × | O42: × | P42: × | Q42: × | R42: × | S42: × | T42: × | U42: × | V42: × | W42: × | X42: × | Y42: × | Z42: × | AA42: × | AB42: × | AC42: × | AD42: × | AE42: × | AF42: × | AG42: × | AH42: × | AI42: × | AL42: =IF($AJ42="UNKNOWN"," (U1)ALERT_REQ_UNKNOWN"," (U1)"&"ALERT_REQ_"&$AW$17&"_"&IF($AW$6<>$AW$17,$AW$6&"_","")&AJ42) -> (U1)ALERT_REQ_P_OILPRE_WRN_ | AR42: =IF(AQ107<>"",AQ107,IF(AQ106<>"","};","")) | AS42: =IF(AQ172<>"",AQ172,IF(AQ171<>"","};","")) | AT42: =IF(AJ42<>"",AL42&IF(AJ43<>"",","," ")&REPT(" ",78-LEN(AL42))&"/* "&IF(C42<10,"0"&C42,C42)&" "&AJ42&REPT(" ",48-LEN(AJ42))&"*/",IF(AJ41<>"","};",""))
C43: =ROW()-ROW($C$6) -> 37 | D43: × | E43: × | F43: × | G43: × | H43: × | I43: × | J43: × | K43: × | L43: × | M43: × | N43: × | O43: × | P43: × | Q43: × | R43: × | S43: × | T43: × | U43: × | V43: × | W43: × | X43: × | Y43: × | Z43: × | AA43: × | AB43: × | AC43: × | AD43: × | AE43: × | AF43: × | AG43: × | AH43: × | AI43: × | AL43: =IF($AJ43="UNKNOWN"," (U1)ALERT_REQ_UNKNOWN"," (U1)"&"ALERT_REQ_"&$AW$17&"_"&IF($AW$6<>$AW$17,$AW$6&"_","")&AJ43) -> (U1)ALERT_REQ_P_OILPRE_WRN_ | AR43: =IF(AQ108<>"",AQ108,IF(AQ107<>"","};","")) | AS43: =IF(AQ173<>"",AQ173,IF(AQ172<>"","};","")) | AT43: =IF(AJ43<>"",AL43&IF(AJ44<>"",","," ")&REPT(" ",78-LEN(AL43))&"/* "&IF(C43<10,"0"&C43,C43)&" "&AJ43&REPT(" ",48-LEN(AJ43))&"*/",IF(AJ42<>"","};",""))
C44: =ROW()-ROW($C$6) -> 38 | D44: × | E44: × | F44: × | G44: × | H44: × | I44: × | J44: × | K44: × | L44: × | M44: × | N44: × | O44: × | P44: × | Q44: × | R44: × | S44: × | T44: × | U44: × | V44: × | W44: × | X44: × | Y44: × | Z44: × | AA44: × | AB44: × | AC44: × | AD44: × | AE44: × | AF44: × | AG44: × | AH44: × | AI44: × | AL44: =IF($AJ44="UNKNOWN"," (U1)ALERT_REQ_UNKNOWN"," (U1)"&"ALERT_REQ_"&$AW$17&"_"&IF($AW$6<>$AW$17,$AW$6&"_","")&AJ44) -> (U1)ALERT_REQ_P_OILPRE_WRN_ | AR44: =IF(AQ109<>"",AQ109,IF(AQ108<>"","};","")) | AS44: =IF(AQ174<>"",AQ174,IF(AQ173<>"","};","")) | AT44: =IF(AJ44<>"",AL44&IF(AJ45<>"",","," ")&REPT(" ",78-LEN(AL44))&"/* "&IF(C44<10,"0"&C44,C44)&" "&AJ44&REPT(" ",48-LEN(AJ44))&"*/",IF(AJ43<>"","};",""))
C45: =ROW()-ROW($C$6) -> 39 | D45: × | E45: × | F45: × | G45: × | H45: × | I45: × | J45: × | K45: × | L45: × | M45: × | N45: × | O45: × | P45: × | Q45: × | R45: × | S45: × | T45: × | U45: × | V45: × | W45: × | X45: × | Y45: × | Z45: × | AA45: × | AB45: × | AC45: × | AD45: × | AE45: × | AF45: × | AG45: × | AH45: × | AI45: × | AL45: =IF($AJ45="UNKNOWN"," (U1)ALERT_REQ_UNKNOWN"," (U1)"&"ALERT_REQ_"&$AW$17&"_"&IF($AW$6<>$AW$17,$AW$6&"_","")&AJ45) -> (U1)ALERT_REQ_P_OILPRE_WRN_ | AR45: =IF(AQ110<>"",AQ110,IF(AQ109<>"","};","")) | AS45: =IF(AQ175<>"",AQ175,IF(AQ174<>"","};","")) | AT45: =IF(AJ45<>"",AL45&IF(AJ46<>"",","," ")&REPT(" ",78-LEN(AL45))&"/* "&IF(C45<10,"0"&C45,C45)&" "&AJ45&REPT(" ",48-LEN(AJ45))&"*/",IF(AJ44<>"","};",""))
C46: =ROW()-ROW($C$6) -> 40 | D46: × | E46: × | F46: × | G46: × | H46: × | I46: × | J46: × | K46: × | L46: × | M46: × | N46: × | O46: × | P46: × | Q46: × | R46: × | S46: × | T46: × | U46: × | V46: × | W46: × | X46: × | Y46: × | Z46: × | AA46: × | AB46: × | AC46: × | AD46: × | AE46: × | AF46: × | AG46: × | AH46: × | AI46: × | AL46: =IF($AJ46="UNKNOWN"," (U1)ALERT_REQ_UNKNOWN"," (U1)"&"ALERT_REQ_"&$AW$17&"_"&IF($AW$6<>$AW$17,$AW$6&"_","")&AJ46) -> (U1)ALERT_REQ_P_OILPRE_WRN_ | AR46: =IF(AQ111<>"",AQ111,IF(AQ110<>"","};","")) | AS46: =IF(AQ176<>"",AQ176,IF(AQ175<>"","};","")) | AT46: =IF(AJ46<>"",AL46&IF(AJ47<>"",","," ")&REPT(" ",78-LEN(AL46))&"/* "&IF(C46<10,"0"&C46,C46)&" "&AJ46&REPT(" ",48-LEN(AJ46))&"*/",IF(AJ45<>"","};",""))
C47: =ROW()-ROW($C$6) -> 41 | D47: × | E47: × | F47: × | G47: × | H47: × | I47: × | J47: × | K47: × | L47: × | M47: × | N47: × | O47: × | P47: × | Q47: × | R47: × | S47: × | T47: × | U47: × | V47: × | W47: × | X47: × | Y47: × | Z47: × | AA47: × | AB47: × | AC47: × | AD47: × | AE47: × | AF47: × | AG47: × | AH47: × | AI47: × | AL47: =IF($AJ47="UNKNOWN"," (U1)ALERT_REQ_UNKNOWN"," (U1)"&"ALERT_REQ_"&$AW$17&"_"&IF($AW$6<>$AW$17,$AW$6&"_","")&AJ47) -> (U1)ALERT_REQ_P_OILPRE_WRN_ | AR47: =IF(AQ112<>"",AQ112,IF(AQ111<>"","};","")) | AS47: =IF(AQ177<>"",AQ177,IF(AQ176<>"","};","")) | AT47: =IF(AJ47<>"",AL47&IF(AJ48<>"",","," ")&REPT(" ",78-LEN(AL47))&"/* "&IF(C47<10,"0"&C47,C47)&" "&AJ47&REPT(" ",48-LEN(AJ47))&"*/",IF(AJ46<>"","};",""))
C48: =ROW()-ROW($C$6) -> 42 | D48: × | E48: × | F48: × | G48: × | H48: × | I48: × | J48: × | K48: × | L48: × | M48: × | N48: × | O48: × | P48: × | Q48: × | R48: × | S48: × | T48: × | U48: × | V48: × | W48: × | X48: × | Y48: × | Z48: × | AA48: × | AB48: × | AC48: × | AD48: × | AE48: × | AF48: × | AG48: × | AH48: × | AI48: × | AL48: =IF($AJ48="UNKNOWN"," (U1)ALERT_REQ_UNKNOWN"," (U1)"&"ALERT_REQ_"&$AW$17&"_"&IF($AW$6<>$AW$17,$AW$6&"_","")&AJ48) -> (U1)ALERT_REQ_P_OILPRE_WRN_ | AR48: =IF(AQ113<>"",AQ113,IF(AQ112<>"","};","")) | AS48: =IF(AQ178<>"",AQ178,IF(AQ177<>"","};","")) | AT48: =IF(AJ48<>"",AL48&IF(AJ49<>"",","," ")&REPT(" ",78-LEN(AL48))&"/* "&IF(C48<10,"0"&C48,C48)&" "&AJ48&REPT(" ",48-LEN(AJ48))&"*/",IF(AJ47<>"","};",""))
... C69: =ROW()-ROW($C$6) -> 63 | D69: × | E69: × | F69: × | G69: × | H69: × | I69: × | J69: × | K69: × | L69: × | M69: × | N69: × | O69: × | P69: × | Q69: × | R69: × | S69: × | T69: × | U69: × | V69: × | W69: × | X69: × | Y69: × | Z69: × | AA69: × | AB69: × | AC69: × | AD69: × | AE69: × | AF69: × | AG69: × | AH69: × | AI69: × | AL69: =IF($AJ69="UNKNOWN"," (U1)ALERT_REQ_UNKNOWN"," (U1)"&"ALERT_REQ_"&$AW$17&"_"&IF($AW$6<>$AW$17,$AW$6&"_","")&AJ69) -> (U1)ALERT_REQ_P_OILPRE_WRN_ | AR69: =IF(AQ134<>"",AQ134,IF(AQ133<>"","};","")) | AS69: =IF(AQ199<>"",AQ199,IF(AQ198<>"","};","")) | AT69: =IF(AJ69<>"",AL69&IF(AJ70<>"",","," ")&REPT(" ",78-LEN(AL69))&"/* "&IF(C69<10,"0"&C69,C69)&" "&AJ69&REPT(" ",48-LEN(AJ69))&"*/",IF(AJ68<>"","};",""))
A70: Criteria | AR70: =IF(AQ135<>"",AQ135,IF(AQ134<>"","};","")) | AS70: =IF(AQ200<>"",AQ200,IF(AQ199<>"","};","")) | AT70: =IF(AJ70<>"",AL70&IF(AJ71<>"",","," ")&REPT(" ",78-LEN(AL70))&"/* "&IF(C70<10,"0"&C70,C70)&" "&AJ70&REPT(" ",48-LEN(AJ70))&"*/",IF(AJ69<>"","};",""))
B71: =IF(B6<>"",B6,"") -> Table WRN | C71: =IF(C6<>"",C6,"") -> 0 | D71: =IF(D6=1,1,0) -> 0 | E71: =IF(E6=1,1,0) -> 0 | F71: =IF(F6=1,1,0) -> 0 | G71: =IF(G6=1,1,0) -> 0 | H71: =IF(H6=1,1,0) -> 0 | I71: =IF(I6=1,1,0) -> 0 | J71: =IF(J6=1,1,0) -> 0 | K71: =IF(K6=1,1,0) -> 0 | ... AI71: =IF(AI6=1,1,0) -> 0 | AJ71: =IF(AJ6<>"",AJ6,"") -> TT_ON | AL71: =BIN2HEX(AB71&AC71&AD71&AE71&AF71&AG71&AH71&AI71,2) -> 80 | AM71: =BIN2HEX(T71&U71&V71&W71&X71&Y71&Z71&AA71,2) -> 00 | AN71: =BIN2HEX(L71&M71&N71&O71&P71&Q71&R71&S71,2) -> 00 | AO71: =BIN2HEX(D71&E71&F71&G71&H71&I71&J71&K71,2) -> 00 | AQ71: =IF(AJ71="",""," (U4)0x"&AO71&AN71&AM71&AL71&"U"&IF(AJ72=""," ",",")&REPT(" ",59)&"/* "&IF(C71<10,"0"&C71,C71)&" "&AJ71&REPT(" ",47-LEN(AJ71))&" */") -> (U4)0x00000080U, /* 00 TT_ON */
C72: =IF(C7<>"",C7,"") -> 1 | D72: =IF(D7=1,1,0) -> 0 | E72: =IF(E7=1,1,0) -> 0 | F72: =IF(F7=1,1,0) -> 0 | G72: =IF(G7=1,1,0) -> 0 | H72: =IF(H7=1,1,0) -> 0 | I72: =IF(I7=1,1,0) -> 0 | J72: =IF(J7=1,1,0) -> 0 | K72: =IF(K7=1,1,0) -> 0 | ... AI72: =IF(AI7=1,1,0) -> 1 | AJ72: =IF(AJ7<>"",AJ7,"") -> WRN_ON | AL72: =BIN2HEX(AB72&AC72&AD72&AE72&AF72&AG72&AH72&AI72,2) -> 81 | AM72: =BIN2HEX(T72&U72&V72&W72&X72&Y72&Z72&AA72,2) -> 01 | AN72: =BIN2HEX(L72&M72&N72&O72&P72&Q72&R72&S72,2) -> 00 | AO72: =BIN2HEX(D72&E72&F72&G72&H72&I72&J72&K72,2) -> 00 | AQ72: =IF(AJ72="",""," (U4)0x"&AO72&AN72&AM72&AL72&"U"&IF(AJ73=""," ",",")&REPT(" ",59)&"/* "&IF(C72<10,"0"&C72,C72)&" "&AJ72&REPT(" ",47-LEN(AJ72))&" */") -> (U4)0x00000181U, /* 01 WRN_ON */
C73: =IF(C8<>"",C8,"") -> 2 | D73: =IF(D8=1,1,0) -> 0 | E73: =IF(E8=1,1,0) -> 0 | F73: =IF(F8=1,1,0) -> 0 | G73: =IF(G8=1,1,0) -> 0 | H73: =IF(H8=1,1,0) -> 0 | I73: =IF(I8=1,1,0) -> 0 | J73: =IF(J8=1,1,0) -> 0 | K73: =IF(K8=1,1,0) -> 0 | ... AI73: =IF(AI8=1,1,0) -> 1 | AJ73: =IF(AJ8<>"",AJ8,"") -> WRN_OFF | AL73: =BIN2HEX(AB73&AC73&AD73&AE73&AF73&AG73&AH73&AI73,2) -> 91 | AM73: =BIN2HEX(T73&U73&V73&W73&X73&Y73&Z73&AA73,2) -> 01 | AN73: =BIN2HEX(L73&M73&N73&O73&P73&Q73&R73&S73,2) -> 00 | AO73: =BIN2HEX(D73&E73&F73&G73&H73&I73&J73&K73,2) -> 00 | AQ73: =IF(AJ73="",""," (U4)0x"&AO73&AN73&AM73&AL73&"U"&IF(AJ74=""," ",",")&REPT(" ",59)&"/* "&IF(C73<10,"0"&C73,C73)&" "&AJ73&REPT(" ",47-LEN(AJ73))&" */") -> (U4)0x00000191U, /* 02 WRN_OFF */
C74: =IF(C9<>"",C9,"") -> 3 | D74: =IF(D9=1,1,0) -> 0 | E74: =IF(E9=1,1,0) -> 0 | F74: =IF(F9=1,1,0) -> 0 | G74: =IF(G9=1,1,0) -> 0 | H74: =IF(H9=1,1,0) -> 0 | I74: =IF(I9=1,1,0) -> 0 | J74: =IF(J9=1,1,0) -> 0 | K74: =IF(K9=1,1,0) -> 0 | ... AI74: =IF(AI9=1,1,0) -> 0 | AJ74: =IF(AJ9<>"",AJ9,"") -> WRN_FLSH | AL74: =BIN2HEX(AB74&AC74&AD74&AE74&AF74&AG74&AH74&AI74,2) -> 82 | AM74: =BIN2HEX(T74&U74&V74&W74&X74&Y74&Z74&AA74,2) -> 01 | AN74: =BIN2HEX(L74&M74&N74&O74&P74&Q74&R74&S74,2) -> 00 | AO74: =BIN2HEX(D74&E74&F74&G74&H74&I74&J74&K74,2) -> 00 | AQ74: =IF(AJ74="",""," (U4)0x"&AO74&AN74&AM74&AL74&"U"&IF(AJ75=""," ",",")&REPT(" ",59)&"/* "&IF(C74<10,"0"&C74,C74)&" "&AJ74&REPT(" ",47-LEN(AJ74))&" */") -> (U4)0x00000182U, /* 03 WRN_FLSH */
C75: =IF(C10<>"",C10,"") -> 4 | D75: =IF(D10=1,1,0) -> 0 | E75: =IF(E10=1,1,0) -> 0 | F75: =IF(F10=1,1,0) -> 0 | G75: =IF(G10=1,1,0) -> 0 | H75: =IF(H10=1,1,0) -> 0 | I75: =IF(I10=1,1,0) -> 0 | J75: =IF(J10=1,1,0) -> 0 | K75: =IF(K10=1,1,0) -> 0 | ... AI75: =IF(AI10=1,1,0) -> 1 | AJ75: =IF(AJ10<>"",AJ10,"") -> WRN_OFF | AL75: =BIN2HEX(AB75&AC75&AD75&AE75&AF75&AG75&AH75&AI75,2) -> 83 | AM75: =BIN2HEX(T75&U75&V75&W75&X75&Y75&Z75&AA75,2) -> 01 | AN75: =BIN2HEX(L75&M75&N75&O75&P75&Q75&R75&S75,2) -> 00 | AO75: =BIN2HEX(D75&E75&F75&G75&H75&I75&J75&K75,2) -> 00 | AQ75: =IF(AJ75="",""," (U4)0x"&AO75&AN75&AM75&AL75&"U"&IF(AJ76=""," ",",")&REPT(" ",59)&"/* "&IF(C75<10,"0"&C75,C75)&" "&AJ75&REPT(" ",47-LEN(AJ75))&" */") -> (U4)0x00000183U, /* 04 WRN_OFF */
C76: =IF(C11<>"",C11,"") -> 5 | D76: =IF(D11=1,1,0) -> 0 | E76: =IF(E11=1,1,0) -> 0 | F76: =IF(F11=1,1,0) -> 0 | G76: =IF(G11=1,1,0) -> 0 | H76: =IF(H11=1,1,0) -> 0 | I76: =IF(I11=1,1,0) -> 0 | J76: =IF(J11=1,1,0) -> 0 | K76: =IF(K11=1,1,0) -> 0 | ... AI76: =IF(AI11=1,1,0) -> 0 | AJ76: =IF(AJ11<>"",AJ11,"") -> WRN_ON | AL76: =BIN2HEX(AB76&AC76&AD76&AE76&AF76&AG76&AH76&AI76,2) -> A2 | AM76: =BIN2HEX(T76&U76&V76&W76&X76&Y76&Z76&AA76,2) -> 01 | AN76: =BIN2HEX(L76&M76&N76&O76&P76&Q76&R76&S76,2) -> 00 | AO76: =BIN2HEX(D76&E76&F76&G76&H76&I76&J76&K76,2) -> 00 | AQ76: =IF(AJ76="",""," (U4)0x"&AO76&AN76&AM76&AL76&"U"&IF(AJ77=""," ",",")&REPT(" ",59)&"/* "&IF(C76<10,"0"&C76,C76)&" "&AJ76&REPT(" ",47-LEN(AJ76))&" */") -> (U4)0x000001A2U, /* 05 WRN_ON */
C77: =IF(C12<>"",C12,"") -> 6 | D77: =IF(D12=1,1,0) -> 0 | E77: =IF(E12=1,1,0) -> 0 | F77: =IF(F12=1,1,0) -> 0 | G77: =IF(G12=1,1,0) -> 0 | H77: =IF(H12=1,1,0) -> 0 | I77: =IF(I12=1,1,0) -> 0 | J77: =IF(J12=1,1,0) -> 0 | K77: =IF(K12=1,1,0) -> 0 | ... AI77: =IF(AI12=1,1,0) -> 0 | AJ77: =IF(AJ12<>"",AJ12,"") -> TT_ON | AL77: =BIN2HEX(AB77&AC77&AD77&AE77&AF77&AG77&AH77&AI77,2) -> A4 | AM77: =BIN2HEX(T77&U77&V77&W77&X77&Y77&Z77&AA77,2) -> 00 | AN77: =BIN2HEX(L77&M77&N77&O77&P77&Q77&R77&S77,2) -> 00 | AO77: =BIN2HEX(D77&E77&F77&G77&H77&I77&J77&K77,2) -> 00 | AQ77: =IF(AJ77="",""," (U4)0x"&AO77&AN77&AM77&AL77&"U"&IF(AJ78=""," ",",")&REPT(" ",59)&"/* "&IF(C77<10,"0"&C77,C77)&" "&AJ77&REPT(" ",47-LEN(AJ77))&" */") -> (U4)0x000000A4U, /* 06 TT_ON */
C78: =IF(C13<>"",C13,"") -> 7 | D78: =IF(D13=1,1,0) -> 0 | E78: =IF(E13=1,1,0) -> 0 | F78: =IF(F13=1,1,0) -> 0 | G78: =IF(G13=1,1,0) -> 0 | H78: =IF(H13=1,1,0) -> 0 | I78: =IF(I13=1,1,0) -> 0 | J78: =IF(J13=1,1,0) -> 0 | K78: =IF(K13=1,1,0) -> 0 | ... AI78: =IF(AI13=1,1,0) -> 1 | AJ78: =IF(AJ13<>"",AJ13,"") -> WRN_OFF | AL78: =BIN2HEX(AB78&AC78&AD78&AE78&AF78&AG78&AH78&AI78,2) -> B1 | AM78: =BIN2HEX(T78&U78&V78&W78&X78&Y78&Z78&AA78,2) -> 01 | AN78: =BIN2HEX(L78&M78&N78&O78&P78&Q78&R78&S78,2) -> 00 | AO78: =BIN2HEX(D78&E78&F78&G78&H78&I78&J78&K78,2) -> 00 | AQ78: =IF(AJ78="",""," (U4)0x"&AO78&AN78&AM78&AL78&"U"&IF(AJ79=""," ",",")&REPT(" ",59)&"/* "&IF(C78<10,"0"&C78,C78)&" "&AJ78&REPT(" ",47-LEN(AJ78))&" */") -> (U4)0x000001B1U, /* 07 WRN_OFF */
C79: =IF(C14<>"",C14,"") -> 8 | D79: =IF(D14=1,1,0) -> 0 | E79: =IF(E14=1,1,0) -> 0 | F79: =IF(F14=1,1,0) -> 0 | G79: =IF(G14=1,1,0) -> 0 | H79: =IF(H14=1,1,0) -> 0 | I79: =IF(I14=1,1,0) -> 0 | J79: =IF(J14=1,1,0) -> 0 | K79: =IF(K14=1,1,0) -> 0 | ... AI79: =IF(AI14=1,1,0) -> 0 | AJ79: =IF(AJ14<>"",AJ14,"") -> WRN_FLSH | AL79: =BIN2HEX(AB79&AC79&AD79&AE79&AF79&AG79&AH79&AI79,2) -> B2 | AM79: =BIN2HEX(T79&U79&V79&W79&X79&Y79&Z79&AA79,2) -> 01 | AN79: =BIN2HEX(L79&M79&N79&O79&P79&Q79&R79&S79,2) -> 00 | AO79: =BIN2HEX(D79&E79&F79&G79&H79&I79&J79&K79,2) -> 00 | AQ79: =IF(AJ79="",""," (U4)0x"&AO79&AN79&AM79&AL79&"U"&IF(AJ80=""," ",",")&REPT(" ",59)&"/* "&IF(C79<10,"0"&C79,C79)&" "&AJ79&REPT(" ",47-LEN(AJ79))&" */") -> (U4)0x000001B2U, /* 08 WRN_FLSH */
C80: =IF(C15<>"",C15,"") -> 9 | D80: =IF(D15=1,1,0) -> 0 | E80: =IF(E15=1,1,0) -> 0 | F80: =IF(F15=1,1,0) -> 0 | G80: =IF(G15=1,1,0) -> 0 | H80: =IF(H15=1,1,0) -> 0 | I80: =IF(I15=1,1,0) -> 0 | J80: =IF(J15=1,1,0) -> 0 | K80: =IF(K15=1,1,0) -> 0 | ... AI80: =IF(AI15=1,1,0) -> 0 | AJ80: =IF(AJ15<>"",AJ15,"") -> TT_ON | AL80: =BIN2HEX(AB80&AC80&AD80&AE80&AF80&AG80&AH80&AI80,2) -> C0 | AM80: =BIN2HEX(T80&U80&V80&W80&X80&Y80&Z80&AA80,2) -> 00 | AN80: =BIN2HEX(L80&M80&N80&O80&P80&Q80&R80&S80,2) -> 00 | AO80: =BIN2HEX(D80&E80&F80&G80&H80&I80&J80&K80,2) -> 00 | AQ80: =IF(AJ80="",""," (U4)0x"&AO80&AN80&AM80&AL80&"U"&IF(AJ81=""," ",",")&REPT(" ",59)&"/* "&IF(C80<10,"0"&C80,C80)&" "&AJ80&REPT(" ",47-LEN(AJ80))&" */") -> (U4)0x000000C0U, /* 09 TT_ON */
C81: =IF(C16<>"",C16,"") -> 10 | D81: =IF(D16=1,1,0) -> 0 | E81: =IF(E16=1,1,0) -> 0 | F81: =IF(F16=1,1,0) -> 0 | G81: =IF(G16=1,1,0) -> 0 | H81: =IF(H16=1,1,0) -> 0 | I81: =IF(I16=1,1,0) -> 0 | J81: =IF(J16=1,1,0) -> 0 | K81: =IF(K16=1,1,0) -> 0 | ... AI81: =IF(AI16=1,1,0) -> 1 | AJ81: =IF(AJ16<>"",AJ16,"") -> WRN_ON | AL81: =BIN2HEX(AB81&AC81&AD81&AE81&AF81&AG81&AH81&AI81,2) -> C1 | AM81: =BIN2HEX(T81&U81&V81&W81&X81&Y81&Z81&AA81,2) -> 01 | AN81: =BIN2HEX(L81&M81&N81&O81&P81&Q81&R81&S81,2) -> 00 | AO81: =BIN2HEX(D81&E81&F81&G81&H81&I81&J81&K81,2) -> 00 | AQ81: =IF(AJ81="",""," (U4)0x"&AO81&AN81&AM81&AL81&"U"&IF(AJ82=""," ",",")&REPT(" ",59)&"/* "&IF(C81<10,"0"&C81,C81)&" "&AJ81&REPT(" ",47-LEN(AJ81))&" */") -> (U4)0x000001C1U, /* 10 WRN_ON */
C82: =IF(C17<>"",C17,"") -> 11 | D82: =IF(D17=1,1,0) -> 0 | E82: =IF(E17=1,1,0) -> 0 | F82: =IF(F17=1,1,0) -> 0 | G82: =IF(G17=1,1,0) -> 0 | H82: =IF(H17=1,1,0) -> 0 | I82: =IF(I17=1,1,0) -> 0 | J82: =IF(J17=1,1,0) -> 0 | K82: =IF(K17=1,1,0) -> 0 | ... AI82: =IF(AI17=1,1,0) -> 0 | AJ82: =IF(AJ17<>"",AJ17,"") -> WRN_FLSH | AL82: =BIN2HEX(AB82&AC82&AD82&AE82&AF82&AG82&AH82&AI82,2) -> C2 | AM82: =BIN2HEX(T82&U82&V82&W82&X82&Y82&Z82&AA82,2) -> 01 | AN82: =BIN2HEX(L82&M82&N82&O82&P82&Q82&R82&S82,2) -> 00 | AO82: =BIN2HEX(D82&E82&F82&G82&H82&I82&J82&K82,2) -> 00 | AQ82: =IF(AJ82="",""," (U4)0x"&AO82&AN82&AM82&AL82&"U"&IF(AJ83=""," ",",")&REPT(" ",59)&"/* "&IF(C82<10,"0"&C82,C82)&" "&AJ82&REPT(" ",47-LEN(AJ82))&" */") -> (U4)0x000001C2U, /* 11 WRN_FLSH */
C83: =IF(C18<>"",C18,"") -> 12 | D83: =IF(D18=1,1,0) -> 0 | E83: =IF(E18=1,1,0) -> 0 | F83: =IF(F18=1,1,0) -> 0 | G83: =IF(G18=1,1,0) -> 0 | H83: =IF(H18=1,1,0) -> 0 | I83: =IF(I18=1,1,0) -> 0 | J83: =IF(J18=1,1,0) -> 0 | K83: =IF(K18=1,1,0) -> 0 | ... AI83: =IF(AI18=1,1,0) -> 1 | AJ83: =IF(AJ18<>"",AJ18,"") -> WRN_OFF | AL83: =BIN2HEX(AB83&AC83&AD83&AE83&AF83&AG83&AH83&AI83,2) -> C3 | AM83: =BIN2HEX(T83&U83&V83&W83&X83&Y83&Z83&AA83,2) -> 01 | AN83: =BIN2HEX(L83&M83&N83&O83&P83&Q83&R83&S83,2) -> 00 | AO83: =BIN2HEX(D83&E83&F83&G83&H83&I83&J83&K83,2) -> 00 | AQ83: =IF(AJ83="",""," (U4)0x"&AO83&AN83&AM83&AL83&"U"&IF(AJ84=""," ",",")&REPT(" ",59)&"/* "&IF(C83<10,"0"&C83,C83)&" "&AJ83&REPT(" ",47-LEN(AJ83))&" */") -> (U4)0x000001C3U, /* 12 WRN_OFF */
... C134: =IF(C69<>"",C69,"") -> 63 | D134: =IF(D69=1,1,0) -> 0 | E134: =IF(E69=1,1,0) -> 0 | F134: =IF(F69=1,1,0) -> 0 | G134: =IF(G69=1,1,0) -> 0 | H134: =IF(H69=1,1,0) -> 0 | I134: =IF(I69=1,1,0) -> 0 | J134: =IF(J69=1,1,0) -> 0 | K134: =IF(K69=1,1,0) -> 0 | ... AI134: =IF(AI69=1,1,0) -> 0 | AJ134: =IF(AJ69<>"",AJ69,"") | AL134: =BIN2HEX(AB134&AC134&AD134&AE134&AF134&AG134&AH134&AI134,2) -> 00 | AM134: =BIN2HEX(T134&U134&V134&W134&X134&Y134&Z134&AA134,2) -> 00 | AN134: =BIN2HEX(L134&M134&N134&O134&P134&Q134&R134&S134,2) -> 00 | AO134: =BIN2HEX(D134&E134&F134&G134&H134&I134&J134&K134,2) -> 00 | AQ134: =IF(AJ134="",""," (U4)0x"&AO134&AN134&AM134&AL134&"U"&IF(AJ135=""," ",",")&REPT(" ",59)&"/* "&IF(C134<10,"0"&C134,C134)&" "&AJ134&REPT(" ",47-LEN(AJ134))&" */")
A135: Mask
B136: =IF(B6<>"",B6,"") -> Table WRN | C136: =IF(C6<>"",C6,"") -> 0 | D136: =IF(OR(D6=0,D6=1),1,0) -> 0 | E136: =IF(OR(E6=0,E6=1),1,0) -> 0 | F136: =IF(OR(F6=0,F6=1),1,0) -> 0 | G136: =IF(OR(G6=0,G6=1),1,0) -> 0 | H136: =IF(OR(H6=0,H6=1),1,0) -> 0 | I136: =IF(OR(I6=0,I6=1),1,0) -> 0 | J136: =IF(OR(J6=0,J6=1),1,0) -> 0 | K136: =IF(OR(K6=0,K6=1),1,0) -> 0 | ... AI136: =IF(OR(AI6=0,AI6=1),1,0) -> 1 | AJ136: =IF(AJ6<>"",AJ6,"") -> TT_ON | AL136: =BIN2HEX(AB136&AC136&AD136&AE136&AF136&AG136&AH136&AI136,2) -> D7 | AM136: =BIN2HEX(T136&U136&V136&W136&X136&Y136&Z136&AA136,2) -> 04 | AN136: =BIN2HEX(L136&M136&N136&O136&P136&Q136&R136&S136,2) -> 00 | AO136: =BIN2HEX(D136&E136&F136&G136&H136&I136&J136&K136,2) -> 00 | AQ136: =IF(AJ136="",""," (U4)0x"&AO136&AN136&AM136&AL136&"U"&IF(AJ137=""," ",",")&REPT(" ",59)&"/* "&IF(C136<10,"0"&C136,C136)&" "&AJ136&REPT(" ",47-LEN(AJ136))&" */") -> (U4)0x000004D7U, /* 00 TT_ON */
C137: =IF(C7<>"",C7,"") -> 1 | D137: =IF(OR(D7=0,D7=1),1,0) -> 0 | E137: =IF(OR(E7=0,E7=1),1,0) -> 0 | F137: =IF(OR(F7=0,F7=1),1,0) -> 0 | G137: =IF(OR(G7=0,G7=1),1,0) -> 0 | H137: =IF(OR(H7=0,H7=1),1,0) -> 0 | I137: =IF(OR(I7=0,I7=1),1,0) -> 0 | J137: =IF(OR(J7=0,J7=1),1,0) -> 0 | K137: =IF(OR(K7=0,K7=1),1,0) -> 0 | ... AI137: =IF(OR(AI7=0,AI7=1),1,0) -> 1 | AJ137: =IF(AJ7<>"",AJ7,"") -> WRN_ON | AL137: =BIN2HEX(AB137&AC137&AD137&AE137&AF137&AG137&AH137&AI137,2) -> D7 | AM137: =BIN2HEX(T137&U137&V137&W137&X137&Y137&Z137&AA137,2) -> 05 | AN137: =BIN2HEX(L137&M137&N137&O137&P137&Q137&R137&S137,2) -> 00 | AO137: =BIN2HEX(D137&E137&F137&G137&H137&I137&J137&K137,2) -> 00 | AQ137: =IF(AJ137="",""," (U4)0x"&AO137&AN137&AM137&AL137&"U"&IF(AJ138=""," ",",")&REPT(" ",59)&"/* "&IF(C137<10,"0"&C137,C137)&" "&AJ137&REPT(" ",47-LEN(AJ137))&" */") -> (U4)0x000005D7U, /* 01 WRN_ON */
C138: =IF(C8<>"",C8,"") -> 2 | D138: =IF(OR(D8=0,D8=1),1,0) -> 0 | E138: =IF(OR(E8=0,E8=1),1,0) -> 0 | F138: =IF(OR(F8=0,F8=1),1,0) -> 0 | G138: =IF(OR(G8=0,G8=1),1,0) -> 0 | H138: =IF(OR(H8=0,H8=1),1,0) -> 0 | I138: =IF(OR(I8=0,I8=1),1,0) -> 0 | J138: =IF(OR(J8=0,J8=1),1,0) -> 0 | K138: =IF(OR(K8=0,K8=1),1,0) -> 0 | ... AI138: =IF(OR(AI8=0,AI8=1),1,0) -> 1 | AJ138: =IF(AJ8<>"",AJ8,"") -> WRN_OFF | AL138: =BIN2HEX(AB138&AC138&AD138&AE138&AF138&AG138&AH138&AI138,2) -> F7 | AM138: =BIN2HEX(T138&U138&V138&W138&X138&Y138&Z138&AA138,2) -> 05 | AN138: =BIN2HEX(L138&M138&N138&O138&P138&Q138&R138&S138,2) -> 00 | AO138: =BIN2HEX(D138&E138&F138&G138&H138&I138&J138&K138,2) -> 00 | AQ138: =IF(AJ138="",""," (U4)0x"&AO138&AN138&AM138&AL138&"U"&IF(AJ139=""," ",",")&REPT(" ",59)&"/* "&IF(C138<10,"0"&C138,C138)&" "&AJ138&REPT(" ",47-LEN(AJ138))&" */") -> (U4)0x000005F7U, /* 02 WRN_OFF */
C139: =IF(C9<>"",C9,"") -> 3 | D139: =IF(OR(D9=0,D9=1),1,0) -> 0 | E139: =IF(OR(E9=0,E9=1),1,0) -> 0 | F139: =IF(OR(F9=0,F9=1),1,0) -> 0 | G139: =IF(OR(G9=0,G9=1),1,0) -> 0 | H139: =IF(OR(H9=0,H9=1),1,0) -> 0 | I139: =IF(OR(I9=0,I9=1),1,0) -> 0 | J139: =IF(OR(J9=0,J9=1),1,0) -> 0 | K139: =IF(OR(K9=0,K9=1),1,0) -> 0 | ... AI139: =IF(OR(AI9=0,AI9=1),1,0) -> 1 | AJ139: =IF(AJ9<>"",AJ9,"") -> WRN_FLSH | AL139: =BIN2HEX(AB139&AC139&AD139&AE139&AF139&AG139&AH139&AI139,2) -> E7 | AM139: =BIN2HEX(T139&U139&V139&W139&X139&Y139&Z139&AA139,2) -> 05 | AN139: =BIN2HEX(L139&M139&N139&O139&P139&Q139&R139&S139,2) -> 00 | AO139: =BIN2HEX(D139&E139&F139&G139&H139&I139&J139&K139,2) -> 00 | AQ139: =IF(AJ139="",""," (U4)0x"&AO139&AN139&AM139&AL139&"U"&IF(AJ140=""," ",",")&REPT(" ",59)&"/* "&IF(C139<10,"0"&C139,C139)&" "&AJ139&REPT(" ",47-LEN(AJ139))&" */") -> (U4)0x000005E7U, /* 03 WRN_FLSH */
C140: =IF(C10<>"",C10,"") -> 4 | D140: =IF(OR(D10=0,D10=1),1,0) -> 0 | E140: =IF(OR(E10=0,E10=1),1,0) -> 0 | F140: =IF(OR(F10=0,F10=1),1,0) -> 0 | G140: =IF(OR(G10=0,G10=1),1,0) -> 0 | H140: =IF(OR(H10=0,H10=1),1,0) -> 0 | I140: =IF(OR(I10=0,I10=1),1,0) -> 0 | J140: =IF(OR(J10=0,J10=1),1,0) -> 0 | K140: =IF(OR(K10=0,K10=1),1,0) -> 0 | ... AI140: =IF(OR(AI10=0,AI10=1),1,0) -> 1 | AJ140: =IF(AJ10<>"",AJ10,"") -> WRN_OFF | AL140: =BIN2HEX(AB140&AC140&AD140&AE140&AF140&AG140&AH140&AI140,2) -> E7 | AM140: =BIN2HEX(T140&U140&V140&W140&X140&Y140&Z140&AA140,2) -> 05 | AN140: =BIN2HEX(L140&M140&N140&O140&P140&Q140&R140&S140,2) -> 00 | AO140: =BIN2HEX(D140&E140&F140&G140&H140&I140&J140&K140,2) -> 00 | AQ140: =IF(AJ140="",""," (U4)0x"&AO140&AN140&AM140&AL140&"U"&IF(AJ141=""," ",",")&REPT(" ",59)&"/* "&IF(C140<10,"0"&C140,C140)&" "&AJ140&REPT(" ",47-LEN(AJ140))&" */") -> (U4)0x000005E7U, /* 04 WRN_OFF */
C141: =IF(C11<>"",C11,"") -> 5 | D141: =IF(OR(D11=0,D11=1),1,0) -> 0 | E141: =IF(OR(E11=0,E11=1),1,0) -> 0 | F141: =IF(OR(F11=0,F11=1),1,0) -> 0 | G141: =IF(OR(G11=0,G11=1),1,0) -> 0 | H141: =IF(OR(H11=0,H11=1),1,0) -> 0 | I141: =IF(OR(I11=0,I11=1),1,0) -> 0 | J141: =IF(OR(J11=0,J11=1),1,0) -> 0 | K141: =IF(OR(K11=0,K11=1),1,0) -> 0 | ... AI141: =IF(OR(AI11=0,AI11=1),1,0) -> 0 | AJ141: =IF(AJ11<>"",AJ11,"") -> WRN_ON | AL141: =BIN2HEX(AB141&AC141&AD141&AE141&AF141&AG141&AH141&AI141,2) -> F6 | AM141: =BIN2HEX(T141&U141&V141&W141&X141&Y141&Z141&AA141,2) -> 05 | AN141: =BIN2HEX(L141&M141&N141&O141&P141&Q141&R141&S141,2) -> 00 | AO141: =BIN2HEX(D141&E141&F141&G141&H141&I141&J141&K141,2) -> 00 | AQ141: =IF(AJ141="",""," (U4)0x"&AO141&AN141&AM141&AL141&"U"&IF(AJ142=""," ",",")&REPT(" ",59)&"/* "&IF(C141<10,"0"&C141,C141)&" "&AJ141&REPT(" ",47-LEN(AJ141))&" */") -> (U4)0x000005F6U, /* 05 WRN_ON */
C142: =IF(C12<>"",C12,"") -> 6 | D142: =IF(OR(D12=0,D12=1),1,0) -> 0 | E142: =IF(OR(E12=0,E12=1),1,0) -> 0 | F142: =IF(OR(F12=0,F12=1),1,0) -> 0 | G142: =IF(OR(G12=0,G12=1),1,0) -> 0 | H142: =IF(OR(H12=0,H12=1),1,0) -> 0 | I142: =IF(OR(I12=0,I12=1),1,0) -> 0 | J142: =IF(OR(J12=0,J12=1),1,0) -> 0 | K142: =IF(OR(K12=0,K12=1),1,0) -> 0 | ... AI142: =IF(OR(AI12=0,AI12=1),1,0) -> 0 | AJ142: =IF(AJ12<>"",AJ12,"") -> TT_ON | AL142: =BIN2HEX(AB142&AC142&AD142&AE142&AF142&AG142&AH142&AI142,2) -> F4 | AM142: =BIN2HEX(T142&U142&V142&W142&X142&Y142&Z142&AA142,2) -> 04 | AN142: =BIN2HEX(L142&M142&N142&O142&P142&Q142&R142&S142,2) -> 00 | AO142: =BIN2HEX(D142&E142&F142&G142&H142&I142&J142&K142,2) -> 00 | AQ142: =IF(AJ142="",""," (U4)0x"&AO142&AN142&AM142&AL142&"U"&IF(AJ143=""," ",",")&REPT(" ",59)&"/* "&IF(C142<10,"0"&C142,C142)&" "&AJ142&REPT(" ",47-LEN(AJ142))&" */") -> (U4)0x000004F4U, /* 06 TT_ON */
C143: =IF(C13<>"",C13,"") -> 7 | D143: =IF(OR(D13=0,D13=1),1,0) -> 0 | E143: =IF(OR(E13=0,E13=1),1,0) -> 0 | F143: =IF(OR(F13=0,F13=1),1,0) -> 0 | G143: =IF(OR(G13=0,G13=1),1,0) -> 0 | H143: =IF(OR(H13=0,H13=1),1,0) -> 0 | I143: =IF(OR(I13=0,I13=1),1,0) -> 0 | J143: =IF(OR(J13=0,J13=1),1,0) -> 0 | K143: =IF(OR(K13=0,K13=1),1,0) -> 0 | ... AI143: =IF(OR(AI13=0,AI13=1),1,0) -> 1 | AJ143: =IF(AJ13<>"",AJ13,"") -> WRN_OFF | AL143: =BIN2HEX(AB143&AC143&AD143&AE143&AF143&AG143&AH143&AI143,2) -> F5 | AM143: =BIN2HEX(T143&U143&V143&W143&X143&Y143&Z143&AA143,2) -> 05 | AN143: =BIN2HEX(L143&M143&N143&O143&P143&Q143&R143&S143,2) -> 00 | AO143: =BIN2HEX(D143&E143&F143&G143&H143&I143&J143&K143,2) -> 00 | AQ143: =IF(AJ143="",""," (U4)0x"&AO143&AN143&AM143&AL143&"U"&IF(AJ144=""," ",",")&REPT(" ",59)&"/* "&IF(C143<10,"0"&C143,C143)&" "&AJ143&REPT(" ",47-LEN(AJ143))&" */") -> (U4)0x000005F5U, /* 07 WRN_OFF */
C144: =IF(C14<>"",C14,"") -> 8 | D144: =IF(OR(D14=0,D14=1),1,0) -> 0 | E144: =IF(OR(E14=0,E14=1),1,0) -> 0 | F144: =IF(OR(F14=0,F14=1),1,0) -> 0 | G144: =IF(OR(G14=0,G14=1),1,0) -> 0 | H144: =IF(OR(H14=0,H14=1),1,0) -> 0 | I144: =IF(OR(I14=0,I14=1),1,0) -> 0 | J144: =IF(OR(J14=0,J14=1),1,0) -> 0 | K144: =IF(OR(K14=0,K14=1),1,0) -> 0 | ... AI144: =IF(OR(AI14=0,AI14=1),1,0) -> 1 | AJ144: =IF(AJ14<>"",AJ14,"") -> WRN_FLSH | AL144: =BIN2HEX(AB144&AC144&AD144&AE144&AF144&AG144&AH144&AI144,2) -> F7 | AM144: =BIN2HEX(T144&U144&V144&W144&X144&Y144&Z144&AA144,2) -> 05 | AN144: =BIN2HEX(L144&M144&N144&O144&P144&Q144&R144&S144,2) -> 00 | AO144: =BIN2HEX(D144&E144&F144&G144&H144&I144&J144&K144,2) -> 00 | AQ144: =IF(AJ144="",""," (U4)0x"&AO144&AN144&AM144&AL144&"U"&IF(AJ145=""," ",",")&REPT(" ",59)&"/* "&IF(C144<10,"0"&C144,C144)&" "&AJ144&REPT(" ",47-LEN(AJ144))&" */") -> (U4)0x000005F7U, /* 08 WRN_FLSH */
C145: =IF(C15<>"",C15,"") -> 9 | D145: =IF(OR(D15=0,D15=1),1,0) -> 0 | E145: =IF(OR(E15=0,E15=1),1,0) -> 0 | F145: =IF(OR(F15=0,F15=1),1,0) -> 0 | G145: =IF(OR(G15=0,G15=1),1,0) -> 0 | H145: =IF(OR(H15=0,H15=1),1,0) -> 0 | I145: =IF(OR(I15=0,I15=1),1,0) -> 0 | J145: =IF(OR(J15=0,J15=1),1,0) -> 0 | K145: =IF(OR(K15=0,K15=1),1,0) -> 0 | ... AI145: =IF(OR(AI15=0,AI15=1),1,0) -> 1 | AJ145: =IF(AJ15<>"",AJ15,"") -> TT_ON | AL145: =BIN2HEX(AB145&AC145&AD145&AE145&AF145&AG145&AH145&AI145,2) -> FF | AM145: =BIN2HEX(T145&U145&V145&W145&X145&Y145&Z145&AA145,2) -> 04 | AN145: =BIN2HEX(L145&M145&N145&O145&P145&Q145&R145&S145,2) -> 00 | AO145: =BIN2HEX(D145&E145&F145&G145&H145&I145&J145&K145,2) -> 00 | AQ145: =IF(AJ145="",""," (U4)0x"&AO145&AN145&AM145&AL145&"U"&IF(AJ146=""," ",",")&REPT(" ",59)&"/* "&IF(C145<10,"0"&C145,C145)&" "&AJ145&REPT(" ",47-LEN(AJ145))&" */") -> (U4)0x000004FFU, /* 09 TT_ON */
C146: =IF(C16<>"",C16,"") -> 10 | D146: =IF(OR(D16=0,D16=1),1,0) -> 0 | E146: =IF(OR(E16=0,E16=1),1,0) -> 0 | F146: =IF(OR(F16=0,F16=1),1,0) -> 0 | G146: =IF(OR(G16=0,G16=1),1,0) -> 0 | H146: =IF(OR(H16=0,H16=1),1,0) -> 0 | I146: =IF(OR(I16=0,I16=1),1,0) -> 0 | J146: =IF(OR(J16=0,J16=1),1,0) -> 0 | K146: =IF(OR(K16=0,K16=1),1,0) -> 0 | ... AI146: =IF(OR(AI16=0,AI16=1),1,0) -> 1 | AJ146: =IF(AJ16<>"",AJ16,"") -> WRN_ON | AL146: =BIN2HEX(AB146&AC146&AD146&AE146&AF146&AG146&AH146&AI146,2) -> FF | AM146: =BIN2HEX(T146&U146&V146&W146&X146&Y146&Z146&AA146,2) -> 05 | AN146: =BIN2HEX(L146&M146&N146&O146&P146&Q146&R146&S146,2) -> 00 | AO146: =BIN2HEX(D146&E146&F146&G146&H146&I146&J146&K146,2) -> 00 | AQ146: =IF(AJ146="",""," (U4)0x"&AO146&AN146&AM146&AL146&"U"&IF(AJ147=""," ",",")&REPT(" ",59)&"/* "&IF(C146<10,"0"&C146,C146)&" "&AJ146&REPT(" ",47-LEN(AJ146))&" */") -> (U4)0x000005FFU, /* 10 WRN_ON */
C147: =IF(C17<>"",C17,"") -> 11 | D147: =IF(OR(D17=0,D17=1),1,0) -> 0 | E147: =IF(OR(E17=0,E17=1),1,0) -> 0 | F147: =IF(OR(F17=0,F17=1),1,0) -> 0 | G147: =IF(OR(G17=0,G17=1),1,0) -> 0 | H147: =IF(OR(H17=0,H17=1),1,0) -> 0 | I147: =IF(OR(I17=0,I17=1),1,0) -> 0 | J147: =IF(OR(J17=0,J17=1),1,0) -> 0 | K147: =IF(OR(K17=0,K17=1),1,0) -> 0 | ... AI147: =IF(OR(AI17=0,AI17=1),1,0) -> 1 | AJ147: =IF(AJ17<>"",AJ17,"") -> WRN_FLSH | AL147: =BIN2HEX(AB147&AC147&AD147&AE147&AF147&AG147&AH147&AI147,2) -> EF | AM147: =BIN2HEX(T147&U147&V147&W147&X147&Y147&Z147&AA147,2) -> 05 | AN147: =BIN2HEX(L147&M147&N147&O147&P147&Q147&R147&S147,2) -> 00 | AO147: =BIN2HEX(D147&E147&F147&G147&H147&I147&J147&K147,2) -> 00 | AQ147: =IF(AJ147="",""," (U4)0x"&AO147&AN147&AM147&AL147&"U"&IF(AJ148=""," ",",")&REPT(" ",59)&"/* "&IF(C147<10,"0"&C147,C147)&" "&AJ147&REPT(" ",47-LEN(AJ147))&" */") -> (U4)0x000005EFU, /* 11 WRN_FLSH */
C148: =IF(C18<>"",C18,"") -> 12 | D148: =IF(OR(D18=0,D18=1),1,0) -> 0 | E148: =IF(OR(E18=0,E18=1),1,0) -> 0 | F148: =IF(OR(F18=0,F18=1),1,0) -> 0 | G148: =IF(OR(G18=0,G18=1),1,0) -> 0 | H148: =IF(OR(H18=0,H18=1),1,0) -> 0 | I148: =IF(OR(I18=0,I18=1),1,0) -> 0 | J148: =IF(OR(J18=0,J18=1),1,0) -> 0 | K148: =IF(OR(K18=0,K18=1),1,0) -> 0 | ... AI148: =IF(OR(AI18=0,AI18=1),1,0) -> 1 | AJ148: =IF(AJ18<>"",AJ18,"") -> WRN_OFF | AL148: =BIN2HEX(AB148&AC148&AD148&AE148&AF148&AG148&AH148&AI148,2) -> FF | AM148: =BIN2HEX(T148&U148&V148&W148&X148&Y148&Z148&AA148,2) -> 05 | AN148: =BIN2HEX(L148&M148&N148&O148&P148&Q148&R148&S148,2) -> 00 | AO148: =BIN2HEX(D148&E148&F148&G148&H148&I148&J148&K148,2) -> 00 | AQ148: =IF(AJ148="",""," (U4)0x"&AO148&AN148&AM148&AL148&"U"&IF(AJ149=""," ",",")&REPT(" ",59)&"/* "&IF(C148<10,"0"&C148,C148)&" "&AJ148&REPT(" ",47-LEN(AJ148))&" */") -> (U4)0x000005FFU, /* 12 WRN_OFF */
... C199: =IF(C69<>"",C69,"") -> 63 | D199: =IF(OR(D69=0,D69=1),1,0) -> 0 | E199: =IF(OR(E69=0,E69=1),1,0) -> 0 | F199: =IF(OR(F69=0,F69=1),1,0) -> 0 | G199: =IF(OR(G69=0,G69=1),1,0) -> 0 | H199: =IF(OR(H69=0,H69=1),1,0) -> 0 | I199: =IF(OR(I69=0,I69=1),1,0) -> 0 | J199: =IF(OR(J69=0,J69=1),1,0) -> 0 | K199: =IF(OR(K69=0,K69=1),1,0) -> 0 | ... AI199: =IF(OR(AI69=0,AI69=1),1,0) -> 0 | AJ199: =IF(AJ69<>"",AJ69,"") | AL199: =BIN2HEX(AB199&AC199&AD199&AE199&AF199&AG199&AH199&AI199,2) -> 00 | AM199: =BIN2HEX(T199&U199&V199&W199&X199&Y199&Z199&AA199,2) -> 00 | AN199: =BIN2HEX(L199&M199&N199&O199&P199&Q199&R199&S199,2) -> 00 | AO199: =BIN2HEX(D199&E199&F199&G199&H199&I199&J199&K199,2) -> 00 | AQ199: =IF(AJ199="",""," (U4)0x"&AO199&AN199&AM199&AL199&"U"&IF(AJ200=""," ",",")&REPT(" ",59)&"/* "&IF(C199<10,"0"&C199,C199)&" "&AJ199&REPT(" ",47-LEN(AJ199))&" */")

Sheet BC
AH1: → | AI1: bit
B2: Table Type | C2: INDEX | D2: 31 | E2: 30 | F2: 29 | G2: 28 | H2: 27 | I2: 26 | J2: 25 | K2: 24 | L2: 23 | M2: 22 | N2: 21 | O2: 20 | P2: 19 | Q2: 18 | R2: 17 | S2: 16 | T2: 15 | U2: 14 | V2: 13 | W2: 12 | X2: 11 | Y2: 10 | Z2: 9 | AA2: 8 | AB2: 7 | AC2: 6 | AD2: 5 | AE2: 4 | AF2: 3 | AG2: 2 | AH2: 1 | AI2: 0 | AJ2: REQ
B3: =IF(OR(IF(COUNTIF(D6:AC69,"0")<>0,TRUE,FALSE),IF(COUNTIF(D6:AC69,"1")<>0,TRUE,FALSE)),"Search Table","Index Table") -> Index Table | D3: ALERT_VOM_RWT_EN | E3: [reserved] | F3: ALERT_VOM_VCS_ON | G3: ALERT_VOM_IGN_ON | H3: ALERT_VOM_IGN_OFF_WT | I3: ALERT_VOM_IGN_OFF | J3: ALERT_VOM_BAT_WT | K3: ALERT_VOM_BAT_AO | L3: [reserved] | M3: [reserved] | N3: [reserved] | O3: [reserved] | P3: [reserved] | Q3: [reserved] | R3: [reserved] | S3: [reserved] | T3: [reserved] | U3: [reserved] | V3: [reserved] | W3: [reserved] | X3: [reserved] | Y3: [reserved] | Z3: [reserved] | AA3: [reserved] | AB3: [reserved] | AC3: [reserved] | AD3: B_OILPL_SIG | AF3: IGP_PDC_SIG | AG3: RPM | AH3: OPTDLY | AI3: PREV_REQ | AR3: シート名称は、CH Nameと同じにすること。 1CHしか存在しない場合、機能名と同じにすること。
A4: Master Table | AR4: 貼り付けコード
AR5: ="static const U4 "&AW8&"["&AW10&"]"&" = {" -> static const U4 u4_sp_ALERT_P_OILPRE_BC_CRIT[ALERT_P_OILPRE_BC_NUM_DST] = { | AS5: ="static const U4 "&$AW$9&"["&$AW$10&"] = {" -> static const U4 u4_sp_ALERT_P_OILPRE_BC_MASK[ALERT_P_OILPRE_BC_NUM_DST] = { | AT5: ="static const U1 "&$AW$11&"["&$AW$10&"] = {" -> static const U1 u1_sp_ALERT_P_OILPRE_BC_DST[ALERT_P_OILPRE_BC_NUM_DST] = { | AU5: ="const ST_ALERT_MTRX "&$AW$12&" = {" -> const ST_ALERT_MTRX st_gp_ALERT_P_OILPRE_MTRX[2] = { | AV5: ="#define "&AW10&REPT(" ",41-LEN(AW10))&"("&AW13&"U)" -> #define ALERT_P_OILPRE_BC_NUM_DST (64U)
B6: ="Table "&$AW$6 -> Table BC | C6: =ROW()-ROW($C$6) -> 0 | D6: × | E6: × | F6: × | G6: × | H6: × | I6: × | J6: × | K6: × | L6: × | M6: × | N6: × | O6: × | P6: × | Q6: × | R6: × | S6: × | T6: × | U6: × | V6: × | W6: × | X6: × | Y6: × | Z6: × | AA6: × | AB6: × | AC6: × | AD6: 0 | AE6: 0 | AF6: 0 | AG6: 0 | AH6: 0 | AI6: 0 | AJ6: UNKNOWN | AL6: =IF($AJ6="UNKNOWN"," (U1)ALERT_REQ_UNKNOWN"," (U1)"&"ALERT_REQ_"&$AW$17&"_"&IF($AW$6<>$AW$17,$AW$6&"_","")&AJ6) -> (U1)ALERT_REQ_UNKNOWN | AR6: =IF(AQ71<>"",AQ71,IF(AQ70<>"","};","")) -> (U4)0x00000000U, /* 00 UNKNOWN */ | AS6: =IF(AQ136<>"",AQ136,IF(AQ135<>"","};","")) -> (U4)0x0000003FU, /* 00 UNKNOWN */ | AT6: =IF(AJ6<>"",AL6&IF(AJ7<>"",","," ")&REPT(" ",78-LEN(AL6))&"/* "&IF(C6<10,"0"&C6,C6)&" "&AJ6&REPT(" ",48-LEN(AJ6))&"*/",IF(AJ5<>"","};","")) -> (U1)ALERT_REQ_UNKNOWN, /* 00 UNKNOWN */ | AU6: { | AV6: MtxSrch変数名 | AW6: =UPPER(RIGHT(CELL("filename",A1),LEN(CELL("filename",A1))-FIND("]",CELL("filename",A1)))) -> BC
C7: =ROW()-ROW($C$6) -> 1 | D7: × | E7: × | F7: × | G7: × | H7: × | I7: × | J7: × | K7: × | L7: × | M7: × | N7: × | O7: × | P7: × | Q7: × | R7: × | S7: × | T7: × | U7: × | V7: × | W7: × | X7: × | Y7: × | Z7: × | AA7: × | AB7: × | AC7: × | AD7: 0 | AE7: 0 | AF7: 0 | AG7: 0 | AH7: 0 | AI7: 1 | AJ7: UNKNOWN | AL7: =IF($AJ7="UNKNOWN"," (U1)ALERT_REQ_UNKNOWN"," (U1)"&"ALERT_REQ_"&$AW$17&"_"&IF($AW$6<>$AW$17,$AW$6&"_","")&AJ7) -> (U1)ALERT_REQ_UNKNOWN | AR7: =IF(AQ72<>"",AQ72,IF(AQ71<>"","};","")) -> (U4)0x00000001U, /* 01 UNKNOWN */ | AS7: =IF(AQ137<>"",AQ137,IF(AQ136<>"","};","")) -> (U4)0x0000003FU, /* 01 UNKNOWN */ | AT7: =IF(AJ7<>"",AL7&IF(AJ8<>"",","," ")&REPT(" ",78-LEN(AL7))&"/* "&IF(C7<10,"0"&C7,C7)&" "&AJ7&REPT(" ",48-LEN(AJ7))&"*/",IF(AJ6<>"","};","")) -> (U1)ALERT_REQ_UNKNOWN, /* 01 UNKNOWN */ | AU7: =" &"&$AW$14&","&REPT(" ",69-LEN($AW$14))&"/* fp_u4_SRC_CHK */" -> &u4_s_AlertP_oilpreBcSrcchk, /* fp_u4_SRC_CHK */ | AV7: Use MtxSrch | AW7: =IF(B3="Search Table",1,0) -> 0
C8: =ROW()-ROW($C$6) -> 2 | D8: × | E8: × | F8: × | G8: × | H8: × | I8: × | J8: × | K8: × | L8: × | M8: × | N8: × | O8: × | P8: × | Q8: × | R8: × | S8: × | T8: × | U8: × | V8: × | W8: × | X8: × | Y8: × | Z8: × | AA8: × | AB8: × | AC8: × | AD8: 0 | AE8: 0 | AF8: 0 | AG8: 0 | AH8: 1 | AI8: 0 | AJ8: UNKNOWN | AL8: =IF($AJ8="UNKNOWN"," (U1)ALERT_REQ_UNKNOWN"," (U1)"&"ALERT_REQ_"&$AW$17&"_"&IF($AW$6<>$AW$17,$AW$6&"_","")&AJ8) -> (U1)ALERT_REQ_UNKNOWN | AR8: =IF(AQ73<>"",AQ73,IF(AQ72<>"","};","")) -> (U4)0x00000002U, /* 02 UNKNOWN */ | AS8: =IF(AQ138<>"",AQ138,IF(AQ137<>"","};","")) -> (U4)0x0000003FU, /* 02 UNKNOWN */ | AT8: =IF(AJ8<>"",AL8&IF(AJ9<>"",","," ")&REPT(" ",78-LEN(AL8))&"/* "&IF(C8<10,"0"&C8,C8)&" "&AJ8&REPT(" ",48-LEN(AJ8))&"*/",IF(AJ7<>"","};","")) -> (U1)ALERT_REQ_UNKNOWN, /* 02 UNKNOWN */ | AU8: =IF($AW$15<>"NULL"," &"&$AW$15&","&REPT(" ",69-LEN($AW$15))&"/* fp_vd_XDST */"," vdp_PTR_NA, /* fp_vd_XDST */") -> vdp_PTR_NA, /* fp_vd_XDST */ | AV8: CRIT_NAME | AW8: ="u4_sp_ALERT_"&IF(AW6<>AW17,$AW$17&"_"&$AW$6,AW17)&"_CRIT" -> u4_sp_ALERT_P_OILPRE_BC_CRIT
C9: =ROW()-ROW($C$6) -> 3 | D9: × | E9: × | F9: × | G9: × | H9: × | I9: × | J9: × | K9: × | L9: × | M9: × | N9: × | O9: × | P9: × | Q9: × | R9: × | S9: × | T9: × | U9: × | V9: × | W9: × | X9: × | Y9: × | Z9: × | AA9: × | AB9: × | AC9: × | AD9: 0 | AE9: 0 | AF9: 0 | AG9: 0 | AH9: 1 | AI9: 1 | AJ9: UNKNOWN | AL9: =IF($AJ9="UNKNOWN"," (U1)ALERT_REQ_UNKNOWN"," (U1)"&"ALERT_REQ_"&$AW$17&"_"&IF($AW$6<>$AW$17,$AW$6&"_","")&AJ9) -> (U1)ALERT_REQ_UNKNOWN | AR9: =IF(AQ74<>"",AQ74,IF(AQ73<>"","};","")) -> (U4)0x00000003U, /* 03 UNKNOWN */ | AS9: =IF(AQ139<>"",AQ139,IF(AQ138<>"","};","")) -> (U4)0x0000003FU, /* 03 UNKNOWN */ | AT9: =IF(AJ9<>"",AL9&IF(AJ10<>"",","," ")&REPT(" ",78-LEN(AL9))&"/* "&IF(C9<10,"0"&C9,C9)&" "&AJ9&REPT(" ",48-LEN(AJ9))&"*/",IF(AJ8<>"","};","")) -> (U1)ALERT_REQ_UNKNOWN, /* 03 UNKNOWN */ | AV9: MASK_NAME | AW9: ="u4_sp_ALERT_"&IF(AW6<>AW17,$AW$17&"_"&$AW$6,AW17)&"_MASK" -> u4_sp_ALERT_P_OILPRE_BC_MASK
C10: =ROW()-ROW($C$6) -> 4 | D10: × | E10: × | F10: × | G10: × | H10: × | I10: × | J10: × | K10: × | L10: × | M10: × | N10: × | O10: × | P10: × | Q10: × | R10: × | S10: × | T10: × | U10: × | V10: × | W10: × | X10: × | Y10: × | Z10: × | AA10: × | AB10: × | AC10: × | AD10: 0 | AE10: 0 | AF10: 0 | AG10: 1 | AH10: 0 | AI10: 0 | AJ10: UNKNOWN | AL10: =IF($AJ10="UNKNOWN"," (U1)ALERT_REQ_UNKNOWN"," (U1)"&"ALERT_REQ_"&$AW$17&"_"&IF($AW$6<>$AW$17,$AW$6&"_","")&AJ10) -> (U1)ALERT_REQ_UNKNOWN | AR10: =IF(AQ75<>"",AQ75,IF(AQ74<>"","};","")) -> (U4)0x00000004U, /* 04 UNKNOWN */ | AS10: =IF(AQ140<>"",AQ140,IF(AQ139<>"","};","")) -> (U4)0x0000003FU, /* 04 UNKNOWN */ | AT10: =IF(AJ10<>"",AL10&IF(AJ11<>"",","," ")&REPT(" ",78-LEN(AL10))&"/* "&IF(C10<10,"0"&C10,C10)&" "&AJ10&REPT(" ",48-LEN(AJ10))&"*/",IF(AJ9<>"","};","")) -> (U1)ALERT_REQ_UNKNOWN, /* 04 UNKNOWN */ | AU10: =IF($AW$7=1," &"&$AW$9&"[0],"&REPT(" ",66-LEN($AW$9))&"/* u4p_MASK */"," (const U4 *)vdp_PTR_NA, /* u4p_MASK */") -> (const U4 *)vdp_PTR_NA, /* u4p_MASK */ | AV10: MTXSRCH_DEF | AW10: ="ALERT_"&IF(AW6<>AW17,$AW$17&"_"&$AW$6,AW17)&"_NUM_DST" -> ALERT_P_OILPRE_BC_NUM_DST
C11: =ROW()-ROW($C$6) -> 5 | D11: × | E11: × | F11: × | G11: × | H11: × | I11: × | J11: × | K11: × | L11: × | M11: × | N11: × | O11: × | P11: × | Q11: × | R11: × | S11: × | T11: × | U11: × | V11: × | W11: × | X11: × | Y11: × | Z11: × | AA11: × | AB11: × | AC11: × | AD11: 0 | AE11: 0 | AF11: 0 | AG11: 1 | AH11: 0 | AI11: 1 | AJ11: UNKNOWN | AL11: =IF($AJ11="UNKNOWN"," (U1)ALERT_REQ_UNKNOWN"," (U1)"&"ALERT_REQ_"&$AW$17&"_"&IF($AW$6<>$AW$17,$AW$6&"_","")&AJ11) -> (U1)ALERT_REQ_UNKNOWN | AR11: =IF(AQ76<>"",AQ76,IF(AQ75<>"","};","")) -> (U4)0x00000005U, /* 05 UNKNOWN */ | AS11: =IF(AQ141<>"",AQ141,IF(AQ140<>"","};","")) -> (U4)0x0000003FU, /* 05 UNKNOWN */ | AT11: =IF(AJ11<>"",AL11&IF(AJ12<>"",","," ")&REPT(" ",78-LEN(AL11))&"/* "&IF(C11<10,"0"&C11,C11)&" "&AJ11&REPT(" ",48-LEN(AJ11))&"*/",IF(AJ10<>"","};","")) -> (U1)ALERT_REQ_UNKNOWN, /* 05 UNKNOWN */ | AU11: =IF($AW$7=1," &"&$AW$8&"[0],"&REPT(" ",66-LEN($AW$8))&"/* u4p_CRIT */"," (const U4 *)vdp_PTR_NA, /* u4p_CRIT */") -> (const U4 *)vdp_PTR_NA, /* u4p_CRIT */ | AV11: MTXSRCH_OUT_DEF | AW11: ="u1_sp_ALERT_"&IF(AW6<>AW17,$AW$17&"_"&$AW$6,AW17)&"_DST" -> u1_sp_ALERT_P_OILPRE_BC_DST
C12: =ROW()-ROW($C$6) -> 6 | D12: × | E12: × | F12: × | G12: × | H12: × | I12: × | J12: × | K12: × | L12: × | M12: × | N12: × | O12: × | P12: × | Q12: × | R12: × | S12: × | T12: × | U12: × | V12: × | W12: × | X12: × | Y12: × | Z12: × | AA12: × | AB12: × | AC12: × | AD12: 0 | AE12: 0 | AF12: 0 | AG12: 1 | AH12: 1 | AI12: 0 | AJ12: UNKNOWN | AL12: =IF($AJ12="UNKNOWN"," (U1)ALERT_REQ_UNKNOWN"," (U1)"&"ALERT_REQ_"&$AW$17&"_"&IF($AW$6<>$AW$17,$AW$6&"_","")&AJ12) -> (U1)ALERT_REQ_UNKNOWN | AR12: =IF(AQ77<>"",AQ77,IF(AQ76<>"","};","")) -> (U4)0x00000006U, /* 06 UNKNOWN */ | AS12: =IF(AQ142<>"",AQ142,IF(AQ141<>"","};","")) -> (U4)0x0000003FU, /* 06 UNKNOWN */ | AT12: =IF(AJ12<>"",AL12&IF(AJ13<>"",","," ")&REPT(" ",78-LEN(AL12))&"/* "&IF(C12<10,"0"&C12,C12)&" "&AJ12&REPT(" ",48-LEN(AJ12))&"*/",IF(AJ11<>"","};","")) -> (U1)ALERT_REQ_UNKNOWN, /* 06 UNKNOWN */ | AV12: ALERT_MTRX_NAME | AW12: =Matrix!D8&"["&Matrix!D7&"]" -> st_gp_ALERT_P_OILPRE_MTRX[2]
C13: =ROW()-ROW($C$6) -> 7 | D13: × | E13: × | F13: × | G13: × | H13: × | I13: × | J13: × | K13: × | L13: × | M13: × | N13: × | O13: × | P13: × | Q13: × | R13: × | S13: × | T13: × | U13: × | V13: × | W13: × | X13: × | Y13: × | Z13: × | AA13: × | AB13: × | AC13: × | AD13: 0 | AE13: 0 | AF13: 0 | AG13: 1 | AH13: 1 | AI13: 1 | AJ13: UNKNOWN | AL13: =IF($AJ13="UNKNOWN"," (U1)ALERT_REQ_UNKNOWN"," (U1)"&"ALERT_REQ_"&$AW$17&"_"&IF($AW$6<>$AW$17,$AW$6&"_","")&AJ13) -> (U1)ALERT_REQ_UNKNOWN | AR13: =IF(AQ78<>"",AQ78,IF(AQ77<>"","};","")) -> (U4)0x00000007U, /* 07 UNKNOWN */ | AS13: =IF(AQ143<>"",AQ143,IF(AQ142<>"","};","")) -> (U4)0x0000003FU, /* 07 UNKNOWN */ | AT13: =IF(AJ13<>"",AL13&IF(AJ14<>"",","," ")&REPT(" ",78-LEN(AL13))&"/* "&IF(C13<10,"0"&C13,C13)&" "&AJ13&REPT(" ",48-LEN(AJ13))&"*/",IF(AJ12<>"","};","")) -> (U1)ALERT_REQ_UNKNOWN, /* 07 UNKNOWN */ | AU13: =" &"&$AW$11&"[0],"&REPT(" ",66-LEN($AW$11))&"/* u1p_DST */" -> &u1_sp_ALERT_P_OILPRE_BC_DST[0], /* u1p_DST */ | AV13: SRCH_NUM | AW13: =COUNTA($AJ$6:$AJ$69) -> 64
C14: =ROW()-ROW($C$6) -> 8 | D14: × | E14: × | F14: × | G14: × | H14: × | I14: × | J14: × | K14: × | L14: × | M14: × | N14: × | O14: × | P14: × | Q14: × | R14: × | S14: × | T14: × | U14: × | V14: × | W14: × | X14: × | Y14: × | Z14: × | AA14: × | AB14: × | AC14: × | AD14: 0 | AE14: 0 | AF14: 1 | AG14: 0 | AH14: 0 | AI14: 0 | AJ14: UNKNOWN | AL14: =IF($AJ14="UNKNOWN"," (U1)ALERT_REQ_UNKNOWN"," (U1)"&"ALERT_REQ_"&$AW$17&"_"&IF($AW$6<>$AW$17,$AW$6&"_","")&AJ14) -> (U1)ALERT_REQ_UNKNOWN | AR14: =IF(AQ79<>"",AQ79,IF(AQ78<>"","};","")) -> (U4)0x00000008U, /* 08 UNKNOWN */ | AS14: =IF(AQ144<>"",AQ144,IF(AQ143<>"","};","")) -> (U4)0x0000003FU, /* 08 UNKNOWN */ | AT14: =IF(AJ14<>"",AL14&IF(AJ15<>"",","," ")&REPT(" ",78-LEN(AL14))&"/* "&IF(C14<10,"0"&C14,C14)&" "&AJ14&REPT(" ",48-LEN(AJ14))&"*/",IF(AJ13<>"","};","")) -> (U1)ALERT_REQ_UNKNOWN, /* 08 UNKNOWN */ | AU14: =" (U2)"&$AW$10&","&REPT(" ",66-LEN($AW$10))&"/* u2_num_srch */" -> (U2)ALERT_P_OILPRE_BC_NUM_DST, /* u2_num_srch */ | AV14: SRC CHK | AW14: =IF(AW6<>AW17,VLOOKUP(AW6,Matrix!$C$13:$G$37,4,FALSE),Matrix!F13) -> u4_s_AlertP_oilpreBcSrcchk
C15: =ROW()-ROW($C$6) -> 9 | D15: × | E15: × | F15: × | G15: × | H15: × | I15: × | J15: × | K15: × | L15: × | M15: × | N15: × | O15: × | P15: × | Q15: × | R15: × | S15: × | T15: × | U15: × | V15: × | W15: × | X15: × | Y15: × | Z15: × | AA15: × | AB15: × | AC15: × | AD15: 0 | AE15: 0 | AF15: 1 | AG15: 0 | AH15: 0 | AI15: 1 | AJ15: UNKNOWN | AL15: =IF($AJ15="UNKNOWN"," (U1)ALERT_REQ_UNKNOWN"," (U1)"&"ALERT_REQ_"&$AW$17&"_"&IF($AW$6<>$AW$17,$AW$6&"_","")&AJ15) -> (U1)ALERT_REQ_UNKNOWN | AR15: =IF(AQ80<>"",AQ80,IF(AQ79<>"","};","")) -> (U4)0x00000009U, /* 09 UNKNOWN */ | AS15: =IF(AQ145<>"",AQ145,IF(AQ144<>"","};","")) -> (U4)0x0000003FU, /* 09 UNKNOWN */ | AT15: =IF(AJ15<>"",AL15&IF(AJ16<>"",","," ")&REPT(" ",78-LEN(AL15))&"/* "&IF(C15<10,"0"&C15,C15)&" "&AJ15&REPT(" ",48-LEN(AJ15))&"*/",IF(AJ14<>"","};","")) -> (U1)ALERT_REQ_UNKNOWN, /* 09 UNKNOWN */ | AU15: =" (U1)"&$AW$16&REPT(" ",67-LEN($AW$16))&"/* u1_vom_act */" -> (U1)ALERT_VOM_IGN_ON /* u1_vom_act */ | AV15: RWTX | AW15: =IF(AW6<>AW17,VLOOKUP(AW6,Matrix!$C$13:$G$37,5,FALSE),Matrix!G13) -> NULL
C16: =ROW()-ROW($C$6) -> 10 | D16: × | E16: × | F16: × | G16: × | H16: × | I16: × | J16: × | K16: × | L16: × | M16: × | N16: × | O16: × | P16: × | Q16: × | R16: × | S16: × | T16: × | U16: × | V16: × | W16: × | X16: × | Y16: × | Z16: × | AA16: × | AB16: × | AC16: × | AD16: 0 | AE16: 0 | AF16: 1 | AG16: 0 | AH16: 1 | AI16: 0 | AJ16: ON | AL16: =IF($AJ16="UNKNOWN"," (U1)ALERT_REQ_UNKNOWN"," (U1)"&"ALERT_REQ_"&$AW$17&"_"&IF($AW$6<>$AW$17,$AW$6&"_","")&AJ16) -> (U1)ALERT_REQ_P_OILPRE_BC_ON | AR16: =IF(AQ81<>"",AQ81,IF(AQ80<>"","};","")) -> (U4)0x0000000AU, /* 10 ON */ | AS16: =IF(AQ146<>"",AQ146,IF(AQ145<>"","};","")) -> (U4)0x0000003FU, /* 10 ON */ | AT16: =IF(AJ16<>"",AL16&IF(AJ17<>"",","," ")&REPT(" ",78-LEN(AL16))&"/* "&IF(C16<10,"0"&C16,C16)&" "&AJ16&REPT(" ",48-LEN(AJ16))&"*/",IF(AJ15<>"","};","")) -> (U1)ALERT_REQ_P_OILPRE_BC_ON, /* 10 ON */ | AU16: } | AV16: ACT | AW16: =IF(AW6<>AW17,VLOOKUP(AW6,Matrix!$C$13:$G$37,2,FALSE),Matrix!D13) -> ALERT_VOM_IGN_ON
C17: =ROW()-ROW($C$6) -> 11 | D17: × | E17: × | F17: × | G17: × | H17: × | I17: × | J17: × | K17: × | L17: × | M17: × | N17: × | O17: × | P17: × | Q17: × | R17: × | S17: × | T17: × | U17: × | V17: × | W17: × | X17: × | Y17: × | Z17: × | AA17: × | AB17: × | AC17: × | AD17: 0 | AE17: 0 | AF17: 1 | AG17: 0 | AH17: 1 | AI17: 1 | AJ17: UNKNOWN | AL17: =IF($AJ17="UNKNOWN"," (U1)ALERT_REQ_UNKNOWN"," (U1)"&"ALERT_REQ_"&$AW$17&"_"&IF($AW$6<>$AW$17,$AW$6&"_","")&AJ17) -> (U1)ALERT_REQ_UNKNOWN | AR17: =IF(AQ82<>"",AQ82,IF(AQ81<>"","};","")) -> (U4)0x0000000BU, /* 11 UNKNOWN */ | AS17: =IF(AQ147<>"",AQ147,IF(AQ146<>"","};","")) -> (U4)0x0000003FU, /* 11 UNKNOWN */ | AT17: =IF(AJ17<>"",AL17&IF(AJ18<>"",","," ")&REPT(" ",78-LEN(AL17))&"/* "&IF(C17<10,"0"&C17,C17)&" "&AJ17&REPT(" ",48-LEN(AJ17))&"*/",IF(AJ16<>"","};","")) -> (U1)ALERT_REQ_UNKNOWN, /* 11 UNKNOWN */ | AU17: }; | AV17: ALERT_MTRX変数名 | AW17: =UPPER(Matrix!$D$6) -> P_OILPRE
C18: =ROW()-ROW($C$6) -> 12 | D18: × | E18: × | F18: × | G18: × | H18: × | I18: × | J18: × | K18: × | L18: × | M18: × | N18: × | O18: × | P18: × | Q18: × | R18: × | S18: × | T18: × | U18: × | V18: × | W18: × | X18: × | Y18: × | Z18: × | AA18: × | AB18: × | AC18: × | AD18: 0 | AE18: 0 | AF18: 1 | AG18: 1 | AH18: 0 | AI18: 0 | AJ18: UNKNOWN | AL18: =IF($AJ18="UNKNOWN"," (U1)ALERT_REQ_UNKNOWN"," (U1)"&"ALERT_REQ_"&$AW$17&"_"&IF($AW$6<>$AW$17,$AW$6&"_","")&AJ18) -> (U1)ALERT_REQ_UNKNOWN | AR18: =IF(AQ83<>"",AQ83,IF(AQ82<>"","};","")) -> (U4)0x0000000CU, /* 12 UNKNOWN */ | AS18: =IF(AQ148<>"",AQ148,IF(AQ147<>"","};","")) -> (U4)0x0000003FU, /* 12 UNKNOWN */ | AT18: =IF(AJ18<>"",AL18&IF(AJ19<>"",","," ")&REPT(" ",78-LEN(AL18))&"/* "&IF(C18<10,"0"&C18,C18)&" "&AJ18&REPT(" ",48-LEN(AJ18))&"*/",IF(AJ17<>"","};","")) -> (U1)ALERT_REQ_UNKNOWN, /* 12 UNKNOWN */
C19: =ROW()-ROW($C$6) -> 13 | D19: × | E19: × | F19: × | G19: × | H19: × | I19: × | J19: × | K19: × | L19: × | M19: × | N19: × | O19: × | P19: × | Q19: × | R19: × | S19: × | T19: × | U19: × | V19: × | W19: × | X19: × | Y19: × | Z19: × | AA19: × | AB19: × | AC19: × | AD19: 0 | AE19: 0 | AF19: 1 | AG19: 1 | AH19: 0 | AI19: 1 | AJ19: UNKNOWN | AL19: =IF($AJ19="UNKNOWN"," (U1)ALERT_REQ_UNKNOWN"," (U1)"&"ALERT_REQ_"&$AW$17&"_"&IF($AW$6<>$AW$17,$AW$6&"_","")&AJ19) -> (U1)ALERT_REQ_UNKNOWN | AR19: =IF(AQ84<>"",AQ84,IF(AQ83<>"","};","")) -> (U4)0x0000000DU, /* 13 UNKNOWN */ | AS19: =IF(AQ149<>"",AQ149,IF(AQ148<>"","};","")) -> (U4)0x0000003FU, /* 13 UNKNOWN */ | AT19: =IF(AJ19<>"",AL19&IF(AJ20<>"",","," ")&REPT(" ",78-LEN(AL19))&"/* "&IF(C19<10,"0"&C19,C19)&" "&AJ19&REPT(" ",48-LEN(AJ19))&"*/",IF(AJ18<>"","};","")) -> (U1)ALERT_REQ_UNKNOWN, /* 13 UNKNOWN */
C20: =ROW()-ROW($C$6) -> 14 | D20: × | E20: × | F20: × | G20: × | H20: × | I20: × | J20: × | K20: × | L20: × | M20: × | N20: × | O20: × | P20: × | Q20: × | R20: × | S20: × | T20: × | U20: × | V20: × | W20: × | X20: × | Y20: × | Z20: × | AA20: × | AB20: × | AC20: × | AD20: 0 | AE20: 0 | AF20: 1 | AG20: 1 | AH20: 1 | AI20: 0 | AJ20: ON | AL20: =IF($AJ20="UNKNOWN"," (U1)ALERT_REQ_UNKNOWN"," (U1)"&"ALERT_REQ_"&$AW$17&"_"&IF($AW$6<>$AW$17,$AW$6&"_","")&AJ20) -> (U1)ALERT_REQ_P_OILPRE_BC_ON | AR20: =IF(AQ85<>"",AQ85,IF(AQ84<>"","};","")) -> (U4)0x0000000EU, /* 14 ON */ | AS20: =IF(AQ150<>"",AQ150,IF(AQ149<>"","};","")) -> (U4)0x0000003FU, /* 14 ON */ | AT20: =IF(AJ20<>"",AL20&IF(AJ21<>"",","," ")&REPT(" ",78-LEN(AL20))&"/* "&IF(C20<10,"0"&C20,C20)&" "&AJ20&REPT(" ",48-LEN(AJ20))&"*/",IF(AJ19<>"","};","")) -> (U1)ALERT_REQ_P_OILPRE_BC_ON, /* 14 ON */
C21: =ROW()-ROW($C$6) -> 15 | D21: × | E21: × | F21: × | G21: × | H21: × | I21: × | J21: × | K21: × | L21: × | M21: × | N21: × | O21: × | P21: × | Q21: × | R21: × | S21: × | T21: × | U21: × | V21: × | W21: × | X21: × | Y21: × | Z21: × | AA21: × | AB21: × | AC21: × | AD21: 0 | AE21: 0 | AF21: 1 | AG21: 1 | AH21: 1 | AI21: 1 | AJ21: ON | AL21: =IF($AJ21="UNKNOWN"," (U1)ALERT_REQ_UNKNOWN"," (U1)"&"ALERT_REQ_"&$AW$17&"_"&IF($AW$6<>$AW$17,$AW$6&"_","")&AJ21) -> (U1)ALERT_REQ_P_OILPRE_BC_ON | AR21: =IF(AQ86<>"",AQ86,IF(AQ85<>"","};","")) -> (U4)0x0000000FU, /* 15 ON */ | AS21: =IF(AQ151<>"",AQ151,IF(AQ150<>"","};","")) -> (U4)0x0000003FU, /* 15 ON */ | AT21: =IF(AJ21<>"",AL21&IF(AJ22<>"",","," ")&REPT(" ",78-LEN(AL21))&"/* "&IF(C21<10,"0"&C21,C21)&" "&AJ21&REPT(" ",48-LEN(AJ21))&"*/",IF(AJ20<>"","};","")) -> (U1)ALERT_REQ_P_OILPRE_BC_ON, /* 15 ON */
C22: =ROW()-ROW($C$6) -> 16 | D22: × | E22: × | F22: × | G22: × | H22: × | I22: × | J22: × | K22: × | L22: × | M22: × | N22: × | O22: × | P22: × | Q22: × | R22: × | S22: × | T22: × | U22: × | V22: × | W22: × | X22: × | Y22: × | Z22: × | AA22: × | AB22: × | AC22: × | AD22: 0 | AE22: 1 | AF22: 0 | AG22: 0 | AH22: 0 | AI22: 0 | AJ22: UNKNOWN | AL22: =IF($AJ22="UNKNOWN"," (U1)ALERT_REQ_UNKNOWN"," (U1)"&"ALERT_REQ_"&$AW$17&"_"&IF($AW$6<>$AW$17,$AW$6&"_","")&AJ22) -> (U1)ALERT_REQ_UNKNOWN | AR22: =IF(AQ87<>"",AQ87,IF(AQ86<>"","};","")) -> (U4)0x00000010U, /* 16 UNKNOWN */ | AS22: =IF(AQ152<>"",AQ152,IF(AQ151<>"","};","")) -> (U4)0x0000003FU, /* 16 UNKNOWN */ | AT22: =IF(AJ22<>"",AL22&IF(AJ23<>"",","," ")&REPT(" ",78-LEN(AL22))&"/* "&IF(C22<10,"0"&C22,C22)&" "&AJ22&REPT(" ",48-LEN(AJ22))&"*/",IF(AJ21<>"","};","")) -> (U1)ALERT_REQ_UNKNOWN, /* 16 UNKNOWN */
C23: =ROW()-ROW($C$6) -> 17 | D23: × | E23: × | F23: × | G23: × | H23: × | I23: × | J23: × | K23: × | L23: × | M23: × | N23: × | O23: × | P23: × | Q23: × | R23: × | S23: × | T23: × | U23: × | V23: × | W23: × | X23: × | Y23: × | Z23: × | AA23: × | AB23: × | AC23: × | AD23: 0 | AE23: 1 | AF23: 0 | AG23: 0 | AH23: 0 | AI23: 1 | AJ23: UNKNOWN | AL23: =IF($AJ23="UNKNOWN"," (U1)ALERT_REQ_UNKNOWN"," (U1)"&"ALERT_REQ_"&$AW$17&"_"&IF($AW$6<>$AW$17,$AW$6&"_","")&AJ23) -> (U1)ALERT_REQ_UNKNOWN | AR23: =IF(AQ88<>"",AQ88,IF(AQ87<>"","};","")) -> (U4)0x00000011U, /* 17 UNKNOWN */ | AS23: =IF(AQ153<>"",AQ153,IF(AQ152<>"","};","")) -> (U4)0x0000003FU, /* 17 UNKNOWN */ | AT23: =IF(AJ23<>"",AL23&IF(AJ24<>"",","," ")&REPT(" ",78-LEN(AL23))&"/* "&IF(C23<10,"0"&C23,C23)&" "&AJ23&REPT(" ",48-LEN(AJ23))&"*/",IF(AJ22<>"","};","")) -> (U1)ALERT_REQ_UNKNOWN, /* 17 UNKNOWN */
C24: =ROW()-ROW($C$6) -> 18 | D24: × | E24: × | F24: × | G24: × | H24: × | I24: × | J24: × | K24: × | L24: × | M24: × | N24: × | O24: × | P24: × | Q24: × | R24: × | S24: × | T24: × | U24: × | V24: × | W24: × | X24: × | Y24: × | Z24: × | AA24: × | AB24: × | AC24: × | AD24: 0 | AE24: 1 | AF24: 0 | AG24: 0 | AH24: 1 | AI24: 0 | AJ24: UNKNOWN | AL24: =IF($AJ24="UNKNOWN"," (U1)ALERT_REQ_UNKNOWN"," (U1)"&"ALERT_REQ_"&$AW$17&"_"&IF($AW$6<>$AW$17,$AW$6&"_","")&AJ24) -> (U1)ALERT_REQ_UNKNOWN | AR24: =IF(AQ89<>"",AQ89,IF(AQ88<>"","};","")) -> (U4)0x00000012U, /* 18 UNKNOWN */ | AS24: =IF(AQ154<>"",AQ154,IF(AQ153<>"","};","")) -> (U4)0x0000003FU, /* 18 UNKNOWN */ | AT24: =IF(AJ24<>"",AL24&IF(AJ25<>"",","," ")&REPT(" ",78-LEN(AL24))&"/* "&IF(C24<10,"0"&C24,C24)&" "&AJ24&REPT(" ",48-LEN(AJ24))&"*/",IF(AJ23<>"","};","")) -> (U1)ALERT_REQ_UNKNOWN, /* 18 UNKNOWN */
C25: =ROW()-ROW($C$6) -> 19 | D25: × | E25: × | F25: × | G25: × | H25: × | I25: × | J25: × | K25: × | L25: × | M25: × | N25: × | O25: × | P25: × | Q25: × | R25: × | S25: × | T25: × | U25: × | V25: × | W25: × | X25: × | Y25: × | Z25: × | AA25: × | AB25: × | AC25: × | AD25: 0 | AE25: 1 | AF25: 0 | AG25: 0 | AH25: 1 | AI25: 1 | AJ25: UNKNOWN | AL25: =IF($AJ25="UNKNOWN"," (U1)ALERT_REQ_UNKNOWN"," (U1)"&"ALERT_REQ_"&$AW$17&"_"&IF($AW$6<>$AW$17,$AW$6&"_","")&AJ25) -> (U1)ALERT_REQ_UNKNOWN | AR25: =IF(AQ90<>"",AQ90,IF(AQ89<>"","};","")) -> (U4)0x00000013U, /* 19 UNKNOWN */ | AS25: =IF(AQ155<>"",AQ155,IF(AQ154<>"","};","")) -> (U4)0x0000003FU, /* 19 UNKNOWN */ | AT25: =IF(AJ25<>"",AL25&IF(AJ26<>"",","," ")&REPT(" ",78-LEN(AL25))&"/* "&IF(C25<10,"0"&C25,C25)&" "&AJ25&REPT(" ",48-LEN(AJ25))&"*/",IF(AJ24<>"","};","")) -> (U1)ALERT_REQ_UNKNOWN, /* 19 UNKNOWN */
C26: =ROW()-ROW($C$6) -> 20 | D26: × | E26: × | F26: × | G26: × | H26: × | I26: × | J26: × | K26: × | L26: × | M26: × | N26: × | O26: × | P26: × | Q26: × | R26: × | S26: × | T26: × | U26: × | V26: × | W26: × | X26: × | Y26: × | Z26: × | AA26: × | AB26: × | AC26: × | AD26: 0 | AE26: 1 | AF26: 0 | AG26: 1 | AH26: 0 | AI26: 0 | AJ26: UNKNOWN | AL26: =IF($AJ26="UNKNOWN"," (U1)ALERT_REQ_UNKNOWN"," (U1)"&"ALERT_REQ_"&$AW$17&"_"&IF($AW$6<>$AW$17,$AW$6&"_","")&AJ26) -> (U1)ALERT_REQ_UNKNOWN | AR26: =IF(AQ91<>"",AQ91,IF(AQ90<>"","};","")) -> (U4)0x00000014U, /* 20 UNKNOWN */ | AS26: =IF(AQ156<>"",AQ156,IF(AQ155<>"","};","")) -> (U4)0x0000003FU, /* 20 UNKNOWN */ | AT26: =IF(AJ26<>"",AL26&IF(AJ27<>"",","," ")&REPT(" ",78-LEN(AL26))&"/* "&IF(C26<10,"0"&C26,C26)&" "&AJ26&REPT(" ",48-LEN(AJ26))&"*/",IF(AJ25<>"","};","")) -> (U1)ALERT_REQ_UNKNOWN, /* 20 UNKNOWN */
C27: =ROW()-ROW($C$6) -> 21 | D27: × | E27: × | F27: × | G27: × | H27: × | I27: × | J27: × | K27: × | L27: × | M27: × | N27: × | O27: × | P27: × | Q27: × | R27: × | S27: × | T27: × | U27: × | V27: × | W27: × | X27: × | Y27: × | Z27: × | AA27: × | AB27: × | AC27: × | AD27: 0 | AE27: 1 | AF27: 0 | AG27: 1 | AH27: 0 | AI27: 1 | AJ27: UNKNOWN | AL27: =IF($AJ27="UNKNOWN"," (U1)ALERT_REQ_UNKNOWN"," (U1)"&"ALERT_REQ_"&$AW$17&"_"&IF($AW$6<>$AW$17,$AW$6&"_","")&AJ27) -> (U1)ALERT_REQ_UNKNOWN | AR27: =IF(AQ92<>"",AQ92,IF(AQ91<>"","};","")) -> (U4)0x00000015U, /* 21 UNKNOWN */ | AS27: =IF(AQ157<>"",AQ157,IF(AQ156<>"","};","")) -> (U4)0x0000003FU, /* 21 UNKNOWN */ | AT27: =IF(AJ27<>"",AL27&IF(AJ28<>"",","," ")&REPT(" ",78-LEN(AL27))&"/* "&IF(C27<10,"0"&C27,C27)&" "&AJ27&REPT(" ",48-LEN(AJ27))&"*/",IF(AJ26<>"","};","")) -> (U1)ALERT_REQ_UNKNOWN, /* 21 UNKNOWN */
C28: =ROW()-ROW($C$6) -> 22 | D28: × | E28: × | F28: × | G28: × | H28: × | I28: × | J28: × | K28: × | L28: × | M28: × | N28: × | O28: × | P28: × | Q28: × | R28: × | S28: × | T28: × | U28: × | V28: × | W28: × | X28: × | Y28: × | Z28: × | AA28: × | AB28: × | AC28: × | AD28: 0 | AE28: 1 | AF28: 0 | AG28: 1 | AH28: 1 | AI28: 0 | AJ28: UNKNOWN | AL28: =IF($AJ28="UNKNOWN"," (U1)ALERT_REQ_UNKNOWN"," (U1)"&"ALERT_REQ_"&$AW$17&"_"&IF($AW$6<>$AW$17,$AW$6&"_","")&AJ28) -> (U1)ALERT_REQ_UNKNOWN | AR28: =IF(AQ93<>"",AQ93,IF(AQ92<>"","};","")) -> (U4)0x00000016U, /* 22 UNKNOWN */ | AS28: =IF(AQ158<>"",AQ158,IF(AQ157<>"","};","")) -> (U4)0x0000003FU, /* 22 UNKNOWN */ | AT28: =IF(AJ28<>"",AL28&IF(AJ29<>"",","," ")&REPT(" ",78-LEN(AL28))&"/* "&IF(C28<10,"0"&C28,C28)&" "&AJ28&REPT(" ",48-LEN(AJ28))&"*/",IF(AJ27<>"","};","")) -> (U1)ALERT_REQ_UNKNOWN, /* 22 UNKNOWN */
C29: =ROW()-ROW($C$6) -> 23 | D29: × | E29: × | F29: × | G29: × | H29: × | I29: × | J29: × | K29: × | L29: × | M29: × | N29: × | O29: × | P29: × | Q29: × | R29: × | S29: × | T29: × | U29: × | V29: × | W29: × | X29: × | Y29: × | Z29: × | AA29: × | AB29: × | AC29: × | AD29: 0 | AE29: 1 | AF29: 0 | AG29: 1 | AH29: 1 | AI29: 1 | AJ29: UNKNOWN | AL29: =IF($AJ29="UNKNOWN"," (U1)ALERT_REQ_UNKNOWN"," (U1)"&"ALERT_REQ_"&$AW$17&"_"&IF($AW$6<>$AW$17,$AW$6&"_","")&AJ29) -> (U1)ALERT_REQ_UNKNOWN | AR29: =IF(AQ94<>"",AQ94,IF(AQ93<>"","};","")) -> (U4)0x00000017U, /* 23 UNKNOWN */ | AS29: =IF(AQ159<>"",AQ159,IF(AQ158<>"","};","")) -> (U4)0x0000003FU, /* 23 UNKNOWN */ | AT29: =IF(AJ29<>"",AL29&IF(AJ30<>"",","," ")&REPT(" ",78-LEN(AL29))&"/* "&IF(C29<10,"0"&C29,C29)&" "&AJ29&REPT(" ",48-LEN(AJ29))&"*/",IF(AJ28<>"","};","")) -> (U1)ALERT_REQ_UNKNOWN, /* 23 UNKNOWN */
... C69: =ROW()-ROW($C$6) -> 63 | D69: × | E69: × | F69: × | G69: × | H69: × | I69: × | J69: × | K69: × | L69: × | M69: × | N69: × | O69: × | P69: × | Q69: × | R69: × | S69: × | T69: × | U69: × | V69: × | W69: × | X69: × | Y69: × | Z69: × | AA69: × | AB69: × | AC69: × | AD69: 1 | AE69: 1 | AF69: 1 | AG69: 1 | AH69: 1 | AI69: 1 | AJ69: ON | AL69: =IF($AJ69="UNKNOWN"," (U1)ALERT_REQ_UNKNOWN"," (U1)"&"ALERT_REQ_"&$AW$17&"_"&IF($AW$6<>$AW$17,$AW$6&"_","")&AJ69) -> (U1)ALERT_REQ_P_OILPRE_BC_ON | AR69: =IF(AQ134<>"",AQ134,IF(AQ133<>"","};","")) -> (U4)0x0000003FU /* 63 ON */ | AS69: =IF(AQ199<>"",AQ199,IF(AQ198<>"","};","")) -> (U4)0x0000003FU /* 63 ON */ | AT69: =IF(AJ69<>"",AL69&IF(AJ70<>"",","," ")&REPT(" ",78-LEN(AL69))&"/* "&IF(C69<10,"0"&C69,C69)&" "&AJ69&REPT(" ",48-LEN(AJ69))&"*/",IF(AJ68<>"","};","")) -> (U1)ALERT_REQ_P_OILPRE_BC_ON /* 63 ON */
A70: Criteria | AR70: =IF(AQ135<>"",AQ135,IF(AQ134<>"","};","")) -> }; | AS70: =IF(AQ200<>"",AQ200,IF(AQ199<>"","};","")) -> }; | AT70: =IF(AJ70<>"",AL70&IF(AJ71<>"",","," ")&REPT(" ",78-LEN(AL70))&"/* "&IF(C70<10,"0"&C70,C70)&" "&AJ70&REPT(" ",48-LEN(AJ70))&"*/",IF(AJ69<>"","};","")) -> };
B71: =IF(B6<>"",B6,"") -> Table BC | C71: =IF(C6<>"",C6,"") -> 0 | D71: =IF(D6=1,1,0) -> 0 | E71: =IF(E6=1,1,0) -> 0 | F71: =IF(F6=1,1,0) -> 0 | G71: =IF(G6=1,1,0) -> 0 | H71: =IF(H6=1,1,0) -> 0 | I71: =IF(I6=1,1,0) -> 0 | J71: =IF(J6=1,1,0) -> 0 | K71: =IF(K6=1,1,0) -> 0 | ... AI71: =IF(AI6=1,1,0) -> 0 | AJ71: =IF(AJ6<>"",AJ6,"") -> UNKNOWN | AL71: =BIN2HEX(AB71&AC71&AD71&AE71&AF71&AG71&AH71&AI71,2) -> 00 | AM71: =BIN2HEX(T71&U71&V71&W71&X71&Y71&Z71&AA71,2) -> 00 | AN71: =BIN2HEX(L71&M71&N71&O71&P71&Q71&R71&S71,2) -> 00 | AO71: =BIN2HEX(D71&E71&F71&G71&H71&I71&J71&K71,2) -> 00 | AQ71: =IF(AJ71="",""," (U4)0x"&AO71&AN71&AM71&AL71&"U"&IF(AJ72=""," ",",")&REPT(" ",59)&"/* "&IF(C71<10,"0"&C71,C71)&" "&AJ71&REPT(" ",47-LEN(AJ71))&" */") -> (U4)0x00000000U, /* 00 UNKNOWN */
C72: =IF(C7<>"",C7,"") -> 1 | D72: =IF(D7=1,1,0) -> 0 | E72: =IF(E7=1,1,0) -> 0 | F72: =IF(F7=1,1,0) -> 0 | G72: =IF(G7=1,1,0) -> 0 | H72: =IF(H7=1,1,0) -> 0 | I72: =IF(I7=1,1,0) -> 0 | J72: =IF(J7=1,1,0) -> 0 | K72: =IF(K7=1,1,0) -> 0 | ... AI72: =IF(AI7=1,1,0) -> 1 | AJ72: =IF(AJ7<>"",AJ7,"") -> UNKNOWN | AL72: =BIN2HEX(AB72&AC72&AD72&AE72&AF72&AG72&AH72&AI72,2) -> 01 | AM72: =BIN2HEX(T72&U72&V72&W72&X72&Y72&Z72&AA72,2) -> 00 | AN72: =BIN2HEX(L72&M72&N72&O72&P72&Q72&R72&S72,2) -> 00 | AO72: =BIN2HEX(D72&E72&F72&G72&H72&I72&J72&K72,2) -> 00 | AQ72: =IF(AJ72="",""," (U4)0x"&AO72&AN72&AM72&AL72&"U"&IF(AJ73=""," ",",")&REPT(" ",59)&"/* "&IF(C72<10,"0"&C72,C72)&" "&AJ72&REPT(" ",47-LEN(AJ72))&" */") -> (U4)0x00000001U, /* 01 UNKNOWN */
C73: =IF(C8<>"",C8,"") -> 2 | D73: =IF(D8=1,1,0) -> 0 | E73: =IF(E8=1,1,0) -> 0 | F73: =IF(F8=1,1,0) -> 0 | G73: =IF(G8=1,1,0) -> 0 | H73: =IF(H8=1,1,0) -> 0 | I73: =IF(I8=1,1,0) -> 0 | J73: =IF(J8=1,1,0) -> 0 | K73: =IF(K8=1,1,0) -> 0 | ... AI73: =IF(AI8=1,1,0) -> 0 | AJ73: =IF(AJ8<>"",AJ8,"") -> UNKNOWN | AL73: =BIN2HEX(AB73&AC73&AD73&AE73&AF73&AG73&AH73&AI73,2) -> 02 | AM73: =BIN2HEX(T73&U73&V73&W73&X73&Y73&Z73&AA73,2) -> 00 | AN73: =BIN2HEX(L73&M73&N73&O73&P73&Q73&R73&S73,2) -> 00 | AO73: =BIN2HEX(D73&E73&F73&G73&H73&I73&J73&K73,2) -> 00 | AQ73: =IF(AJ73="",""," (U4)0x"&AO73&AN73&AM73&AL73&"U"&IF(AJ74=""," ",",")&REPT(" ",59)&"/* "&IF(C73<10,"0"&C73,C73)&" "&AJ73&REPT(" ",47-LEN(AJ73))&" */") -> (U4)0x00000002U, /* 02 UNKNOWN */
C74: =IF(C9<>"",C9,"") -> 3 | D74: =IF(D9=1,1,0) -> 0 | E74: =IF(E9=1,1,0) -> 0 | F74: =IF(F9=1,1,0) -> 0 | G74: =IF(G9=1,1,0) -> 0 | H74: =IF(H9=1,1,0) -> 0 | I74: =IF(I9=1,1,0) -> 0 | J74: =IF(J9=1,1,0) -> 0 | K74: =IF(K9=1,1,0) -> 0 | ... AI74: =IF(AI9=1,1,0) -> 1 | AJ74: =IF(AJ9<>"",AJ9,"") -> UNKNOWN | AL74: =BIN2HEX(AB74&AC74&AD74&AE74&AF74&AG74&AH74&AI74,2) -> 03 | AM74: =BIN2HEX(T74&U74&V74&W74&X74&Y74&Z74&AA74,2) -> 00 | AN74: =BIN2HEX(L74&M74&N74&O74&P74&Q74&R74&S74,2) -> 00 | AO74: =BIN2HEX(D74&E74&F74&G74&H74&I74&J74&K74,2) -> 00 | AQ74: =IF(AJ74="",""," (U4)0x"&AO74&AN74&AM74&AL74&"U"&IF(AJ75=""," ",",")&REPT(" ",59)&"/* "&IF(C74<10,"0"&C74,C74)&" "&AJ74&REPT(" ",47-LEN(AJ74))&" */") -> (U4)0x00000003U, /* 03 UNKNOWN */
C75: =IF(C10<>"",C10,"") -> 4 | D75: =IF(D10=1,1,0) -> 0 | E75: =IF(E10=1,1,0) -> 0 | F75: =IF(F10=1,1,0) -> 0 | G75: =IF(G10=1,1,0) -> 0 | H75: =IF(H10=1,1,0) -> 0 | I75: =IF(I10=1,1,0) -> 0 | J75: =IF(J10=1,1,0) -> 0 | K75: =IF(K10=1,1,0) -> 0 | ... AI75: =IF(AI10=1,1,0) -> 0 | AJ75: =IF(AJ10<>"",AJ10,"") -> UNKNOWN | AL75: =BIN2HEX(AB75&AC75&AD75&AE75&AF75&AG75&AH75&AI75,2) -> 04 | AM75: =BIN2HEX(T75&U75&V75&W75&X75&Y75&Z75&AA75,2) -> 00 | AN75: =BIN2HEX(L75&M75&N75&O75&P75&Q75&R75&S75,2) -> 00 | AO75: =BIN2HEX(D75&E75&F75&G75&H75&I75&J75&K75,2) -> 00 | AQ75: =IF(AJ75="",""," (U4)0x"&AO75&AN75&AM75&AL75&"U"&IF(AJ76=""," ",",")&REPT(" ",59)&"/* "&IF(C75<10,"0"&C75,C75)&" "&AJ75&REPT(" ",47-LEN(AJ75))&" */") -> (U4)0x00000004U, /* 04 UNKNOWN */
C76: =IF(C11<>"",C11,"") -> 5 | D76: =IF(D11=1,1,0) -> 0 | E76: =IF(E11=1,1,0) -> 0 | F76: =IF(F11=1,1,0) -> 0 | G76: =IF(G11=1,1,0) -> 0 | H76: =IF(H11=1,1,0) -> 0 | I76: =IF(I11=1,1,0) -> 0 | J76: =IF(J11=1,1,0) -> 0 | K76: =IF(K11=1,1,0) -> 0 | ... AI76: =IF(AI11=1,1,0) -> 1 | AJ76: =IF(AJ11<>"",AJ11,"") -> UNKNOWN | AL76: =BIN2HEX(AB76&AC76&AD76&AE76&AF76&AG76&AH76&AI76,2) -> 05 | AM76: =BIN2HEX(T76&U76&V76&W76&X76&Y76&Z76&AA76,2) -> 00 | AN76: =BIN2HEX(L76&M76&N76&O76&P76&Q76&R76&S76,2) -> 00 | AO76: =BIN2HEX(D76&E76&F76&G76&H76&I76&J76&K76,2) -> 00 | AQ76: =IF(AJ76="",""," (U4)0x"&AO76&AN76&AM76&AL76&"U"&IF(AJ77=""," ",",")&REPT(" ",59)&"/* "&IF(C76<10,"0"&C76,C76)&" "&AJ76&REPT(" ",47-LEN(AJ76))&" */") -> (U4)0x00000005U, /* 05 UNKNOWN */
C77: =IF(C12<>"",C12,"") -> 6 | D77: =IF(D12=1,1,0) -> 0 | E77: =IF(E12=1,1,0) -> 0 | F77: =IF(F12=1,1,0) -> 0 | G77: =IF(G12=1,1,0) -> 0 | H77: =IF(H12=1,1,0) -> 0 | I77: =IF(I12=1,1,0) -> 0 | J77: =IF(J12=1,1,0) -> 0 | K77: =IF(K12=1,1,0) -> 0 | ... AI77: =IF(AI12=1,1,0) -> 0 | AJ77: =IF(AJ12<>"",AJ12,"") -> UNKNOWN | AL77: =BIN2HEX(AB77&AC77&AD77&AE77&AF77&AG77&AH77&AI77,2) -> 06 | AM77: =BIN2HEX(T77&U77&V77&W77&X77&Y77&Z77&AA77,2) -> 00 | AN77: =BIN2HEX(L77&M77&N77&O77&P77&Q77&R77&S77,2) -> 00 | AO77: =BIN2HEX(D77&E77&F77&G77&H77&I77&J77&K77,2) -> 00 | AQ77: =IF(AJ77="",""," (U4)0x"&AO77&AN77&AM77&AL77&"U"&IF(AJ78=""," ",",")&REPT(" ",59)&"/* "&IF(C77<10,"0"&C77,C77)&" "&AJ77&REPT(" ",47-LEN(AJ77))&" */") -> (U4)0x00000006U, /* 06 UNKNOWN */
C78: =IF(C13<>"",C13,"") -> 7 | D78: =IF(D13=1,1,0) -> 0 | E78: =IF(E13=1,1,0) -> 0 | F78: =IF(F13=1,1,0) -> 0 | G78: =IF(G13=1,1,0) -> 0 | H78: =IF(H13=1,1,0) -> 0 | I78: =IF(I13=1,1,0) -> 0 | J78: =IF(J13=1,1,0) -> 0 | K78: =IF(K13=1,1,0) -> 0 | ... AI78: =IF(AI13=1,1,0) -> 1 | AJ78: =IF(AJ13<>"",AJ13,"") -> UNKNOWN | AL78: =BIN2HEX(AB78&AC78&AD78&AE78&AF78&AG78&AH78&AI78,2) -> 07 | AM78: =BIN2HEX(T78&U78&V78&W78&X78&Y78&Z78&AA78,2) -> 00 | AN78: =BIN2HEX(L78&M78&N78&O78&P78&Q78&R78&S78,2) -> 00 | AO78: =BIN2HEX(D78&E78&F78&G78&H78&I78&J78&K78,2) -> 00 | AQ78: =IF(AJ78="",""," (U4)0x"&AO78&AN78&AM78&AL78&"U"&IF(AJ79=""," ",",")&REPT(" ",59)&"/* "&IF(C78<10,"0"&C78,C78)&" "&AJ78&REPT(" ",47-LEN(AJ78))&" */") -> (U4)0x00000007U, /* 07 UNKNOWN */
C79: =IF(C14<>"",C14,"") -> 8 | D79: =IF(D14=1,1,0) -> 0 | E79: =IF(E14=1,1,0) -> 0 | F79: =IF(F14=1,1,0) -> 0 | G79: =IF(G14=1,1,0) -> 0 | H79: =IF(H14=1,1,0) -> 0 | I79: =IF(I14=1,1,0) -> 0 | J79: =IF(J14=1,1,0) -> 0 | K79: =IF(K14=1,1,0) -> 0 | ... AI79: =IF(AI14=1,1,0) -> 0 | AJ79: =IF(AJ14<>"",AJ14,"") -> UNKNOWN | AL79: =BIN2HEX(AB79&AC79&AD79&AE79&AF79&AG79&AH79&AI79,2) -> 08 | AM79: =BIN2HEX(T79&U79&V79&W79&X79&Y79&Z79&AA79,2) -> 00 | AN79: =BIN2HEX(L79&M79&N79&O79&P79&Q79&R79&S79,2) -> 00 | AO79: =BIN2HEX(D79&E79&F79&G79&H79&I79&J79&K79,2) -> 00 | AQ79: =IF(AJ79="",""," (U4)0x"&AO79&AN79&AM79&AL79&"U"&IF(AJ80=""," ",",")&REPT(" ",59)&"/* "&IF(C79<10,"0"&C79,C79)&" "&AJ79&REPT(" ",47-LEN(AJ79))&" */") -> (U4)0x00000008U, /* 08 UNKNOWN */
C80: =IF(C15<>"",C15,"") -> 9 | D80: =IF(D15=1,1,0) -> 0 | E80: =IF(E15=1,1,0) -> 0 | F80: =IF(F15=1,1,0) -> 0 | G80: =IF(G15=1,1,0) -> 0 | H80: =IF(H15=1,1,0) -> 0 | I80: =IF(I15=1,1,0) -> 0 | J80: =IF(J15=1,1,0) -> 0 | K80: =IF(K15=1,1,0) -> 0 | ... AI80: =IF(AI15=1,1,0) -> 1 | AJ80: =IF(AJ15<>"",AJ15,"") -> UNKNOWN | AL80: =BIN2HEX(AB80&AC80&AD80&AE80&AF80&AG80&AH80&AI80,2) -> 09 | AM80: =BIN2HEX(T80&U80&V80&W80&X80&Y80&Z80&AA80,2) -> 00 | AN80: =BIN2HEX(L80&M80&N80&O80&P80&Q80&R80&S80,2) -> 00 | AO80: =BIN2HEX(D80&E80&F80&G80&H80&I80&J80&K80,2) -> 00 | AQ80: =IF(AJ80="",""," (U4)0x"&AO80&AN80&AM80&AL80&"U"&IF(AJ81=""," ",",")&REPT(" ",59)&"/* "&IF(C80<10,"0"&C80,C80)&" "&AJ80&REPT(" ",47-LEN(AJ80))&" */") -> (U4)0x00000009U, /* 09 UNKNOWN */
C81: =IF(C16<>"",C16,"") -> 10 | D81: =IF(D16=1,1,0) -> 0 | E81: =IF(E16=1,1,0) -> 0 | F81: =IF(F16=1,1,0) -> 0 | G81: =IF(G16=1,1,0) -> 0 | H81: =IF(H16=1,1,0) -> 0 | I81: =IF(I16=1,1,0) -> 0 | J81: =IF(J16=1,1,0) -> 0 | K81: =IF(K16=1,1,0) -> 0 | ... AI81: =IF(AI16=1,1,0) -> 0 | AJ81: =IF(AJ16<>"",AJ16,"") -> ON | AL81: =BIN2HEX(AB81&AC81&AD81&AE81&AF81&AG81&AH81&AI81,2) -> 0A | AM81: =BIN2HEX(T81&U81&V81&W81&X81&Y81&Z81&AA81,2) -> 00 | AN81: =BIN2HEX(L81&M81&N81&O81&P81&Q81&R81&S81,2) -> 00 | AO81: =BIN2HEX(D81&E81&F81&G81&H81&I81&J81&K81,2) -> 00 | AQ81: =IF(AJ81="",""," (U4)0x"&AO81&AN81&AM81&AL81&"U"&IF(AJ82=""," ",",")&REPT(" ",59)&"/* "&IF(C81<10,"0"&C81,C81)&" "&AJ81&REPT(" ",47-LEN(AJ81))&" */") -> (U4)0x0000000AU, /* 10 ON */
C82: =IF(C17<>"",C17,"") -> 11 | D82: =IF(D17=1,1,0) -> 0 | E82: =IF(E17=1,1,0) -> 0 | F82: =IF(F17=1,1,0) -> 0 | G82: =IF(G17=1,1,0) -> 0 | H82: =IF(H17=1,1,0) -> 0 | I82: =IF(I17=1,1,0) -> 0 | J82: =IF(J17=1,1,0) -> 0 | K82: =IF(K17=1,1,0) -> 0 | ... AI82: =IF(AI17=1,1,0) -> 1 | AJ82: =IF(AJ17<>"",AJ17,"") -> UNKNOWN | AL82: =BIN2HEX(AB82&AC82&AD82&AE82&AF82&AG82&AH82&AI82,2) -> 0B | AM82: =BIN2HEX(T82&U82&V82&W82&X82&Y82&Z82&AA82,2) -> 00 | AN82: =BIN2HEX(L82&M82&N82&O82&P82&Q82&R82&S82,2) -> 00 | AO82: =BIN2HEX(D82&E82&F82&G82&H82&I82&J82&K82,2) -> 00 | AQ82: =IF(AJ82="",""," (U4)0x"&AO82&AN82&AM82&AL82&"U"&IF(AJ83=""," ",",")&REPT(" ",59)&"/* "&IF(C82<10,"0"&C82,C82)&" "&AJ82&REPT(" ",47-LEN(AJ82))&" */") -> (U4)0x0000000BU, /* 11 UNKNOWN */
C83: =IF(C18<>"",C18,"") -> 12 | D83: =IF(D18=1,1,0) -> 0 | E83: =IF(E18=1,1,0) -> 0 | F83: =IF(F18=1,1,0) -> 0 | G83: =IF(G18=1,1,0) -> 0 | H83: =IF(H18=1,1,0) -> 0 | I83: =IF(I18=1,1,0) -> 0 | J83: =IF(J18=1,1,0) -> 0 | K83: =IF(K18=1,1,0) -> 0 | ... AI83: =IF(AI18=1,1,0) -> 0 | AJ83: =IF(AJ18<>"",AJ18,"") -> UNKNOWN | AL83: =BIN2HEX(AB83&AC83&AD83&AE83&AF83&AG83&AH83&AI83,2) -> 0C | AM83: =BIN2HEX(T83&U83&V83&W83&X83&Y83&Z83&AA83,2) -> 00 | AN83: =BIN2HEX(L83&M83&N83&O83&P83&Q83&R83&S83,2) -> 00 | AO83: =BIN2HEX(D83&E83&F83&G83&H83&I83&J83&K83,2) -> 00 | AQ83: =IF(AJ83="",""," (U4)0x"&AO83&AN83&AM83&AL83&"U"&IF(AJ84=""," ",",")&REPT(" ",59)&"/* "&IF(C83<10,"0"&C83,C83)&" "&AJ83&REPT(" ",47-LEN(AJ83))&" */") -> (U4)0x0000000CU, /* 12 UNKNOWN */
... C134: =IF(C69<>"",C69,"") -> 63 | D134: =IF(D69=1,1,0) -> 0 | E134: =IF(E69=1,1,0) -> 0 | F134: =IF(F69=1,1,0) -> 0 | G134: =IF(G69=1,1,0) -> 0 | H134: =IF(H69=1,1,0) -> 0 | I134: =IF(I69=1,1,0) -> 0 | J134: =IF(J69=1,1,0) -> 0 | K134: =IF(K69=1,1,0) -> 0 | ... AI134: =IF(AI69=1,1,0) -> 1 | AJ134: =IF(AJ69<>"",AJ69,"") -> ON | AL134: =BIN2HEX(AB134&AC134&AD134&AE134&AF134&AG134&AH134&AI134,2) -> 3F | AM134: =BIN2HEX(T134&U134&V134&W134&X134&Y134&Z134&AA134,2) -> 00 | AN134: =BIN2HEX(L134&M134&N134&O134&P134&Q134&R134&S134,2) -> 00 | AO134: =BIN2HEX(D134&E134&F134&G134&H134&I134&J134&K134,2) -> 00 | AQ134: =IF(AJ134="",""," (U4)0x"&AO134&AN134&AM134&AL134&"U"&IF(AJ135=""," ",",")&REPT(" ",59)&"/* "&IF(C134<10,"0"&C134,C134)&" "&AJ134&REPT(" ",47-LEN(AJ134))&" */") -> (U4)0x0000003FU /* 63 ON */
A135: Mask
B136: =IF(B6<>"",B6,"") -> Table BC | C136: =IF(C6<>"",C6,"") -> 0 | D136: =IF(OR(D6=0,D6=1),1,0) -> 0 | E136: =IF(OR(E6=0,E6=1),1,0) -> 0 | F136: =IF(OR(F6=0,F6=1),1,0) -> 0 | G136: =IF(OR(G6=0,G6=1),1,0) -> 0 | H136: =IF(OR(H6=0,H6=1),1,0) -> 0 | I136: =IF(OR(I6=0,I6=1),1,0) -> 0 | J136: =IF(OR(J6=0,J6=1),1,0) -> 0 | K136: =IF(OR(K6=0,K6=1),1,0) -> 0 | ... AI136: =IF(OR(AI6=0,AI6=1),1,0) -> 1 | AJ136: =IF(AJ6<>"",AJ6,"") -> UNKNOWN | AL136: =BIN2HEX(AB136&AC136&AD136&AE136&AF136&AG136&AH136&AI136,2) -> 3F | AM136: =BIN2HEX(T136&U136&V136&W136&X136&Y136&Z136&AA136,2) -> 00 | AN136: =BIN2HEX(L136&M136&N136&O136&P136&Q136&R136&S136,2) -> 00 | AO136: =BIN2HEX(D136&E136&F136&G136&H136&I136&J136&K136,2) -> 00 | AQ136: =IF(AJ136="",""," (U4)0x"&AO136&AN136&AM136&AL136&"U"&IF(AJ137=""," ",",")&REPT(" ",59)&"/* "&IF(C136<10,"0"&C136,C136)&" "&AJ136&REPT(" ",47-LEN(AJ136))&" */") -> (U4)0x0000003FU, /* 00 UNKNOWN */
C137: =IF(C7<>"",C7,"") -> 1 | D137: =IF(OR(D7=0,D7=1),1,0) -> 0 | E137: =IF(OR(E7=0,E7=1),1,0) -> 0 | F137: =IF(OR(F7=0,F7=1),1,0) -> 0 | G137: =IF(OR(G7=0,G7=1),1,0) -> 0 | H137: =IF(OR(H7=0,H7=1),1,0) -> 0 | I137: =IF(OR(I7=0,I7=1),1,0) -> 0 | J137: =IF(OR(J7=0,J7=1),1,0) -> 0 | K137: =IF(OR(K7=0,K7=1),1,0) -> 0 | ... AI137: =IF(OR(AI7=0,AI7=1),1,0) -> 1 | AJ137: =IF(AJ7<>"",AJ7,"") -> UNKNOWN | AL137: =BIN2HEX(AB137&AC137&AD137&AE137&AF137&AG137&AH137&AI137,2) -> 3F | AM137: =BIN2HEX(T137&U137&V137&W137&X137&Y137&Z137&AA137,2) -> 00 | AN137: =BIN2HEX(L137&M137&N137&O137&P137&Q137&R137&S137,2) -> 00 | AO137: =BIN2HEX(D137&E137&F137&G137&H137&I137&J137&K137,2) -> 00 | AQ137: =IF(AJ137="",""," (U4)0x"&AO137&AN137&AM137&AL137&"U"&IF(AJ138=""," ",",")&REPT(" ",59)&"/* "&IF(C137<10,"0"&C137,C137)&" "&AJ137&REPT(" ",47-LEN(AJ137))&" */") -> (U4)0x0000003FU, /* 01 UNKNOWN */
C138: =IF(C8<>"",C8,"") -> 2 | D138: =IF(OR(D8=0,D8=1),1,0) -> 0 | E138: =IF(OR(E8=0,E8=1),1,0) -> 0 | F138: =IF(OR(F8=0,F8=1),1,0) -> 0 | G138: =IF(OR(G8=0,G8=1),1,0) -> 0 | H138: =IF(OR(H8=0,H8=1),1,0) -> 0 | I138: =IF(OR(I8=0,I8=1),1,0) -> 0 | J138: =IF(OR(J8=0,J8=1),1,0) -> 0 | K138: =IF(OR(K8=0,K8=1),1,0) -> 0 | ... AI138: =IF(OR(AI8=0,AI8=1),1,0) -> 1 | AJ138: =IF(AJ8<>"",AJ8,"") -> UNKNOWN | AL138: =BIN2HEX(AB138&AC138&AD138&AE138&AF138&AG138&AH138&AI138,2) -> 3F | AM138: =BIN2HEX(T138&U138&V138&W138&X138&Y138&Z138&AA138,2) -> 00 | AN138: =BIN2HEX(L138&M138&N138&O138&P138&Q138&R138&S138,2) -> 00 | AO138: =BIN2HEX(D138&E138&F138&G138&H138&I138&J138&K138,2) -> 00 | AQ138: =IF(AJ138="",""," (U4)0x"&AO138&AN138&AM138&AL138&"U"&IF(AJ139=""," ",",")&REPT(" ",59)&"/* "&IF(C138<10,"0"&C138,C138)&" "&AJ138&REPT(" ",47-LEN(AJ138))&" */") -> (U4)0x0000003FU, /* 02 UNKNOWN */
C139: =IF(C9<>"",C9,"") -> 3 | D139: =IF(OR(D9=0,D9=1),1,0) -> 0 | E139: =IF(OR(E9=0,E9=1),1,0) -> 0 | F139: =IF(OR(F9=0,F9=1),1,0) -> 0 | G139: =IF(OR(G9=0,G9=1),1,0) -> 0 | H139: =IF(OR(H9=0,H9=1),1,0) -> 0 | I139: =IF(OR(I9=0,I9=1),1,0) -> 0 | J139: =IF(OR(J9=0,J9=1),1,0) -> 0 | K139: =IF(OR(K9=0,K9=1),1,0) -> 0 | ... AI139: =IF(OR(AI9=0,AI9=1),1,0) -> 1 | AJ139: =IF(AJ9<>"",AJ9,"") -> UNKNOWN | AL139: =BIN2HEX(AB139&AC139&AD139&AE139&AF139&AG139&AH139&AI139,2) -> 3F | AM139: =BIN2HEX(T139&U139&V139&W139&X139&Y139&Z139&AA139,2) -> 00 | AN139: =BIN2HEX(L139&M139&N139&O139&P139&Q139&R139&S139,2) -> 00 | AO139: =BIN2HEX(D139&E139&F139&G139&H139&I139&J139&K139,2) -> 00 | AQ139: =IF(AJ139="",""," (U4)0x"&AO139&AN139&AM139&AL139&"U"&IF(AJ140=""," ",",")&REPT(" ",59)&"/* "&IF(C139<10,"0"&C139,C139)&" "&AJ139&REPT(" ",47-LEN(AJ139))&" */") -> (U4)0x0000003FU, /* 03 UNKNOWN */
C140: =IF(C10<>"",C10,"") -> 4 | D140: =IF(OR(D10=0,D10=1),1,0) -> 0 | E140: =IF(OR(E10=0,E10=1),1,0) -> 0 | F140: =IF(OR(F10=0,F10=1),1,0) -> 0 | G140: =IF(OR(G10=0,G10=1),1,0) -> 0 | H140: =IF(OR(H10=0,H10=1),1,0) -> 0 | I140: =IF(OR(I10=0,I10=1),1,0) -> 0 | J140: =IF(OR(J10=0,J10=1),1,0) -> 0 | K140: =IF(OR(K10=0,K10=1),1,0) -> 0 | ... AI140: =IF(OR(AI10=0,AI10=1),1,0) -> 1 | AJ140: =IF(AJ10<>"",AJ10,"") -> UNKNOWN | AL140: =BIN2HEX(AB140&AC140&AD140&AE140&AF140&AG140&AH140&AI140,2) -> 3F | AM140: =BIN2HEX(T140&U140&V140&W140&X140&Y140&Z140&AA140,2) -> 00 | AN140: =BIN2HEX(L140&M140&N140&O140&P140&Q140&R140&S140,2) -> 00 | AO140: =BIN2HEX(D140&E140&F140&G140&H140&I140&J140&K140,2) -> 00 | AQ140: =IF(AJ140="",""," (U4)0x"&AO140&AN140&AM140&AL140&"U"&IF(AJ141=""," ",",")&REPT(" ",59)&"/* "&IF(C140<10,"0"&C140,C140)&" "&AJ140&REPT(" ",47-LEN(AJ140))&" */") -> (U4)0x0000003FU, /* 04 UNKNOWN */
C141: =IF(C11<>"",C11,"") -> 5 | D141: =IF(OR(D11=0,D11=1),1,0) -> 0 | E141: =IF(OR(E11=0,E11=1),1,0) -> 0 | F141: =IF(OR(F11=0,F11=1),1,0) -> 0 | G141: =IF(OR(G11=0,G11=1),1,0) -> 0 | H141: =IF(OR(H11=0,H11=1),1,0) -> 0 | I141: =IF(OR(I11=0,I11=1),1,0) -> 0 | J141: =IF(OR(J11=0,J11=1),1,0) -> 0 | K141: =IF(OR(K11=0,K11=1),1,0) -> 0 | ... AI141: =IF(OR(AI11=0,AI11=1),1,0) -> 1 | AJ141: =IF(AJ11<>"",AJ11,"") -> UNKNOWN | AL141: =BIN2HEX(AB141&AC141&AD141&AE141&AF141&AG141&AH141&AI141,2) -> 3F | AM141: =BIN2HEX(T141&U141&V141&W141&X141&Y141&Z141&AA141,2) -> 00 | AN141: =BIN2HEX(L141&M141&N141&O141&P141&Q141&R141&S141,2) -> 00 | AO141: =BIN2HEX(D141&E141&F141&G141&H141&I141&J141&K141,2) -> 00 | AQ141: =IF(AJ141="",""," (U4)0x"&AO141&AN141&AM141&AL141&"U"&IF(AJ142=""," ",",")&REPT(" ",59)&"/* "&IF(C141<10,"0"&C141,C141)&" "&AJ141&REPT(" ",47-LEN(AJ141))&" */") -> (U4)0x0000003FU, /* 05 UNKNOWN */
C142: =IF(C12<>"",C12,"") -> 6 | D142: =IF(OR(D12=0,D12=1),1,0) -> 0 | E142: =IF(OR(E12=0,E12=1),1,0) -> 0 | F142: =IF(OR(F12=0,F12=1),1,0) -> 0 | G142: =IF(OR(G12=0,G12=1),1,0) -> 0 | H142: =IF(OR(H12=0,H12=1),1,0) -> 0 | I142: =IF(OR(I12=0,I12=1),1,0) -> 0 | J142: =IF(OR(J12=0,J12=1),1,0) -> 0 | K142: =IF(OR(K12=0,K12=1),1,0) -> 0 | ... AI142: =IF(OR(AI12=0,AI12=1),1,0) -> 1 | AJ142: =IF(AJ12<>"",AJ12,"") -> UNKNOWN | AL142: =BIN2HEX(AB142&AC142&AD142&AE142&AF142&AG142&AH142&AI142,2) -> 3F | AM142: =BIN2HEX(T142&U142&V142&W142&X142&Y142&Z142&AA142,2) -> 00 | AN142: =BIN2HEX(L142&M142&N142&O142&P142&Q142&R142&S142,2) -> 00 | AO142: =BIN2HEX(D142&E142&F142&G142&H142&I142&J142&K142,2) -> 00 | AQ142: =IF(AJ142="",""," (U4)0x"&AO142&AN142&AM142&AL142&"U"&IF(AJ143=""," ",",")&REPT(" ",59)&"/* "&IF(C142<10,"0"&C142,C142)&" "&AJ142&REPT(" ",47-LEN(AJ142))&" */") -> (U4)0x0000003FU, /* 06 UNKNOWN */
C143: =IF(C13<>"",C13,"") -> 7 | D143: =IF(OR(D13=0,D13=1),1,0) -> 0 | E143: =IF(OR(E13=0,E13=1),1,0) -> 0 | F143: =IF(OR(F13=0,F13=1),1,0) -> 0 | G143: =IF(OR(G13=0,G13=1),1,0) -> 0 | H143: =IF(OR(H13=0,H13=1),1,0) -> 0 | I143: =IF(OR(I13=0,I13=1),1,0) -> 0 | J143: =IF(OR(J13=0,J13=1),1,0) -> 0 | K143: =IF(OR(K13=0,K13=1),1,0) -> 0 | ... AI143: =IF(OR(AI13=0,AI13=1),1,0) -> 1 | AJ143: =IF(AJ13<>"",AJ13,"") -> UNKNOWN | AL143: =BIN2HEX(AB143&AC143&AD143&AE143&AF143&AG143&AH143&AI143,2) -> 3F | AM143: =BIN2HEX(T143&U143&V143&W143&X143&Y143&Z143&AA143,2) -> 00 | AN143: =BIN2HEX(L143&M143&N143&O143&P143&Q143&R143&S143,2) -> 00 | AO143: =BIN2HEX(D143&E143&F143&G143&H143&I143&J143&K143,2) -> 00 | AQ143: =IF(AJ143="",""," (U4)0x"&AO143&AN143&AM143&AL143&"U"&IF(AJ144=""," ",",")&REPT(" ",59)&"/* "&IF(C143<10,"0"&C143,C143)&" "&AJ143&REPT(" ",47-LEN(AJ143))&" */") -> (U4)0x0000003FU, /* 07 UNKNOWN */
C144: =IF(C14<>"",C14,"") -> 8 | D144: =IF(OR(D14=0,D14=1),1,0) -> 0 | E144: =IF(OR(E14=0,E14=1),1,0) -> 0 | F144: =IF(OR(F14=0,F14=1),1,0) -> 0 | G144: =IF(OR(G14=0,G14=1),1,0) -> 0 | H144: =IF(OR(H14=0,H14=1),1,0) -> 0 | I144: =IF(OR(I14=0,I14=1),1,0) -> 0 | J144: =IF(OR(J14=0,J14=1),1,0) -> 0 | K144: =IF(OR(K14=0,K14=1),1,0) -> 0 | ... AI144: =IF(OR(AI14=0,AI14=1),1,0) -> 1 | AJ144: =IF(AJ14<>"",AJ14,"") -> UNKNOWN | AL144: =BIN2HEX(AB144&AC144&AD144&AE144&AF144&AG144&AH144&AI144,2) -> 3F | AM144: =BIN2HEX(T144&U144&V144&W144&X144&Y144&Z144&AA144,2) -> 00 | AN144: =BIN2HEX(L144&M144&N144&O144&P144&Q144&R144&S144,2) -> 00 | AO144: =BIN2HEX(D144&E144&F144&G144&H144&I144&J144&K144,2) -> 00 | AQ144: =IF(AJ144="",""," (U4)0x"&AO144&AN144&AM144&AL144&"U"&IF(AJ145=""," ",",")&REPT(" ",59)&"/* "&IF(C144<10,"0"&C144,C144)&" "&AJ144&REPT(" ",47-LEN(AJ144))&" */") -> (U4)0x0000003FU, /* 08 UNKNOWN */
C145: =IF(C15<>"",C15,"") -> 9 | D145: =IF(OR(D15=0,D15=1),1,0) -> 0 | E145: =IF(OR(E15=0,E15=1),1,0) -> 0 | F145: =IF(OR(F15=0,F15=1),1,0) -> 0 | G145: =IF(OR(G15=0,G15=1),1,0) -> 0 | H145: =IF(OR(H15=0,H15=1),1,0) -> 0 | I145: =IF(OR(I15=0,I15=1),1,0) -> 0 | J145: =IF(OR(J15=0,J15=1),1,0) -> 0 | K145: =IF(OR(K15=0,K15=1),1,0) -> 0 | ... AI145: =IF(OR(AI15=0,AI15=1),1,0) -> 1 | AJ145: =IF(AJ15<>"",AJ15,"") -> UNKNOWN | AL145: =BIN2HEX(AB145&AC145&AD145&AE145&AF145&AG145&AH145&AI145,2) -> 3F | AM145: =BIN2HEX(T145&U145&V145&W145&X145&Y145&Z145&AA145,2) -> 00 | AN145: =BIN2HEX(L145&M145&N145&O145&P145&Q145&R145&S145,2) -> 00 | AO145: =BIN2HEX(D145&E145&F145&G145&H145&I145&J145&K145,2) -> 00 | AQ145: =IF(AJ145="",""," (U4)0x"&AO145&AN145&AM145&AL145&"U"&IF(AJ146=""," ",",")&REPT(" ",59)&"/* "&IF(C145<10,"0"&C145,C145)&" "&AJ145&REPT(" ",47-LEN(AJ145))&" */") -> (U4)0x0000003FU, /* 09 UNKNOWN */
C146: =IF(C16<>"",C16,"") -> 10 | D146: =IF(OR(D16=0,D16=1),1,0) -> 0 | E146: =IF(OR(E16=0,E16=1),1,0) -> 0 | F146: =IF(OR(F16=0,F16=1),1,0) -> 0 | G146: =IF(OR(G16=0,G16=1),1,0) -> 0 | H146: =IF(OR(H16=0,H16=1),1,0) -> 0 | I146: =IF(OR(I16=0,I16=1),1,0) -> 0 | J146: =IF(OR(J16=0,J16=1),1,0) -> 0 | K146: =IF(OR(K16=0,K16=1),1,0) -> 0 | ... AI146: =IF(OR(AI16=0,AI16=1),1,0) -> 1 | AJ146: =IF(AJ16<>"",AJ16,"") -> ON | AL146: =BIN2HEX(AB146&AC146&AD146&AE146&AF146&AG146&AH146&AI146,2) -> 3F | AM146: =BIN2HEX(T146&U146&V146&W146&X146&Y146&Z146&AA146,2) -> 00 | AN146: =BIN2HEX(L146&M146&N146&O146&P146&Q146&R146&S146,2) -> 00 | AO146: =BIN2HEX(D146&E146&F146&G146&H146&I146&J146&K146,2) -> 00 | AQ146: =IF(AJ146="",""," (U4)0x"&AO146&AN146&AM146&AL146&"U"&IF(AJ147=""," ",",")&REPT(" ",59)&"/* "&IF(C146<10,"0"&C146,C146)&" "&AJ146&REPT(" ",47-LEN(AJ146))&" */") -> (U4)0x0000003FU, /* 10 ON */
C147: =IF(C17<>"",C17,"") -> 11 | D147: =IF(OR(D17=0,D17=1),1,0) -> 0 | E147: =IF(OR(E17=0,E17=1),1,0) -> 0 | F147: =IF(OR(F17=0,F17=1),1,0) -> 0 | G147: =IF(OR(G17=0,G17=1),1,0) -> 0 | H147: =IF(OR(H17=0,H17=1),1,0) -> 0 | I147: =IF(OR(I17=0,I17=1),1,0) -> 0 | J147: =IF(OR(J17=0,J17=1),1,0) -> 0 | K147: =IF(OR(K17=0,K17=1),1,0) -> 0 | ... AI147: =IF(OR(AI17=0,AI17=1),1,0) -> 1 | AJ147: =IF(AJ17<>"",AJ17,"") -> UNKNOWN | AL147: =BIN2HEX(AB147&AC147&AD147&AE147&AF147&AG147&AH147&AI147,2) -> 3F | AM147: =BIN2HEX(T147&U147&V147&W147&X147&Y147&Z147&AA147,2) -> 00 | AN147: =BIN2HEX(L147&M147&N147&O147&P147&Q147&R147&S147,2) -> 00 | AO147: =BIN2HEX(D147&E147&F147&G147&H147&I147&J147&K147,2) -> 00 | AQ147: =IF(AJ147="",""," (U4)0x"&AO147&AN147&AM147&AL147&"U"&IF(AJ148=""," ",",")&REPT(" ",59)&"/* "&IF(C147<10,"0"&C147,C147)&" "&AJ147&REPT(" ",47-LEN(AJ147))&" */") -> (U4)0x0000003FU, /* 11 UNKNOWN */
C148: =IF(C18<>"",C18,"") -> 12 | D148: =IF(OR(D18=0,D18=1),1,0) -> 0 | E148: =IF(OR(E18=0,E18=1),1,0) -> 0 | F148: =IF(OR(F18=0,F18=1),1,0) -> 0 | G148: =IF(OR(G18=0,G18=1),1,0) -> 0 | H148: =IF(OR(H18=0,H18=1),1,0) -> 0 | I148: =IF(OR(I18=0,I18=1),1,0) -> 0 | J148: =IF(OR(J18=0,J18=1),1,0) -> 0 | K148: =IF(OR(K18=0,K18=1),1,0) -> 0 | ... AI148: =IF(OR(AI18=0,AI18=1),1,0) -> 1 | AJ148: =IF(AJ18<>"",AJ18,"") -> UNKNOWN | AL148: =BIN2HEX(AB148&AC148&AD148&AE148&AF148&AG148&AH148&AI148,2) -> 3F | AM148: =BIN2HEX(T148&U148&V148&W148&X148&Y148&Z148&AA148,2) -> 00 | AN148: =BIN2HEX(L148&M148&N148&O148&P148&Q148&R148&S148,2) -> 00 | AO148: =BIN2HEX(D148&E148&F148&G148&H148&I148&J148&K148,2) -> 00 | AQ148: =IF(AJ148="",""," (U4)0x"&AO148&AN148&AM148&AL148&"U"&IF(AJ149=""," ",",")&REPT(" ",59)&"/* "&IF(C148<10,"0"&C148,C148)&" "&AJ148&REPT(" ",47-LEN(AJ148))&" */") -> (U4)0x0000003FU, /* 12 UNKNOWN */
... C199: =IF(C69<>"",C69,"") -> 63 | D199: =IF(OR(D69=0,D69=1),1,0) -> 0 | E199: =IF(OR(E69=0,E69=1),1,0) -> 0 | F199: =IF(OR(F69=0,F69=1),1,0) -> 0 | G199: =IF(OR(G69=0,G69=1),1,0) -> 0 | H199: =IF(OR(H69=0,H69=1),1,0) -> 0 | I199: =IF(OR(I69=0,I69=1),1,0) -> 0 | J199: =IF(OR(J69=0,J69=1),1,0) -> 0 | K199: =IF(OR(K69=0,K69=1),1,0) -> 0 | ... AI199: =IF(OR(AI69=0,AI69=1),1,0) -> 1 | AJ199: =IF(AJ69<>"",AJ69,"") -> ON | AL199: =BIN2HEX(AB199&AC199&AD199&AE199&AF199&AG199&AH199&AI199,2) -> 3F | AM199: =BIN2HEX(T199&U199&V199&W199&X199&Y199&Z199&AA199,2) -> 00 | AN199: =BIN2HEX(L199&M199&N199&O199&P199&Q199&R199&S199,2) -> 00 | AO199: =BIN2HEX(D199&E199&F199&G199&H199&I199&J199&K199,2) -> 00 | AQ199: =IF(AJ199="",""," (U4)0x"&AO199&AN199&AM199&AL199&"U"&IF(AJ200=""," ",",")&REPT(" ",59)&"/* "&IF(C199<10,"0"&C199,C199)&" "&AJ199&REPT(" ",47-LEN(AJ199))&" */") -> (U4)0x0000003FU /* 63 ON */

Sheet Reference
B9: オイルプレッシャ警告判定
B10: Table Type | C10: Matrix Search
C11: 入力 | R11: REQ | S11: 振る舞い
B12: 種類 | C12: Vehicle Operation Mode | M12: 他ドメイン情報 | N12: 内部データ | P12: 内部データ | R12: ALERT_CH_P_OILPRE_WRN | S12: TT(油圧警告灯) | T12: TT(停車警告灯) | U12: PD | V12: BC | W12: RW
B13: 有効電源状態 | C13: - | D13: - | E13: - | F13: - | G13: - | H13: - | I13: - | J13: - | K13: IG | L13: IG | M13: - | N13: - | O13: IG | P13: - | Q13: - | R13: ALERT_VOM_IGN_ON | W13: RWT_EN 機能有無：-
B14: 端子名称/ メッセージラベル | C14: VOM | K14: ENG1S92/ ENG1G97 | L14: PDC1G01 | M14: じか線 | N14: エンジン回転数判定 | O14: EHV1S90/ ECO1S90 | P14: ディレイ時間 | Q14: 前回要求 | W14: MET1S34
B15: 信号名(データラベル) | C15: RWT_EN | D15: [reserved] | E15: VCS_ON | F15: IGN_ON | G15: IGN_OFF_WT | H15: IGN_OFF | I15: BAT_WT | J15: BAT_AO | K15: B_OILPL_SIG | L15: IGP_PDC_SIG | M15: OP_SW | N15: RPM (※Reference2の※1参照) | O15: MOPSINH_SIG/ OPLMPMSK_SIG | P15: DLAY_STS | Q15: PREV_REQ | R15: 判定結果 | W15: OPW
B16: 取り得る値 | C16: 0b/ 1b | D16: - | E16: 0b/ 1b | F16: 0b/ 1b | G16: 0b/ 1b | H16: 0b/ 1b | I16: 0b/ 1b | J16: 0b/ 1b | K16: 消灯要求(00b、01b)/ バルブチェック(10b)/ 点滅要求(11b) | L16: 吹鳴、点滅、PD表示終了(0b)/ 吹鳴、点滅、PD表示継続(1b) | M16: ACT以外(0b)/ ACT(1b) | N16: RPM_UNK(00b)/ RPM_LO(01b)/ RPM_HI(10b) | O16: 許可(0b)/ 禁止(1b) | P16: 1000ms未経過(0b)/ 1000ms経過(1b) | Q16: TT_ON(000b)/ WRN_ON(001b)/ WRN_FLSH(010b)/ WRN_OFF(011b)/ 未定義(100b～110b)/ UNKNOWN(111b) | R16: UNKNOWN/ TT_ON/ WRN_FLSH/ WRN_ON/ WRN_OFF | S16: - 点灯/ 点滅 | T16: -/ 点滅 | U16: -/ P_OILPRE-CSTD-0-MEF01-REQ01 | W16: -/ 要求有り
B17: 消灯要求 + 終了 + INACT + * + * + * + * | C17: * | D17: * | E17: * | F17: * | G17: * | H17: * | I17: * | J17: * | K17: 00b,01b | L17: 0b | M17: 0b | N17: **b | O17: *b | P17: *b | Q17: ***b | R17: UNKNOWN | S17: - | T17: - | U17: - | W17: -
B18: 消灯要求 + 終了 + ACT + NE未成立 + 許可 + * + 前回TT_ON | C18: * | D18: * | E18: * | F18: * | G18: * | H18: * | I18: * | J18: * | K18: 00b,01b | L18: 0b | M18: 1b | N18: 00b | O18: 0b | P18: *b | Q18: 0 | R18: TT_ON | S18: 点灯 | T18: - | U18: - | W18: -
B19: 消灯要求 + 終了 + ACT + NE未成立 + 許可 + * + 前回WRN_ON | C19: * | D19: * | E19: * | F19: * | G19: * | H19: * | I19: * | J19: * | K19: 00b,01b | L19: 0b | M19: 1b | N19: 00b | O19: 0b | P19: *b | Q19: 1 | R19: UNKNOWN | S19: - | T19: - | U19: - | W19: -
B20: 消灯要求 + 終了 + ACT + NE未成立 + 禁止 + * + 前回TT_ON | C20: * | D20: * | E20: * | F20: * | G20: * | H20: * | I20: * | J20: * | K20: 00b,01b | L20: 0b | M20: 1b | N20: 00b | O20: 1b | P20: *b | Q20: 0 | R20: UNKNOWN | S20: - | T20: - | U20: - | W20: -
B21: 消灯要求 + 終了 + ACT + NE未成立 + 禁止 + * + 前回WRN_ON | C21: * | D21: * | E21: * | F21: * | G21: * | H21: * | I21: * | J21: * | K21: 00b,01b | L21: 0b | M21: 1b | N21: 00b | O21: 1b | P21: *b | Q21: 1 | R21: UNKNOWN | S21: - | T21: - | U21: - | W21: -
B22: 消灯要求 + 終了 + ACT + NE未成立 + * + * + 前回WRN_FLSH | C22: * | D22: * | E22: * | F22: * | G22: * | H22: * | I22: * | J22: * | K22: 00b,01b | L22: 0b | M22: 1b | N22: 00b | O22: *b | P22: *b | Q22: 10 | R22: UNKNOWN | S22: - | T22: - | U22: - | W22: -
B23: 消灯要求 + 終了 + ACT + NE未成立 + * + * + 前回WRN_OFF | C23: * | D23: * | E23: * | F23: * | G23: * | H23: * | I23: * | J23: * | K23: 00b,01b | L23: 0b | M23: 1b | N23: 00b | O23: *b | P23: *b | Q23: 11 | R23: UNKNOWN | S23: - | T23: - | U23: - | W23: -
B24: 消灯要求 + 終了 + ACT + NE未成立 + * + * + 前回UNKNOWN | C24: * | D24: * | E24: * | F24: * | G24: * | H24: * | I24: * | J24: * | K24: 00b,01b | L24: 0b | M24: 1b | N24: 00b | O24: *b | P24: *b | Q24: 1**b | R24: UNKNOWN | S24: - | T24: - | U24: - | W24: -
B25: 消灯要求 + 終了 + ACT + NE200rom未満 + 許可 + * + 前回TT_ON | C25: * | D25: * | E25: * | F25: * | G25: * | H25: * | I25: * | J25: * | K25: 00b,01b | L25: 0b | M25: 1b | N25: 01b | O25: 0b | P25: *b | Q25: 0 | R25: TT_ON | S25: 点灯 | T25: - | U25: - | W25: -
B26: 消灯要求 + 終了 + ACT + NE200rom未満 + 許可 + * + 前回WRN_ON | C26: * | D26: * | E26: * | F26: * | G26: * | H26: * | I26: * | J26: * | K26: 00b,01b | L26: 0b | M26: 1b | N26: 01b | O26: 0b | P26: *b | Q26: 1 | R26: UNKNOWN | S26: - | T26: - | U26: - | W26: -
B27: 消灯要求 + 終了 + ACT + NE200rom未満 + 許可 + * + 前回WRN_FLSH | C27: * | D27: * | E27: * | F27: * | G27: * | H27: * | I27: * | J27: * | K27: 00b,01b | L27: 0b | M27: 1b | N27: 01b | O27: 0b | P27: *b | Q27: 10 | R27: UNKNOWN | S27: - | T27: - | U27: - | W27: -
B28: 消灯要求 + 終了 + ACT + NE200rom未満 + 許可 + * + 前回WRN_OFF | C28: * | D28: * | E28: * | F28: * | G28: * | H28: * | I28: * | J28: * | K28: 00b,01b | L28: 0b | M28: 1b | N28: 01b | O28: 0b | P28: *b | Q28: 11 | R28: UNKNOWN | S28: - | T28: - | U28: - | W28: -
B29: 消灯要求 + 終了 + ACT + NE200rom未満 + 許可 + * + 前回UNKNOWN | C29: * | D29: * | E29: * | F29: * | G29: * | H29: * | I29: * | J29: * | K29: 00b,01b | L29: 0b | M29: 1b | N29: 01b | O29: 0b | P29: *b | Q29: 1**b | R29: TT_ON | S29: 点灯 | T29: - | U29: - | W29: -
B30: 消灯要求 + 終了 + ACT + NE200rom未満 + 禁止 + * + 前回TT_ON | C30: * | D30: * | E30: * | F30: * | G30: * | H30: * | I30: * | J30: * | K30: 00b,01b | L30: 0b | M30: 1b | N30: 01b | O30: 1b | P30: *b | Q30: 0 | R30: UNKNOWN | S30: - | T30: - | U30: - | W30: -
B31: 消灯要求 + 終了 + ACT + NE200rom未満 + 禁止 + * + 前回WRN_ON | C31: * | D31: * | E31: * | F31: * | G31: * | H31: * | I31: * | J31: * | K31: 00b,01b | L31: 0b | M31: 1b | N31: 01b | O31: 1b | P31: *b | Q31: 1 | R31: UNKNOWN | S31: - | T31: - | U31: - | W31: -
B32: 消灯要求 + 終了 + ACT + NE200rom未満 + 禁止 + * + 前回WRN_FLSH | C32: * | D32: * | E32: * | F32: * | G32: * | H32: * | I32: * | J32: * | K32: 00b,01b | L32: 0b | M32: 1b | N32: 01b | O32: 1b | P32: *b | Q32: 10 | R32: UNKNOWN | S32: - | T32: - | U32: - | W32: -
B33: 消灯要求 + 終了 + ACT + NE200rom未満 + 禁止 + * + 前回UNKNOWN | C33: * | D33: * | E33: * | F33: * | G33: * | H33: * | I33: * | J33: * | K33: 00b,01b | L33: 0b | M33: 1b | N33: 01b | O33: 1b | P33: *b | Q33: 11 | R33: UNKNOWN | S33: - | T33: - | U33: - | W33: -
B34: 消灯要求 + 終了 + ACT + NE200rom未満 + 禁止 + * + 前回UNKNOWN | C34: * | D34: * | E34: * | F34: * | G34: * | H34: * | I34: * | J34: * | K34: 00b,01b | L34: 0b | M34: 1b | N34: 01b | O34: 1b | P34: *b | Q34: 1**b | R34: UNKNOWN | S34: - | T34: - | U34: - | W34: -
B35: 消灯要求 + 終了 + ACT + NE400rpm10秒以上経過 + 許可 + ディレイ未経過 + 前回TT_ON | C35: * | D35: * | E35: * | F35: * | G35: * | H35: * | I35: * | J35: * | K35: 00b,01b | L35: 0b | M35: 1b | N35: 10b | O35: 0b | P35: 0b | Q35: 0 | R35: TT_ON | S35: 点灯 | T35: - | U35: - | W35: -
B36: 消灯要求 + 終了 + ACT + NE400rpm10秒以上経過 + 許可 + ディレイ未経過 + 前回WRN_ON | C36: * | D36: * | E36: * | F36: * | G36: * | H36: * | I36: * | J36: * | K36: 00b,01b | L36: 0b | M36: 1b | N36: 10b | O36: 0b | P36: 0b | Q36: 1 | R36: UNKNOWN | S36: - | T36: - | U36: - | W36: -
B37: 消灯要求 + 終了 + ACT + NE400rpm10秒以上経過 + 許可 + ディレイ未経過 + 前回WRN_FLSH | C37: * | D37: * | E37: * | F37: * | G37: * | H37: * | I37: * | J37: * | K37: 00b,01b | L37: 0b | M37: 1b | N37: 10b | O37: 0b | P37: 0b | Q37: 10 | R37: UNKNOWN | S37: - | T37: - | U37: - | W37: -
B38: 消灯要求 + 終了 + ACT + NE400rpm10秒以上経過 + 許可 + ディレイ未経過 + 前回WRN_OFF | C38: * | D38: * | E38: * | F38: * | G38: * | H38: * | I38: * | J38: * | K38: 00b,01b | L38: 0b | M38: 1b | N38: 10b | O38: 0b | P38: 0b | Q38: 11 | R38: UNKNOWN | S38: - | T38: - | U38: - | W38: -
B39: 消灯要求 + 終了 + ACT + NE400rpm10秒以上経過 + 許可 + ディレイ未経過 + 前回UNKNOWN | C39: * | D39: * | E39: * | F39: * | G39: * | H39: * | I39: * | J39: * | K39: 00b,01b | L39: 0b | M39: 1b | N39: 10b | O39: 0b | P39: 0b | Q39: 1**b | R39: UNKNOWN | S39: - | T39: - | U39: - | W39: -
B40: 消灯要求 + 終了 + ACT + NE400rpm10秒以上経過 + 許可 + ディレイ経過 + * | C40: * | D40: * | E40: * | F40: * | G40: * | H40: * | I40: * | J40: * | K40: 00b,01b | L40: 0b | M40: 1b | N40: 10b | O40: 0b | P40: 1b | Q40: ***b | R40: UNKNOWN | S40: - | T40: - | U40: - | W40: -
B41: 消灯要求 + 終了 + ACT + NE400rpm10秒以上経過 + 禁止 + ディレイ未経過 + 前回TT_ON | C41: * | D41: * | E41: * | F41: * | G41: * | H41: * | I41: * | J41: * | K41: 00b,01b | L41: 0b | M41: 1b | N41: 10b | O41: 1b | P41: 0b | Q41: 0 | R41: UNKNOWN | S41: - | T41: - | U41: - | W41: -
B42: 消灯要求 + 終了 + ACT + NE400rpm10秒以上経過 + 禁止 + ディレイ未経過 + 前回WRN_ON | C42: * | D42: * | E42: * | F42: * | G42: * | H42: * | I42: * | J42: * | K42: 00b,01b | L42: 0b | M42: 1b | N42: 10b | O42: 1b | P42: 0b | Q42: 1 | R42: UNKNOWN | S42: - | T42: - | U42: - | W42: -
B43: 消灯要求 + 終了 + ACT + NE400rpm10秒以上経過 + 禁止 + ディレイ未経過 + 前回WRN_FLSH | C43: * | D43: * | E43: * | F43: * | G43: * | H43: * | I43: * | J43: * | K43: 00b,01b | L43: 0b | M43: 1b | N43: 10b | O43: 1b | P43: 0b | Q43: 10 | R43: UNKNOWN | S43: - | T43: - | U43: - | W43: -
B44: 消灯要求 + 終了 + ACT + NE400rpm10秒以上経過 + 禁止 + ディレイ未経過 + 前回WRN_OFF | C44: * | D44: * | E44: * | F44: * | G44: * | H44: * | I44: * | J44: * | K44: 00b,01b | L44: 0b | M44: 1b | N44: 10b | O44: 1b | P44: 0b | Q44: 11 | R44: UNKNOWN | S44: - | T44: - | U44: - | W44: -
B45: 消灯要求 + 終了 + ACT + NE400rpm10秒以上経過 + 禁止 + ディレイ未経過 + 前回UNKNOWN | C45: * | D45: * | E45: * | F45: * | G45: * | H45: * | I45: * | J45: * | K45: 00b,01b | L45: 0b | M45: 1b | N45: 10b | O45: 1b | P45: 0b | Q45: 1**b | R45: UNKNOWN | S45: - | T45: - | U45: - | W45: -
B46: 消灯要求 + 終了 + ACT + NE400rpm10秒以上経過 + 禁止 + ディレイ経過 + * | C46: * | D46: * | E46: * | F46: * | G46: * | H46: * | I46: * | J46: * | K46: 00b,01b | L46: 0b | M46: 1b | N46: 10b | O46: 1b | P46: 1b | Q46: ***b | R46: UNKNOWN | S46: - | T46: - | U46: - | W46: -
B47: 消灯要求 + 継続 + INACT + * + * + * + * | C47: * | D47: * | E47: * | F47: * | G47: * | H47: * | I47: * | J47: * | K47: 00b,01b | L47: 1b | M47: 0b | N47: **b | O47: *b | P47: *b | Q47: ***b | R47: UNKNOWN | S47: - | T47: - | U47: - | W47: -
B48: 消灯要求 + 継続 + ACT + NE未成立 + 許可 + * + 前回TT_ON | C48: * | D48: * | E48: * | F48: * | G48: * | H48: * | I48: * | J48: * | K48: 00b,01b | L48: 1b | M48: 1b | N48: 00b | O48: 0b | P48: *b | Q48: 0 | R48: TT_ON | S48: 点灯 | T48: - | U48: - | W48: -
B49: 消灯要求 + 継続 + ACT + NE未成立 + 許可 + * + 前回WRN_ON | C49: * | D49: * | E49: * | F49: * | G49: * | H49: * | I49: * | J49: * | K49: 00b,01b | L49: 1b | M49: 1b | N49: 00b | O49: 0b | P49: *b | Q49: 1 | R49: WRN_ON | S49: 点灯 | T49: 点滅 | U49: REQ01 | W49: 要求有り
B50: 消灯要求 + 継続 + ACT + NE未成立 + 禁止 + * + 前回TT_ON | C50: * | D50: * | E50: * | F50: * | G50: * | H50: * | I50: * | J50: * | K50: 00b,01b | L50: 1b | M50: 1b | N50: 00b | O50: 1b | P50: *b | Q50: 0 | R50: UNKNOWN | S50: - | T50: - | U50: - | W50: -
B51: 消灯要求 + 継続 + ACT + NE未成立 + 禁止 + * + 前回WRN_ON | C51: * | D51: * | E51: * | F51: * | G51: * | H51: * | I51: * | J51: * | K51: 00b,01b | L51: 1b | M51: 1b | N51: 00b | O51: 1b | P51: *b | Q51: 1 | R51: WRN_OFF | S51: - | T51: 点滅 | U51: REQ01 | W51: 要求有り
B52: 消灯要求 + 継続 + ACT + NE未成立 + * + * + 前回WRN_FLSH | C52: * | D52: * | E52: * | F52: * | G52: * | H52: * | I52: * | J52: * | K52: 00b,01b | L52: 1b | M52: 1b | N52: 00b | O52: *b | P52: *b | Q52: 10 | R52: WRN_FLSH | S52: 点滅 | T52: 点滅 | U52: REQ01 | W52: 要求有り
B53: 消灯要求 + 継続 + ACT + NE未成立 + * + * + 前回WRN_OFF | C53: * | D53: * | E53: * | F53: * | G53: * | H53: * | I53: * | J53: * | K53: 00b,01b | L53: 1b | M53: 1b | N53: 00b | O53: *b | P53: *b | Q53: 11 | R53: WRN_OFF | S53: - | T53: 点滅 | U53: REQ01 | W53: 要求有り
B54: 消灯要求 + 継続 + ACT + NE未成立 + * + * + 前回UNKNOWN | C54: * | D54: * | E54: * | F54: * | G54: * | H54: * | I54: * | J54: * | K54: 00b,01b | L54: 1b | M54: 1b | N54: 00b | O54: *b | P54: *b | Q54: 1**b | R54: UNKNOWN | S54: - | T54: - | U54: - | W54: -
B55: 消灯要求 + 継続 + ACT + NE200rom未満 + 許可 + * + 前回TT_ON | C55: * | D55: * | E55: * | F55: * | G55: * | H55: * | I55: * | J55: * | K55: 00b,01b | L55: 1b | M55: 1b | N55: 01b | O55: 0b | P55: *b | Q55: 0 | R55: TT_ON | S55: 点灯 | T55: - | U55: - | W55: -
B56: 消灯要求 + 継続 + ACT + NE200rom未満 + 許可 + * + 前回WRN_ON | C56: * | D56: * | E56: * | F56: * | G56: * | H56: * | I56: * | J56: * | K56: 00b,01b | L56: 1b | M56: 1b | N56: 01b | O56: 0b | P56: *b | Q56: 1 | R56: WRN_ON | S56: 点灯 | T56: 点滅 | U56: REQ01 | W56: 要求有り
B57: 消灯要求 + 継続 + ACT + NE200rom未満 + 許可 + * + 前回WRN_FLSH | C57: * | D57: * | E57: * | F57: * | G57: * | H57: * | I57: * | J57: * | K57: 00b,01b | L57: 1b | M57: 1b | N57: 01b | O57: 0b | P57: *b | Q57: 10 | R57: WRN_ON | S57: 点灯 | T57: 点滅 | U57: REQ01 | W57: 要求有り
B58: 消灯要求 + 継続 + ACT + NE200rom未満 + 許可 + * + 前回WRN_OFF | C58: * | D58: * | E58: * | F58: * | G58: * | H58: * | I58: * | J58: * | K58: 00b,01b | L58: 1b | M58: 1b | N58: 01b | O58: 0b | P58: *b | Q58: 11 | R58: WRN_ON | S58: 点灯 | T58: 点滅 | U58: REQ01 | W58: 要求有り
B59: 消灯要求 + 継続 + ACT + NE200rom未満 + 許可 + * + 前回UNKNOWN | C59: * | D59: * | E59: * | F59: * | G59: * | H59: * | I59: * | J59: * | K59: 00b,01b | L59: 1b | M59: 1b | N59: 01b | O59: 0b | P59: *b | Q59: 1**b | R59: TT_ON | S59: 点灯 | T59: - | U59: - | W59: -
B60: 消灯要求 + 継続 + ACT + NE200rom未満 + 禁止 + * + 前回TT_ON | C60: * | D60: * | E60: * | F60: * | G60: * | H60: * | I60: * | J60: * | K60: 00b,01b | L60: 1b | M60: 1b | N60: 01b | O60: 1b | P60: *b | Q60: 0 | R60: UNKNOWN | S60: - | T60: - | U60: - | W60: -
B61: 消灯要求 + 継続 + ACT + NE200rom未満 + 禁止 + * + 前回WRN_ON | C61: * | D61: * | E61: * | F61: * | G61: * | H61: * | I61: * | J61: * | K61: 00b,01b | L61: 1b | M61: 1b | N61: 01b | O61: 1b | P61: *b | Q61: 1 | R61: WRN_OFF | S61: - | T61: 点滅 | U61: REQ01 | W61: 要求有り
B62: 消灯要求 + 継続 + ACT + NE200rom未満 + 禁止 + * + 前回WRN_FLSH | C62: * | D62: * | E62: * | F62: * | G62: * | H62: * | I62: * | J62: * | K62: 00b,01b | L62: 1b | M62: 1b | N62: 01b | O62: 1b | P62: *b | Q62: 10 | R62: WRN_FLSH | S62: 点滅 | T62: 点滅 | U62: REQ01 | W62: 要求有り
B63: 消灯要求 + 継続 + ACT + NE200rom未満 + 禁止 + * + 前回UNKNOWN | C63: * | D63: * | E63: * | F63: * | G63: * | H63: * | I63: * | J63: * | K63: 00b,01b | L63: 1b | M63: 1b | N63: 01b | O63: 1b | P63: *b | Q63: 11 | R63: WRN_OFF | S63: - | T63: 点滅 | U63: REQ01 | W63: 要求有り
B64: 消灯要求 + 継続 + ACT + NE200rom未満 + 禁止 + * + 前回UNKNOWN | C64: * | D64: * | E64: * | F64: * | G64: * | H64: * | I64: * | J64: * | K64: 00b,01b | L64: 1b | M64: 1b | N64: 01b | O64: 1b | P64: *b | Q64: 1**b | R64: UNKNOWN | S64: - | T64: - | U64: - | W64: -
B65: 消灯要求 + 継続 + ACT + NE400rpm10秒以上経過 + 許可 + ディレイ未経過 + 前回TT_ON | C65: * | D65: * | E65: * | F65: * | G65: * | H65: * | I65: * | J65: * | K65: 00b,01b | L65: 1b | M65: 1b | N65: 10b | O65: 0b | P65: 0b | Q65: 0 | R65: TT_ON | S65: 点灯 | T65: - | U65: - | W65: -
B66: 消灯要求 + 継続 + ACT + NE400rpm10秒以上経過 + 許可 + ディレイ未経過 + 前回WRN_ON | C66: * | D66: * | E66: * | F66: * | G66: * | H66: * | I66: * | J66: * | K66: 00b,01b | L66: 1b | M66: 1b | N66: 10b | O66: 0b | P66: 0b | Q66: 1 | R66: WRN_ON | S66: 点灯 | T66: 点滅 | U66: REQ01 | W66: 要求有り
B67: 消灯要求 + 継続 + ACT + NE400rpm10秒以上経過 + 許可 + ディレイ未経過 + 前回WRN_FLSH | C67: * | D67: * | E67: * | F67: * | G67: * | H67: * | I67: * | J67: * | K67: 00b,01b | L67: 1b | M67: 1b | N67: 10b | O67: 0b | P67: 0b | Q67: 10 | R67: WRN_FLSH | S67: 点滅 | T67: 点滅 | U67: REQ01 | W67: 要求有り
B68: 消灯要求 + 継続 + ACT + NE400rpm10秒以上経過 + 許可 + ディレイ未経過 + 前回WRN_OFF | C68: * | D68: * | E68: * | F68: * | G68: * | H68: * | I68: * | J68: * | K68: 00b,01b | L68: 1b | M68: 1b | N68: 10b | O68: 0b | P68: 0b | Q68: 11 | R68: WRN_OFF | S68: - | T68: 点滅 | U68: REQ01 | W68: 要求有り
B69: 消灯要求 + 継続 + ACT + NE400rpm10秒以上経過 + 許可 + ディレイ未経過 + 前回UNKNOWN | C69: * | D69: * | E69: * | F69: * | G69: * | H69: * | I69: * | J69: * | K69: 00b,01b | L69: 1b | M69: 1b | N69: 10b | O69: 0b | P69: 0b | Q69: 1**b | R69: UNKNOWN | S69: - | T69: - | U69: - | W69: -
B70: 消灯要求 + 継続 + ACT + NE400rpm10秒以上経過 + 許可 + ディレイ経過 + * | C70: * | D70: * | E70: * | F70: * | G70: * | H70: * | I70: * | J70: * | K70: 00b,01b | L70: 1b | M70: 1b | N70: 10b | O70: 0b | P70: 1b | Q70: ***b | R70: WRN_FLSH | S70: 点滅 | T70: 点滅 | U70: REQ01 | W70: 要求有り
B71: 消灯要求 + 継続 + ACT + NE400rpm10秒以上経過 + 禁止 + ディレイ未経過 + 前回TT_ON | C71: * | D71: * | E71: * | F71: * | G71: * | H71: * | I71: * | J71: * | K71: 00b,01b | L71: 1b | M71: 1b | N71: 10b | O71: 1b | P71: 0b | Q71: 0 | R71: UNKNOWN | S71: - | T71: - | U71: - | W71: -
B72: 消灯要求 + 継続 + ACT + NE400rpm10秒以上経過 + 禁止 + ディレイ未経過 + 前回WRN_ON | C72: * | D72: * | E72: * | F72: * | G72: * | H72: * | I72: * | J72: * | K72: 00b,01b | L72: 1b | M72: 1b | N72: 10b | O72: 1b | P72: 0b | Q72: 1 | R72: WRN_OFF | S72: - | T72: 点滅 | U72: REQ01 | W72: 要求有り
B73: 消灯要求 + 継続 + ACT + NE400rpm10秒以上経過 + 禁止 + ディレイ未経過 + 前回WRN_FLSH | C73: * | D73: * | E73: * | F73: * | G73: * | H73: * | I73: * | J73: * | K73: 00b,01b | L73: 1b | M73: 1b | N73: 10b | O73: 1b | P73: 0b | Q73: 10 | R73: WRN_FLSH | S73: 点滅 | T73: 点滅 | U73: REQ01 | W73: 要求有り
B74: 消灯要求 + 継続 + ACT + NE400rpm10秒以上経過 + 禁止 + ディレイ未経過 + 前回WRN_OFF | C74: * | D74: * | E74: * | F74: * | G74: * | H74: * | I74: * | J74: * | K74: 00b,01b | L74: 1b | M74: 1b | N74: 10b | O74: 1b | P74: 0b | Q74: 11 | R74: WRN_OFF | S74: - | T74: 点滅 | U74: REQ01 | W74: 要求有り
B75: 消灯要求 + 継続 + ACT + NE400rpm10秒以上経過 + 禁止 + ディレイ未経過 + 前回UNKNOWN | C75: * | D75: * | E75: * | F75: * | G75: * | H75: * | I75: * | J75: * | K75: 00b,01b | L75: 1b | M75: 1b | N75: 10b | O75: 1b | P75: 0b | Q75: 1**b | R75: UNKNOWN | S75: - | T75: - | U75: - | W75: -
B76: 消灯要求 + 継続 + ACT + NE400rpm10秒以上経過 + 禁止 + ディレイ経過 + * | C76: * | D76: * | E76: * | F76: * | G76: * | H76: * | I76: * | J76: * | K76: 00b,01b | L76: 1b | M76: 1b | N76: 10b | O76: 1b | P76: 1b | Q76: ***b | R76: WRN_FLSH | S76: 点滅 | T76: 点滅 | U76: REQ01 | W76: 要求有り
B77: バルブチェック + 終了 + INACT + * + * + * + * | C77: * | D77: * | E77: * | F77: * | G77: * | H77: * | I77: * | J77: * | K77: 10b | L77: 0b | M77: 0b | N77: **b | O77: *b | P77: *b | Q77: ***b | R77: TT_ON | S77: 点灯 | T77: - | U77: - | W77: -
B78: バルブチェック + 終了 + ACT + NE未成立 + 許可 + * + 前回TT_ON | C78: * | D78: * | E78: * | F78: * | G78: * | H78: * | I78: * | J78: * | K78: 10b | L78: 0b | M78: 1b | N78: 00b | O78: 0b | P78: *b | Q78: 0 | R78: TT_ON | S78: 点灯 | T78: - | U78: - | W78: -
B79: バルブチェック + 終了 + ACT + NE未成立 + 許可 + * + 前回WRN_ON | C79: * | D79: * | E79: * | F79: * | G79: * | H79: * | I79: * | J79: * | K79: 10b | L79: 0b | M79: 1b | N79: 00b | O79: 0b | P79: *b | Q79: 1 | R79: TT_ON | S79: 点灯 | T79: - | U79: - | W79: -
B80: バルブチェック + 終了 + ACT + NE未成立 + 禁止 + * + 前回TT_ON | C80: * | D80: * | E80: * | F80: * | G80: * | H80: * | I80: * | J80: * | K80: 10b | L80: 0b | M80: 1b | N80: 00b | O80: 1b | P80: *b | Q80: 0 | R80: TT_ON | S80: 点灯 | T80: - | U80: - | W80: -
B81: バルブチェック + 終了 + ACT + NE未成立 + 禁止 + * + 前回WRN_ON | C81: * | D81: * | E81: * | F81: * | G81: * | H81: * | I81: * | J81: * | K81: 10b | L81: 0b | M81: 1b | N81: 00b | O81: 1b | P81: *b | Q81: 1 | R81: TT_ON | S81: 点灯 | T81: - | U81: - | W81: -
B82: バルブチェック + 終了 + ACT + NE未成立 + * + * + 前回WRN_FLSH | C82: * | D82: * | E82: * | F82: * | G82: * | H82: * | I82: * | J82: * | K82: 10b | L82: 0b | M82: 1b | N82: 00b | O82: *b | P82: *b | Q82: 10 | R82: TT_ON | S82: 点灯 | T82: - | U82: - | W82: -
B83: バルブチェック + 終了 + ACT + NE未成立 + * + * + 前回UNKNOWN | C83: * | D83: * | E83: * | F83: * | G83: * | H83: * | I83: * | J83: * | K83: 10b | L83: 0b | M83: 1b | N83: 00b | O83: *b | P83: *b | Q83: 11 | R83: TT_ON | S83: 点灯 | T83: - | U83: - | W83: -
B84: バルブチェック + 終了 + ACT + NE未成立 + * + * + 前回UNKNOWN | C84: * | D84: * | E84: * | F84: * | G84: * | H84: * | I84: * | J84: * | K84: 10b | L84: 0b | M84: 1b | N84: 00b | O84: *b | P84: *b | Q84: 1**b | R84: TT_ON | S84: 点灯 | T84: - | U84: - | W84: -
B85: バルブチェック + 終了 + ACT + NE200rom未満 + 許可 + * + 前回TT_ON | C85: * | D85: * | E85: * | F85: * | G85: * | H85: * | I85: * | J85: * | K85: 10b | L85: 0b | M85: 1b | N85: 01b | O85: 0b | P85: *b | Q85: 0 | R85: TT_ON | S85: 点灯 | T85: - | U85: - | W85: -
B86: バルブチェック + 終了 + ACT + NE200rom未満 + 許可 + * + 前回WRN_ON | C86: * | D86: * | E86: * | F86: * | G86: * | H86: * | I86: * | J86: * | K86: 10b | L86: 0b | M86: 1b | N86: 01b | O86: 0b | P86: *b | Q86: 1 | R86: TT_ON | S86: 点灯 | T86: - | U86: - | W86: -
B87: バルブチェック + 終了 + ACT + NE200rom未満 + 許可 + * + 前回WRN_FLSH | C87: * | D87: * | E87: * | F87: * | G87: * | H87: * | I87: * | J87: * | K87: 10b | L87: 0b | M87: 1b | N87: 01b | O87: 0b | P87: *b | Q87: 10 | R87: TT_ON | S87: 点灯 | T87: - | U87: - | W87: -
B88: バルブチェック + 終了 + ACT + NE200rom未満 + 許可 + * + 前回UNKNOWN | C88: * | D88: * | E88: * | F88: * | G88: * | H88: * | I88: * | J88: * | K88: 10b | L88: 0b | M88: 1b | N88: 01b | O88: 0b | P88: *b | Q88: 11 | R88: TT_ON | S88: 点灯 | T88: - | U88: - | W88: -
B89: バルブチェック + 終了 + ACT + NE200rom未満 + 許可 + * + 前回UNKNOWN | C89: * | D89: * | E89: * | F89: * | G89: * | H89: * | I89: * | J89: * | K89: 10b | L89: 0b | M89: 1b | N89: 01b | O89: 0b | P89: *b | Q89: 1**b | R89: TT_ON | S89: 点灯 | T89: - | U89: - | W89: -
B90: バルブチェック + 終了 + ACT + NE200rom未満 + 禁止 + * + 前回TT_ON | C90: * | D90: * | E90: * | F90: * | G90: * | H90: * | I90: * | J90: * | K90: 10b | L90: 0b | M90: 1b | N90: 01b | O90: 1b | P90: *b | Q90: 0 | R90: TT_ON | S90: 点灯 | T90: - | U90: - | W90: -
B91: バルブチェック + 終了 + ACT + NE200rom未満 + 禁止 + * + 前回WRN_ON | C91: * | D91: * | E91: * | F91: * | G91: * | H91: * | I91: * | J91: * | K91: 10b | L91: 0b | M91: 1b | N91: 01b | O91: 1b | P91: *b | Q91: 1 | R91: TT_ON | S91: 点灯 | T91: - | U91: - | W91: -
B92: バルブチェック + 終了 + ACT + NE200rom未満 + 禁止 + * + 前回WRN_FLSH | C92: * | D92: * | E92: * | F92: * | G92: * | H92: * | I92: * | J92: * | K92: 10b | L92: 0b | M92: 1b | N92: 01b | O92: 1b | P92: *b | Q92: 10 | R92: TT_ON | S92: 点灯 | T92: - | U92: - | W92: -
B93: バルブチェック + 終了 + ACT + NE200rom未満 + 禁止 + * + 前回UNKNOWN | C93: * | D93: * | E93: * | F93: * | G93: * | H93: * | I93: * | J93: * | K93: 10b | L93: 0b | M93: 1b | N93: 01b | O93: 1b | P93: *b | Q93: 11 | R93: TT_ON | S93: 点灯 | T93: - | U93: - | W93: -
B94: バルブチェック + 終了 + ACT + NE200rom未満 + 禁止 + * + 前回UNKNOWN | C94: * | D94: * | E94: * | F94: * | G94: * | H94: * | I94: * | J94: * | K94: 10b | L94: 0b | M94: 1b | N94: 01b | O94: 1b | P94: *b | Q94: 1**b | R94: TT_ON | S94: 点灯 | T94: - | U94: - | W94: -
B95: バルブチェック + 終了 + ACT + NE400rpm10秒以上経過 + 許可 + ディレイ未経過 + 前回TT_ON | C95: * | D95: * | E95: * | F95: * | G95: * | H95: * | I95: * | J95: * | K95: 10b | L95: 0b | M95: 1b | N95: 10b | O95: 0b | P95: 0b | Q95: 0 | R95: TT_ON | S95: 点灯 | T95: - | U95: - | W95: -
B96: バルブチェック + 終了 + ACT + NE400rpm10秒以上経過 + 許可 + ディレイ未経過 + 前回WRN_ON | C96: * | D96: * | E96: * | F96: * | G96: * | H96: * | I96: * | J96: * | K96: 10b | L96: 0b | M96: 1b | N96: 10b | O96: 0b | P96: 0b | Q96: 1 | R96: TT_ON | S96: 点灯 | T96: - | U96: - | W96: -
B97: バルブチェック + 終了 + ACT + NE400rpm10秒以上経過 + 許可 + ディレイ未経過 + 前回WRN_FLSH | C97: * | D97: * | E97: * | F97: * | G97: * | H97: * | I97: * | J97: * | K97: 10b | L97: 0b | M97: 1b | N97: 10b | O97: 0b | P97: 0b | Q97: 10 | R97: TT_ON | S97: 点灯 | T97: - | U97: - | W97: -
B98: バルブチェック + 終了 + ACT + NE400rpm10秒以上経過 + 許可 + ディレイ未経過 + 前回WRN_OFF | C98: * | D98: * | E98: * | F98: * | G98: * | H98: * | I98: * | J98: * | K98: 10b | L98: 0b | M98: 1b | N98: 10b | O98: 0b | P98: 0b | Q98: 11 | R98: TT_ON | S98: 点灯 | T98: - | U98: - | W98: -
B99: バルブチェック + 終了 + ACT + NE400rpm10秒以上経過 + 許可 + ディレイ未経過 + 前回UNKNOWN | C99: * | D99: * | E99: * | F99: * | G99: * | H99: * | I99: * | J99: * | K99: 10b | L99: 0b | M99: 1b | N99: 10b | O99: 0b | P99: 0b | Q99: 1**b | R99: TT_ON | S99: 点灯 | T99: - | U99: - | W99: -
B100: バルブチェック + 終了 + ACT + NE400rpm10秒以上経過 + 許可 + ディレイ経過 + * | C100: * | D100: * | E100: * | F100: * | G100: * | H100: * | I100: * | J100: * | K100: 10b | L100: 0b | M100: 1b | N100: 10b | O100: 0b | P100: 1b | Q100: ***b | R100: TT_ON | S100: 点灯 | T100: - | U100: - | W100: -
B101: バルブチェック + 終了 + ACT + NE400rpm10秒以上経過 + 禁止 + ディレイ未経過 + 前回TT_ON | C101: * | D101: * | E101: * | F101: * | G101: * | H101: * | I101: * | J101: * | K101: 10b | L101: 0b | M101: 1b | N101: 10b | O101: 1b | P101: 0b | Q101: 0 | R101: TT_ON | S101: 点灯 | T101: - | U101: - | W101: -
B102: バルブチェック + 終了 + ACT + NE400rpm10秒以上経過 + 禁止 + ディレイ未経過 + 前回WRN_ON | C102: * | D102: * | E102: * | F102: * | G102: * | H102: * | I102: * | J102: * | K102: 10b | L102: 0b | M102: 1b | N102: 10b | O102: 1b | P102: 0b | Q102: 1 | R102: TT_ON | S102: 点灯 | T102: - | U102: - | W102: -
B103: バルブチェック + 終了 + ACT + NE400rpm10秒以上経過 + 禁止 + ディレイ未経過 + 前回WRN_FLSH | C103: * | D103: * | E103: * | F103: * | G103: * | H103: * | I103: * | J103: * | K103: 10b | L103: 0b | M103: 1b | N103: 10b | O103: 1b | P103: 0b | Q103: 10 | R103: TT_ON | S103: 点灯 | T103: - | U103: - | W103: -
B104: バルブチェック + 終了 + ACT + NE400rpm10秒以上経過 + 禁止 + ディレイ未経過 + 前回WRN_OFF | C104: * | D104: * | E104: * | F104: * | G104: * | H104: * | I104: * | J104: * | K104: 10b | L104: 0b | M104: 1b | N104: 10b | O104: 1b | P104: 0b | Q104: 11 | R104: TT_ON | S104: 点灯 | T104: - | U104: - | W104: -
B105: バルブチェック + 終了 + ACT + NE400rpm10秒以上経過 + 禁止 + ディレイ未経過 + 前回UNKNOWN | C105: * | D105: * | E105: * | F105: * | G105: * | H105: * | I105: * | J105: * | K105: 10b | L105: 0b | M105: 1b | N105: 10b | O105: 1b | P105: 0b | Q105: 1**b | R105: TT_ON | S105: 点灯 | T105: - | U105: - | W105: -
B106: バルブチェック + 終了 + ACT + NE400rpm10秒以上経過 + 禁止 + ディレイ経過 + * | C106: * | D106: * | E106: * | F106: * | G106: * | H106: * | I106: * | J106: * | K106: 10b | L106: 0b | M106: 1b | N106: 10b | O106: 1b | P106: 1b | Q106: ***b | R106: TT_ON | S106: 点灯 | T106: - | U106: - | W106: -
B107: バルブチェック + 継続 + INACT + * + * + * + * | C107: * | D107: * | E107: * | F107: * | G107: * | H107: * | I107: * | J107: * | K107: 10b | L107: 1b | M107: 0b | N107: **b | O107: *b | P107: *b | Q107: ***b | R107: TT_ON | S107: 点灯 | T107: - | U107: - | W107: -
B108: バルブチェック + 継続 + ACT + NE未成立 + 許可 + * + 前回TT_ON | C108: * | D108: * | E108: * | F108: * | G108: * | H108: * | I108: * | J108: * | K108: 10b | L108: 1b | M108: 1b | N108: 00b | O108: 0b | P108: *b | Q108: 0 | R108: TT_ON | S108: 点灯 | T108: - | U108: - | W108: -
...

Sheet Reference2(RPM)
B2: ※1：エンジン回転数判定
F3: Judgment
B4: 種類 | C4: 他ドメイン情報 | E4: 内部データ | F4: 内部データ
B5: 有効電源状態 | C5: - | D5: - | E5: - | F5: -
B6: 端子名称/ メッセージラベル | C6: エンジン回転数情報戻り値 | D6: エンジン回転数情報 | E6: 400rpm以上経過時間 | F6: エンジン回転数レンジ
B7: 信号名(データラベル) | C7: NE1_STS | D7: NE1 | E7: NE1_HI_ELAPS | F7: RPM
B8: 取り得る値 | C8: Valid(00b)/ Unknown(01b)/ Invalid(10b)/ Invalid&Unknown(11b) | D8: NE1 < 200rpm(00b)/ 200rpm <= NE1 < 400rpm(01b)/ 400rpm <= NE1(10b) | E8: 10秒未経過(0b)/ 10秒経過(1b) | F8: RPM_UNK/ RPM_LO/ RPM_HI
B9: Valid + 200rpm未満 | C9: 00b | D9: 00b | E9: *b | F9: RPM_LO
B10: Valid + 200rpm <= NE1 < 400rpm | C10: 00b | D10: 01b | E10: *b | F10: RPM_UNK
B11: Valid + 400rpm <= NE1 + 時間未経過 | C11: 00b | D11: 10b | E11: 0b | F11: RPM_UNK
B12: Valid + 400rpm <= NE1 + 時間経過 | C12: 00b | D12: 10b | E12: 1b | F12: RPM_HI
B13: Unknown | C13: 01b | D13: **b | E13: *b | F13: RPM_LO
B14: Invalid + 時間未経過 | C14: 10b | D14: **b | E14: 0b | F14: RPM_UNK
B15: Invalid + 時間経過 | C15: 10b | D15: **b | E15: 1b | F15: RPM_HI
B16: Invalid&Unknown + 時間未経過 | C16: 11b | D16: **b | E16: 0b | F16: RPM_UNK
B17: Invalid&Unknown + 時間経過 | C17: 11b | D17: **b | E17: 1b | F17: RPM_HI
B38: ※2：状態遷移図(TT/PD) | J38: 状態遷移表(TT/PD)
B40: ※IG-ONを前提とする
J41: イベント | O41: 状態
J42: OP_SW | K42: IGP_PDC | L42: RPM | M42: ORMOPSINH/ MOPSINH | N42: １000ms経過 | O42: UNKNOWN | P42: TT_ON | Q42: WRN_FLSH | R42: WRN_ON | S42: WRN_OFF
J43: INACT | K43: 終了 | L43: RPM_LO | M43: 許可 | N43: FALSE | O43: UNKNOWN | P43: UNKNOWN | Q43: UNKNOWN | R43: UNKNOWN | S43: UNKNOWN
J44: INACT | K44: 終了 | L44: RPM_LO | M44: 許可 | N44: TRUE | O44: UNKNOWN | P44: UNKNOWN | Q44: UNKNOWN | R44: UNKNOWN | S44: UNKNOWN
J45: INACT | K45: 終了 | L45: RPM_LO | M45: 禁止 | N45: FALSE | O45: UNKNOWN | P45: UNKNOWN | Q45: UNKNOWN | R45: UNKNOWN | S45: UNKNOWN
J46: INACT | K46: 終了 | L46: RPM_LO | M46: 禁止 | N46: TRUE | O46: UNKNOWN | P46: UNKNOWN | Q46: UNKNOWN | R46: UNKNOWN | S46: UNKNOWN
J47: INACT | K47: 終了 | L47: RPM_HI | M47: 許可 | N47: FALSE | O47: UNKNOWN | P47: UNKNOWN | Q47: UNKNOWN | R47: UNKNOWN | S47: UNKNOWN
J48: INACT | K48: 終了 | L48: RPM_HI | M48: 許可 | N48: TRUE | O48: UNKNOWN | P48: UNKNOWN | Q48: UNKNOWN | R48: UNKNOWN | S48: UNKNOWN
J49: INACT | K49: 終了 | L49: RPM_HI | M49: 禁止 | N49: FALSE | O49: UNKNOWN | P49: UNKNOWN | Q49: UNKNOWN | R49: UNKNOWN | S49: UNKNOWN
J50: INACT | K50: 終了 | L50: RPM_HI | M50: 禁止 | N50: TRUE | O50: UNKNOWN | P50: UNKNOWN | Q50: UNKNOWN | R50: UNKNOWN | S50: UNKNOWN
J51: INACT | K51: 開始 | L51: RPM_LO | M51: 許可 | N51: FALSE | O51: UNKNOWN | P51: UNKNOWN | Q51: UNKNOWN | R51: UNKNOWN | S51: UNKNOWN
J52: INACT | K52: 開始 | L52: RPM_LO | M52: 許可 | N52: TRUE | O52: UNKNOWN | P52: UNKNOWN | Q52: UNKNOWN | R52: UNKNOWN | S52: UNKNOWN
J53: INACT | K53: 開始 | L53: RPM_LO | M53: 禁止 | N53: FALSE | O53: UNKNOWN | P53: UNKNOWN | Q53: UNKNOWN | R53: UNKNOWN | S53: UNKNOWN
J54: INACT | K54: 開始 | L54: RPM_LO | M54: 禁止 | N54: TRUE | O54: UNKNOWN | P54: UNKNOWN | Q54: UNKNOWN | R54: UNKNOWN | S54: UNKNOWN
... J74: ACT | K74: 開始 | L74: RPM_HI | M74: 禁止 | N74: TRUE | O74: WRN_FLSH | P74: WRN_FLSH | Q74: WRN_FLSH | R74: WRN_FLSH | S74: WRN_FLSH

Sheet History
B2: Rev. | C2: =MAX(B4:B28) -> 20
B3: Rev. | C3: 変更者 | D3: テンプレート変更内容
B4: 0 | C4: 岩田 | D4: 新規作成
B5: 1 | C5: 岩田 | D5: ・Historyシートに変更者列を追加 ・ALERT_MTRX_NAMEがCH名ではなく、機能名で出力されるように修正 ・DSTテーブルの終端「};」の後ろに半角スペースが入らないように修正
B6: 2 | C6: MSE佐野 | D6: [表紙] バージョン表示用の数式修正
B7: 3 | C7: 岩田 | D7: [Matrix] ・選択できる初期化関数名修正 ・Matrix構造体名の欄を追加 ・機能名とCH名の文字数制限による条件付き書式を追加
B8: 4 | C8: MSE平出 | D8: [CH_Design] ・機能の電源状態を記載する欄を追加 ・「コメント」を「条件」に変更 [AIRBAG] テーブル作成シート ・Statusをリストから選択するように修正。 リストの元は、CH_DesignのStausを使用。
B9: 5 | C9: MSE鈴木大 | D9: [CH_Design] ・TT欄、BC欄の記載ルールをセルコメントとして追記。周期やDutyがわかるように変更。
B10: 6 | C10: 岩田 | D10: [AIRBAG] テーブル作成シート ・DST数に接尾語"U"を追加
B11: 7 | C11: MSE平出 | D11: [CH_Design] ・StatusでUNKNOWNを指定できるようにダミー行を追加
B12: 8 | C12: 岩田 | D12: [AIRBAG] テーブル作成シート ・64要素で出力させた際に、終端の"};"が出力されるように修正
B13: 9 | C13: 岩田 | D13: [AIRBAG] テーブル作成シート ・VOM CHKにIG OFF Bit追加
B14: 10 | C14: MSE内藤 | D14: [真理値表] 出力判定方法（Index or Matrix Search）を記載する欄を追加
B15: 11 | C15: 岩田 | D15: [真理値表] ・Referenceシートに命名変更 [Matrix] ・編集可能範囲設定 ・入力仕様情報追加 [CH_Design] ・編集可能範囲設定 [AIRBAG] ・Table利用方式を選択式に変更 ・Search Tableの凡例としてTT、Index Tableの凡例としてBCシートに命名変更し、新規作成
... B24: 20 | C24: MSE小澤 | D24: [はじめに] ・2.上位文書 #0 Alert設計資料 格納先パスを以下に変更 https://aip01.dndev.net/svn/aip/tmcapp/sd/evidence/trunk/02_Design/01_Vom/Alert/03_Component/alert_design.pptx ・2.上位文書 #1 LComSpec(warning.xlsx)を削除 [TT][BC] ・AU列の数式を修正(メンバがNULLの場合、NULLの定義名をvdp_PTR_NAに修正)
